rome,id,date_actualisation
D1301,211TQBG,2026-08-26
D1301,211TYWQ,2026-08-27
D1301,214GWZY,2026-09-23
D1301,214HHTF,2026-09-23
D1301,3627275,2026-07-22
D1301,3849395,2026-07-22
D1301,3879755,2026-07-22
D1301,4316665,2026-09-15
D1301,4759868,2026-07-14
D1301,5692263,2026-08-04
D1301,5851530,2026-08-08
D1301,6090055,2026-09-17
D1301,6798081,2026-09-10
D1301,6810819,2026-09-11
D1301,6810826,2026-09-11
D1301,6831833,2026-09-12
D1301,6832351,2026-09-12
D1301,6882111,2026-09-19
D1301,6882841,2026-09-15
D1301,6882862,2026-09-15
D1301,6882864,2026-09-15
D1301,6884178,2026-09-15
D1301,6884729,2026-09-15
D1301,6885084,2026-09-15
D1301,6885092,2026-09-15
D1301,6885095,2026-09-15
D1301,6886164,2026-09-15
D1301,6910817,2026-09-16
D1301,7005000,2026-09-18
D1301,7005025,2026-09-18
D1301,7005192,2026-09-18
D1301,7005261,2026-09-18
D1301,7005278,2026-09-18
D1301,7005320,2026-09-18
D1301,7005419,2026-09-18
D1301,7014235,2026-09-19
D1301,7105189,2026-09-23
D1301,7346050,2026-09-24
D1301,7346346,2026-09-24
D1302,205ZBXH,2026-08-28
D1302,206FMGN,2026-08-28
D1302,206SPPS,2026-09-22
D1302,206ZVHX,2026-09-18
D1302,208LLRN,2026-09-18
D1302,208PTLB,2026-09-22
D1302,208WMVZ,2026-09-22
D1302,208XZCF,2026-09-21
D1302,209DMSV,2026-09-04
D1302,209FHKX,2026-09-03
D1302,209QFDT,2026-09-14
D1302,209TKRM,2026-09-21
D1302,209VPVN,2026-09-22
D1302,209YLXV,2026-09-14
D1302,210BGMT,2026-09-22
D1302,210DTHC,2026-09-04
D1302,210FBPW,2026-09-08
D1302,210FCMT,2026-09-09
D1302,210FMJH,2026-09-09
D1302,210GBBF,2026-09-17
D1302,210GHTD,2026-09-16
D1302,210GXHK,2026-09-23
D1302,210HHWD,2026-09-24
D1302,210HJWD,2026-09-21
D1302,210HPNB,2026-09-21
D1302,210KJND,2026-09-01
D1302,210KVPR,2026-09-18
D1302,210MCDJ,2026-09-09
D1302,210MKXL,2026-09-24
D1302,210PWWX,2026-08-28
D1302,210SHNG,2026-09-14
D1302,210SJRB,2026-09-22
D1302,210VDBN,2026-07-17
D1302,210VHND,2026-09-11
D1302,210XTWB,2026-09-07
D1302,211BBPR,2026-09-04
D1302,211BXDH,2026-09-11
D1302,211CFMY,2026-09-23
D1302,211CNKS,2026-09-16
D1302,211FBZG,2026-09-23
D1302,211FJYF,2026-09-14
D1302,211HJNX,2026-09-11
D1302,211HJPD,2026-09-11
D1302,211HLSB,2026-09-21
D1302,211HNXB,2026-09-22
D1302,211HRGM,2026-09-04
D1302,211KXQX,2026-09-16
D1302,211KXRQ,2026-09-16
D1302,211KXSC,2026-09-16
D1302,211LGMS,2026-09-21
D1302,211LVPP,2026-09-18
D1302,211MBFG,2026-08-26
D1302,211PDCD,2026-09-02
D1302,211PLYY,2026-09-16
D1302,211PVDH,2026-09-24
D1302,211QJLQ,2026-09-14
D1302,211QQNG,2026-09-15
D1302,211QQYZ,2026-09-24
D1302,211QTXD,2026-09-16
D1302,211TKJQ,2026-08-26
D1302,211TKXD,2026-09-10
D1302,211TSGY,2026-09-23
D1302,211VHKF,2026-09-21
D1302,211VHLT,2026-09-21
D1302,211VHLW,2026-09-23
D1302,211VHMS,2026-09-21
D1302,211VHMT,2026-09-21
D1302,211VHTZ,2026-09-22
D1302,211VHWK,2026-09-22
D1302,211VHWP,2026-09-22
D1302,211VTYN,2026-09-08
D1302,211XCTG,2026-09-24
D1302,211XJBJ,2026-08-26
D1302,211XJGT,2026-09-24
D1302,211YCQG,2026-09-24
D1302,211YVSD,2026-09-16
D1302,211YWNV,2026-09-23
D1302,211ZCHL,2026-09-04
D1302,212BTFZ,2026-09-18
D1302,212CQDS,2026-09-15
D1302,212CRYK,2026-09-23
D1302,212DBRD,2026-09-24
D1302,212DJVP,2026-09-14
D1302,212FCFP,2026-09-14
D1302,212FCVX,2026-09-04
D1302,212FJMH,2026-09-04
D1302,212FMZR,2026-09-01
D1302,212FNDK,2026-09-01
D1302,212GVSF,2026-09-16
D1302,212JCCR,2026-09-16
D1302,212JLFQ,2026-09-21
D1302,212JMTG,2026-09-11
D1302,212JNBJ,2026-09-18
D1302,212JSFN,2026-09-04
D1302,212JXGQ,2026-09-21
D1302,212KGGC,2026-09-24
D1302,212KGPS,2026-09-24
D1302,212KGPY,2026-09-11
D1302,212KGRS,2026-09-24
D1302,212LKJP,2026-09-14
D1302,212LKKB,2026-09-14
D1302,212MFZB,2026-09-17
D1302,212NHZL,2026-09-03
D1302,212NJLT,2026-09-15
D1302,212NNHW,2026-09-23
D1302,212PDBV,2026-09-16
D1302,212PSTT,2026-09-16
D1302,212PTBB,2026-09-16
D1302,212PTDK,2026-09-16
D1302,212PWDP,2026-09-23
D1302,212QKDV,2026-09-16
D1302,212QMRF,2026-09-16
D1302,212QVND,2026-09-17
D1302,212RCXR,2026-09-14
D1302,212SFTF,2026-09-08
D1302,212SGCC,2026-09-15
D1302,212SJMR,2026-09-17
D1302,212SJNJ,2026-09-23
D1302,212SJPS,2026-09-23
D1302,212SJQL,2026-09-17
D1302,212SJQW,2026-09-24
D1302,212SJQX,2026-09-17
D1302,212SJQZ,2026-09-18
D1302,212SJRC,2026-09-17
D1302,212SJRF,2026-09-18
D1302,212SJRG,2026-09-17
D1302,212SJRJ,2026-09-21
D1302,212SJVG,2026-09-17
D1302,212SJVQ,2026-09-18
D1302,212SJWY,2026-09-21
D1302,212SKFT,2026-09-17
D1302,212SKFX,2026-09-17
D1302,212SKJM,2026-09-17
D1302,212SKJQ,2026-09-17
D1302,212SKJS,2026-09-17
D1302,212SKJY,2026-09-18
D1302,212SQMY,2026-09-21
D1302,212SQPD,2026-09-24
D1302,212STQN,2026-09-18
D1302,212SVGG,2026-09-18
D1302,212TBKG,2026-09-22
D1302,212TJCC,2026-09-18
D1302,212TRZC,2026-09-22
D1302,212TXCK,2026-09-21
D1302,212TYRX,2026-09-21
D1302,212TZYX,2026-09-24
D1302,212VCDW,2026-09-14
D1302,212VHNX,2026-09-22
D1302,212VJFK,2026-09-24
D1302,212VJYK,2026-09-24
D1302,212VKBV,2026-09-24
D1302,212VNMN,2026-09-24
D1302,212WBNH,2026-09-23
D1302,212WMHL,2026-09-23
D1302,212WTNG,2026-09-22
D1302,212WTXX,2026-09-18
D1302,212WWKB,2026-09-21
D1302,212WWRK,2026-09-18
D1302,212WXCS,2026-09-22
D1302,212WYJB,2026-09-16
D1302,212WYQT,2026-09-18
D1302,212WYVC,2026-09-23
D1302,212XDZY,2026-09-23
D1302,212XJRN,2026-09-22
D1302,212XJRV,2026-09-22
D1302,212XJRW,2026-09-23
D1302,212XSPK,2026-09-16
D1302,212XWNC,2026-09-24
D1302,212XYKR,2026-09-24
D1302,212XZFV,2026-09-18
D1302,212XZPT,2026-09-23
D1302,212YCTQ,2026-09-24
D1302,212YCVG,2026-09-14
D1302,212YGGC,2026-09-18
D1302,212YGJZ,2026-09-18
D1302,212YKSD,2026-09-04
D1302,212YLVG,2026-09-24
D1302,212YTYB,2026-09-17
D1302,212ZDBS,2026-09-14
D1302,212ZDTT,2026-09-23
D1302,212ZGHH,2026-09-24
D1302,212ZHFM,2026-09-12
D1302,212ZMRV,2026-09-08
D1302,212ZPFV,2026-09-21
D1302,212ZPWF,2026-09-24
D1302,212ZPZL,2026-09-12
D1302,212ZRMF,2026-09-12
D1302,212ZSXY,2026-09-11
D1302,213BGHW,2026-09-18
D1302,213BGML,2026-08-28
D1302,213BKKJ,2026-09-24
D1302,213BKPV,2026-09-24
D1302,213BKSB,2026-09-24
D1302,213BLFJ,2026-08-28
D1302,213BMCP,2026-09-24
D1302,213BMFH,2026-09-24
D1302,213BMZP,2026-09-24
D1302,213BNLW,2026-09-24
D1302,213BPMB,2026-09-24
D1302,213BPTM,2026-09-18
D1302,213BPYS,2026-09-23
D1302,213BPZG,2026-09-13
D1302,213BRDN,2026-09-24
D1302,213BRFD,2026-09-24
D1302,213BTJC,2026-09-24
D1302,213BTWW,2026-09-24
D1302,213BYMN,2026-09-16
D1302,213BYNB,2026-09-21
D1302,213CBCN,2026-09-21
D1302,213CBYZ,2026-09-11
D1302,213CHHM,2026-09-08
D1302,213CHHQ,2026-09-08
D1302,213CLMX,2026-08-31
D1302,213CMBH,2026-09-11
D1302,213CSGW,2026-09-21
D1302,213CSNT,2026-08-31
D1302,213CWJG,2026-08-31
D1302,213CXHS,2026-09-16
D1302,213CYMV,2026-09-18
D1302,213CYXB,2026-09-11
D1302,213DBBS,2026-09-21
D1302,213DBFB,2026-09-22
D1302,213DBXQ,2026-09-16
D1302,213DCPC,2026-09-24
D1302,213DCPD,2026-09-24
D1302,213DCPH,2026-09-21
D1302,213DCPJ,2026-09-01
D1302,213DCPK,2026-09-14
D1302,213DCPL,2026-09-22
D1302,213DCTG,2026-09-14
D1302,213DFZK,2026-09-24
D1302,213DGBT,2026-09-22
D1302,213DKWC,2026-09-21
D1302,213DNKG,2026-08-31
D1302,213DRBY,2026-09-11
D1302,213DRHJ,2026-09-16
D1302,213DTRX,2026-09-18
D1302,213DTRY,2026-09-16
D1302,213DTSB,2026-09-16
D1302,213DXRV,2026-09-01
D1302,213DZYX,2026-09-17
D1302,213FCGS,2026-09-01
D1302,213FCJX,2026-09-01
D1302,213FDXS,2026-09-17
D1302,213FFGK,2026-09-17
D1302,213FFHT,2026-09-17
D1302,213FGFJ,2026-09-21
D1302,213FGJQ,2026-09-22
D1302,213FGMH,2026-09-21
D1302,213FHNQ,2026-09-24
D1302,213FKSX,2026-09-24
D1302,213FMFZ,2026-09-21
D1302,213FMQF,2026-09-07
D1302,213FSSH,2026-09-17
D1302,213FSTJ,2026-09-17
D1302,213FTCZ,2026-09-23
D1302,213FVGF,2026-09-01
D1302,213FVKF,2026-09-17
D1302,213FXDB,2026-09-18
D1302,213FXTB,2026-09-21
D1302,213FYFJ,2026-09-01
D1302,213GCFJ,2026-09-21
D1302,213GCGF,2026-09-23
D1302,213GDCN,2026-09-23
D1302,213GJCZ,2026-09-24
D1302,213GJXG,2026-09-18
D1302,213GNQJ,2026-09-24
D1302,213GWSF,2026-09-03
D1302,213HGCN,2026-09-22
D1302,213HGHS,2026-09-22
D1302,213HGZR,2026-09-18
D1302,213HKHQ,2026-09-03
D1302,213HLFW,2026-09-18
D1302,213HLMC,2026-09-20
D1302,213HLQY,2026-09-18
D1302,213HLVR,2026-09-15
D1302,213HLXL,2026-09-19
D1302,213HMFQ,2026-09-18
D1302,213HMJS,2026-09-24
D1302,213HNGP,2026-09-24
D1302,213HPWJ,2026-09-03
D1302,213HRCW,2026-09-19
D1302,213HSRR,2026-09-21
D1302,213HVBX,2026-09-24
D1302,213HWBK,2026-09-22
D1302,213HWJC,2026-09-14
D1302,213JBGD,2026-09-23
D1302,213JBNP,2026-09-15
D1302,213JBTQ,2026-09-23
D1302,213JCCC,2026-09-24
D1302,213JCNZ,2026-09-23
D1302,213JTBZ,2026-09-04
D1302,213JTPW,2026-09-24
D1302,213JTXD,2026-09-23
D1302,213JVDR,2026-09-19
D1302,213JVKG,2026-09-19
D1302,213JVPJ,2026-09-23
D1302,213JVRR,2026-09-04
D1302,213JVTV,2026-09-04
D1302,213JWFN,2026-09-04
D1302,213JXSC,2026-09-19
D1302,213KBCS,2026-09-20
D1302,213KDHQ,2026-09-22
D1302,213KFYX,2026-09-22
D1302,213KHQK,2026-09-16
D1302,213KHRX,2026-09-16
D1302,213KHYT,2026-09-16
D1302,213KJBC,2026-09-16
D1302,213KJCB,2026-09-16
D1302,213KKRK,2026-09-20
D1302,213KKRL,2026-09-20
D1302,213KPZL,2026-09-22
D1302,213KSHY,2026-09-22
D1302,213KTRB,2026-09-23
D1302,213KXDS,2026-09-20
D1302,213KXTK,2026-09-20
D1302,213KYYJ,2026-09-20
D1302,213LCHL,2026-09-07
D1302,213LFYH,2026-09-14
D1302,213LGKX,2026-09-07
D1302,213LJPZ,2026-09-07
D1302,213LKCN,2026-09-07
D1302,213LKCP,2026-09-07
D1302,213LKGK,2026-09-23
D1302,213LLRX,2026-09-23
D1302,213LMMX,2026-09-20
D1302,213LNDX,2026-09-21
D1302,213LNFD,2026-09-21
D1302,213LQQR,2026-09-07
D1302,213LQQS,2026-09-23
D1302,213LXWY,2026-09-17
D1302,213LYSW,2026-09-23
D1302,213LZTS,2026-09-23
D1302,213LZXY,2026-09-23
D1302,213LZZD,2026-09-23
D1302,213MDWS,2026-09-23
D1302,213MGWR,2026-09-07
D1302,213MGZK,2026-09-07
D1302,213MHBH,2026-09-07
D1302,213MHCW,2026-09-23
D1302,213MHLW,2026-09-08
D1302,213MKCH,2026-09-07
D1302,213MKKT,2026-09-07
D1302,213MKLN,2026-09-23
D1302,213MKLW,2026-09-07
D1302,213MLZH,2026-09-23
D1302,213MMMB,2026-09-23
D1302,213MMVS,2026-09-23
D1302,213MNSK,2026-09-08
D1302,213MNYW,2026-09-23
D1302,213MPZY,2026-09-23
D1302,213MQKG,2026-09-23
D1302,213MRSC,2026-09-07
D1302,213MVBR,2026-09-09
D1302,213MWWN,2026-09-23
D1302,213MWYN,2026-09-07
D1302,213MXJG,2026-09-07
D1302,213NCJC,2026-09-22
D1302,213NFVC,2026-09-17
D1302,213NGYJ,2026-09-24
D1302,213NHWW,2026-09-24
D1302,213NLFD,2026-09-22
D1302,213NMZK,2026-09-24
D1302,213NNPP,2026-09-24
D1302,213NPQY,2026-09-08
D1302,213NYJF,2026-09-08
D1302,213NYNZ,2026-09-24
D1302,213NYSH,2026-09-24
D1302,213NYVC,2026-09-24
D1302,213NZVT,2026-09-09
D1302,213PBPK,2026-09-23
D1302,213PFJR,2026-09-09
D1302,213PFSW,2026-09-11
D1302,213PJRQ,2026-09-09
D1302,213PJTC,2026-09-09
D1302,213PKHD,2026-09-24
D1302,213PKND,2026-09-09
D1302,213PLRL,2026-09-08
D1302,213PMGP,2026-09-24
D1302,213PNGT,2026-09-24
D1302,213PNJN,2026-09-24
D1302,213PVFQ,2026-09-11
D1302,213PVKN,2026-09-22
D1302,213PVVT,2026-09-09
D1302,213PYMG,2026-09-24
D1302,213QBJL,2026-09-09
D1302,213QDJW,2026-09-22
D1302,213QDQJ,2026-09-22
D1302,213QDTF,2026-09-22
D1302,213QDZL,2026-09-09
D1302,213QFTK,2026-09-11
D1302,213QHGS,2026-09-09
D1302,213QHHC,2026-09-09
D1302,213QHVZ,2026-09-10
D1302,213QHWL,2026-09-14
D1302,213QJLN,2026-09-10
D1302,213QJLP,2026-09-10
D1302,213QJSC,2026-09-15
D1302,213QKFY,2026-09-09
D1302,213QLCT,2026-09-09
D1302,213QMQR,2026-09-23
D1302,213QMVL,2026-09-23
D1302,213QMYV,2026-09-23
D1302,213QNMM,2026-09-09
D1302,213QNMR,2026-09-09
D1302,213QNQH,2026-09-10
D1302,213QPFG,2026-09-09
D1302,213QQML,2026-09-16
D1302,213QQYN,2026-09-16
D1302,213QTFG,2026-09-10
D1302,213QVKC,2026-09-09
D1302,213QVVY,2026-09-21
D1302,213QVWD,2026-09-10
D1302,213QVWP,2026-09-21
D1302,213QVWV,2026-09-21
D1302,213QVXX,2026-09-15
D1302,213QXHS,2026-09-10
D1302,213QZPL,2026-09-10
D1302,213RCZM,2026-09-10
D1302,213RDGL,2026-09-23
D1302,213RKRP,2026-09-10
D1302,213RKVM,2026-09-23
D1302,213RMSQ,2026-09-16
D1302,213RNQH,2026-09-21
D1302,213RQLW,2026-09-22
D1302,213RTFF,2026-09-11
D1302,213RWZQ,2026-09-10
D1302,213RZZG,2026-09-23
D1302,213SBNJ,2026-09-10
D1302,213SDSM,2026-09-23
D1302,213SFBC,2026-09-11
D1302,213SGLT,2026-09-22
D1302,213SGRR,2026-09-21
D1302,213SGRT,2026-09-11
D1302,213SPQM,2026-09-16
D1302,213SPYK,2026-09-15
D1302,213SRFY,2026-09-11
D1302,213SVBN,2026-09-22
D1302,213SVKF,2026-09-11
D1302,213SVVV,2026-09-11
D1302,213SWRW,2026-09-14
D1302,213SYST,2026-09-11
D1302,213SZPN,2026-09-11
D1302,213SZRR,2026-09-11
D1302,213SZYY,2026-09-11
D1302,213TDTR,2026-09-11
D1302,213THTY,2026-09-11
D1302,213TJBD,2026-09-14
D1302,213TMCD,2026-09-14
D1302,213TMLM,2026-09-14
D1302,213TMSF,2026-09-23
D1302,213TNFX,2026-09-22
D1302,213TPBL,2026-09-18
D1302,213TVCG,2026-09-24
D1302,213TVDD,2026-09-14
D1302,213TVLG,2026-09-12
D1302,213TVNY,2026-09-14
D1302,213TWYS,2026-09-14
D1302,213TXKK,2026-09-18
D1302,213TXSC,2026-09-18
D1302,213TXXH,2026-09-18
D1302,213TYFB,2026-09-21
D1302,213VBDL,2026-09-14
D1302,213VBGW,2026-09-17
D1302,213VBXH,2026-09-15
D1302,213VBZM,2026-09-23
D1302,213VCGZ,2026-09-14
D1302,213VCJN,2026-09-14
D1302,213VCRF,2026-09-23
D1302,213VCTH,2026-09-14
D1302,213VFGR,2026-09-17
D1302,213VFVR,2026-09-15
D1302,213VLWT,2026-09-23
D1302,213VMFB,2026-09-16
D1302,213VMQY,2026-09-14
D1302,213VNZH,2026-09-14
D1302,213VPCX,2026-09-14
D1302,213VRJK,2026-09-14
D1302,213VSTM,2026-09-24
D1302,213VYQD,2026-09-14
D1302,213WDGJ,2026-09-14
D1302,213WDZP,2026-09-15
D1302,213WGFB,2026-09-15
D1302,213WMPV,2026-09-24
D1302,213WNFM,2026-09-22
D1302,213WNGB,2026-09-17
D1302,213WPLR,2026-09-15
D1302,213WSYY,2026-09-18
D1302,213WVMJ,2026-09-15
D1302,213WWRX,2026-09-15
D1302,213WXSJ,2026-09-24
D1302,213WYQF,2026-09-15
D1302,213WZVF,2026-09-15
D1302,213XBJS,2026-09-15
D1302,213XBPK,2026-09-24
D1302,213XCJT,2026-09-15
D1302,213XDBH,2026-09-15
D1302,213XFBW,2026-09-15
D1302,213XFQY,2026-09-15
D1302,213XFRY,2026-09-15
D1302,213XFSP,2026-09-15
D1302,213XFTR,2026-09-15
D1302,213XFVF,2026-09-15
D1302,213XGMC,2026-09-15
D1302,213XGPS,2026-09-15
D1302,213XGRY,2026-09-15
D1302,213XHLS,2026-09-16
D1302,213XKWX,2026-09-16
D1302,213XNKM,2026-09-23
D1302,213XQXX,2026-09-16
D1302,213XQYB,2026-09-16
D1302,213XRBK,2026-09-16
D1302,213XSQW,2026-09-22
D1302,213XSQZ,2026-09-15
D1302,213XTGG,2026-09-15
D1302,213XVFL,2026-09-17
D1302,213XXYX,2026-09-16
D1302,213XZBH,2026-09-17
D1302,213XZPS,2026-09-18
D1302,213YBFV,2026-09-17
D1302,213YBVQ,2026-09-17
D1302,213YCFW,2026-09-16
D1302,213YGLD,2026-09-18
D1302,213YJWW,2026-09-21
D1302,213YLKM,2026-09-23
D1302,213YMRK,2026-09-23
D1302,213YNND,2026-09-16
D1302,213YQGF,2026-09-16
D1302,213YQZR,2026-09-16
D1302,213YSKP,2026-09-16
D1302,213YSKY,2026-09-16
D1302,213YTBG,2026-09-24
D1302,213YVHT,2026-09-16
D1302,213YWPJ,2026-09-17
D1302,213YWRM,2026-09-17
D1302,213YWTW,2026-09-23
D1302,213YXCV,2026-09-17
D1302,213YXLW,2026-09-17
D1302,213YXQR,2026-09-16
D1302,213YYBF,2026-09-17
D1302,213YZGM,2026-09-24
D1302,213ZBDY,2026-09-17
D1302,213ZHHC,2026-09-17
D1302,213ZJJT,2026-09-17
D1302,213ZJPD,2026-09-24
D1302,213ZJSZ,2026-09-21
D1302,213ZKGD,2026-09-21
D1302,213ZKMT,2026-09-17
D1302,213ZKRT,2026-09-17
D1302,213ZKYJ,2026-09-17
D1302,213ZPLC,2026-09-22
D1302,213ZQLR,2026-09-21
D1302,213ZQVX,2026-09-24
D1302,213ZQYG,2026-09-17
D1302,213ZQYP,2026-09-18
D1302,213ZQYX,2026-09-23
D1302,213ZRLY,2026-09-17
D1302,213ZWPT,2026-09-23
D1302,213ZWSY,2026-09-18
D1302,213ZWYJ,2026-09-17
D1302,213ZXGX,2026-09-17
D1302,213ZXKF,2026-09-17
D1302,213ZYGG,2026-09-17
D1302,213ZYVH,2026-09-17
D1302,213ZYZQ,2026-09-17
D1302,213ZZLZ,2026-09-17
D1302,213ZZTQ,2026-09-17
D1302,213ZZXQ,2026-09-17
D1302,213ZZYT,2026-09-17
D1302,214BBCR,2026-09-18
D1302,214BBLF,2026-09-17
D1302,214BDMP,2026-09-17
D1302,214BGWK,2026-09-17
D1302,214BGXJ,2026-09-17
D1302,214BKWS,2026-09-21
D1302,214BLPK,2026-09-23
D1302,214BNTX,2026-09-21
D1302,214BPJS,2026-09-18
D1302,214BQWY,2026-09-21
D1302,214BQXX,2026-09-21
D1302,214BQYH,2026-09-24
D1302,214BQZJ,2026-09-21
D1302,214BRKG,2026-09-18
D1302,214BSBK,2026-09-18
D1302,214BSDF,2026-09-18
D1302,214BSLC,2026-09-18
D1302,214BSMC,2026-09-18
D1302,214BTBM,2026-09-18
D1302,214BTRF,2026-09-23
D1302,214BWHM,2026-09-22
D1302,214BWTQ,2026-09-18
D1302,214BXSG,2026-09-18
D1302,214BYMV,2026-09-21
D1302,214BZGT,2026-09-18
D1302,214BZKM,2026-09-18
D1302,214BZWP,2026-09-18
D1302,214CBJS,2026-09-21
D1302,214CFHF,2026-09-18
D1302,214CJBQ,2026-09-21
D1302,214CJWM,2026-09-23
D1302,214CJWX,2026-09-18
D1302,214CLXZ,2026-09-21
D1302,214CMBJ,2026-09-22
D1302,214CNMM,2026-09-22
D1302,214CNNM,2026-09-22
D1302,214CPNG,2026-09-18
D1302,214CPYR,2026-09-21
D1302,214CPYS,2026-09-21
D1302,214CQCM,2026-09-18
D1302,214CTMP,2026-09-21
D1302,214CVFX,2026-09-24
D1302,214CYTG,2026-09-21
D1302,214CZKM,2026-09-21
D1302,214CZLH,2026-09-21
D1302,214DFHC,2026-09-21
D1302,214DFLY,2026-09-21
D1302,214DGVB,2026-09-22
D1302,214DMKV,2026-09-22
D1302,214DMSM,2026-09-21
D1302,214DNHJ,2026-09-21
D1302,214DNYG,2026-09-22
D1302,214DPCC,2026-09-21
D1302,214DPZG,2026-09-21
D1302,214DQKW,2026-09-22
D1302,214DQLW,2026-09-22
D1302,214DRQR,2026-09-21
D1302,214DRYW,2026-09-22
D1302,214DSDV,2026-09-21
D1302,214DSTM,2026-09-21
D1302,214DTTM,2026-09-23
D1302,214DWWT,2026-09-22
D1302,214DYQV,2026-09-21
D1302,214DZBM,2026-09-21
D1302,214DZPQ,2026-09-22
D1302,214FDMK,2026-09-22
D1302,214FJBD,2026-09-22
D1302,214FKWS,2026-09-22
D1302,214FLNK,2026-09-22
D1302,214FLVB,2026-09-22
D1302,214FMVK,2026-09-23
D1302,214FNMY,2026-09-22
D1302,214FNNJ,2026-09-22
D1302,214FNYG,2026-09-22
D1302,214FQCJ,2026-09-22
D1302,214FRMP,2026-09-22
D1302,214FWKB,2026-09-22
D1302,214FWKH,2026-09-22
D1302,214FWZT,2026-09-22
D1302,214FXRZ,2026-09-22
D1302,214GBFW,2026-09-23
D1302,214GCHX,2026-09-22
D1302,214GDBD,2026-09-23
D1302,214GDQT,2026-09-23
D1302,214GGCR,2026-09-23
D1302,214GGLN,2026-09-23
D1302,214GGXF,2026-09-23
D1302,214GHYH,2026-09-22
D1302,214GJKD,2026-09-23
D1302,214GJVM,2026-09-22
D1302,214GMMH,2026-09-22
D1302,214GMWG,2026-09-23
D1302,214GNCW,2026-09-23
D1302,214GNXF,2026-09-22
D1302,214GPKQ,2026-09-23
D1302,214GPKR,2026-09-23
D1302,214GPKZ,2026-09-23
D1302,214GQQZ,2026-09-22
D1302,214GRZL,2026-09-23
D1302,214GSJL,2026-09-23
D1302,214GSKN,2026-09-23
D1302,214GSLP,2026-09-24
D1302,214GSLZ,2026-09-24
D1302,214GSML,2026-09-24
D1302,214GTKL,2026-09-23
D1302,214GTSF,2026-09-23
D1302,214GTSY,2026-09-23
D1302,214GVNJ,2026-09-24
D1302,214GWNK,2026-09-23
D1302,214GWNM,2026-09-23
D1302,214GXQM,2026-09-23
D1302,214GXXW,2026-09-24
D1302,214GYCJ,2026-09-23
D1302,214GYXF,2026-09-23
D1302,214GZFF,2026-09-23
D1302,214HCCM,2026-09-23
D1302,214HCLF,2026-09-23
D1302,214HDPR,2026-09-24
D1302,214HDVQ,2026-09-23
D1302,214HFHM,2026-09-23
D1302,214HGSY,2026-09-24
D1302,214HHCT,2026-09-24
D1302,214HJBK,2026-09-23
D1302,214HKVY,2026-09-23
D1302,214HLKP,2026-09-23
D1302,214HLQF,2026-09-23
D1302,214HMBD,2026-09-23
D1302,214HNJS,2026-09-23
D1302,214HPCZ,2026-09-23
D1302,214HSFV,2026-09-23
D1302,214HSRM,2026-09-23
D1302,214HSYT,2026-09-23
D1302,214HTMY,2026-09-24
D1302,214HTYL,2026-09-24
D1302,214HVGD,2026-09-23
D1302,214HVYW,2026-09-23
D1302,214HWGN,2026-09-23
D1302,214HWHX,2026-09-23
D1302,214HWJS,2026-09-23
D1302,214HWJV,2026-09-23
D1302,214HWXN,2026-09-23
D1302,214HXMH,2026-09-23
D1302,214HYCS,2026-09-23
D1302,214HZHJ,2026-09-24
D1302,214HZHK,2026-09-24
D1302,214JBDN,2026-09-24
D1302,214JCGM,2026-09-24
D1302,214JDFS,2026-09-24
D1302,214JGLK,2026-09-24
D1302,214JGNG,2026-09-24
D1302,214JHBL,2026-09-24
D1302,214JHCW,2026-09-24
D1302,214JHJQ,2026-09-24
D1302,214JHMS,2026-09-24
D1302,214JKDL,2026-09-24
D1302,214JLMC,2026-09-24
D1302,214JMCT,2026-09-24
D1302,214JMDS,2026-09-24
D1302,214JMGR,2026-09-24
D1302,214JNPQ,2026-09-24
D1302,214JNQT,2026-09-24
D1302,214JPCF,2026-09-24
D1302,214JRMZ,2026-09-24
D1302,214JSHQ,2026-09-24
D1302,214JSRJ,2026-09-24
D1302,214JSRP,2026-09-24
D1302,214JVBD,2026-09-24
D1302,214JWNJ,2026-09-24
D1302,214JWZN,2026-09-24
D1302,214JXFD,2026-09-24
D1302,214JXLM,2026-09-24
D1302,214JZBZ,2026-09-24
D1302,214JZFQ,2026-09-24
D1302,6776312,2026-09-09
D1302,6776326,2026-09-09
D1302,6777632,2026-09-10
D1302,6778321,2026-09-10
D1302,6778686,2026-09-10
D1302,6778710,2026-09-15
D1302,6779379,2026-09-10
D1302,6779508,2026-09-10
D1302,6779513,2026-09-10
D1302,6779526,2026-09-10
D1302,6779544,2026-09-10
D1302,6779549,2026-09-10
D1302,6780755,2026-09-19
D1302,6780827,2026-09-10
D1302,6780932,2026-09-18
D1302,6780968,2026-09-18
D1302,6781565,2026-09-25
D1302,6783385,2026-09-10
D1302,6798193,2026-09-10
D1302,6798450,2026-09-10
D1302,6799531,2026-09-11
D1302,6803264,2026-09-10
D1302,6804388,2026-09-10
D1302,6804578,2026-09-10
D1302,6804905,2026-09-10
D1302,6805793,2026-09-10
D1302,6807012,2026-09-11
D1302,6807038,2026-09-11
D1302,6807055,2026-09-11
D1302,6807602,2026-09-11
D1302,6807982,2026-09-11
D1302,6808314,2026-09-11
D1302,6809105,2026-09-23
D1302,6822703,2026-09-11
D1302,6824445,2026-09-12
D1302,6824614,2026-09-12
D1302,6826110,2026-09-11
D1302,6827355,2026-09-11
D1302,6831663,2026-09-12
D1302,6831672,2026-09-12
D1302,6831685,2026-09-12
D1302,6831697,2026-09-12
D1302,6831700,2026-09-12
D1302,6832150,2026-09-12
D1302,6832196,2026-09-22
D1302,6832567,2026-09-12
D1302,6832810,2026-09-12
D1302,6832887,2026-09-12
D1302,6845719,2026-09-12
D1302,6845727,2026-09-12
D1302,6846095,2026-09-12
D1302,6849809,2026-09-12
D1302,6856558,2026-09-13
D1302,6860430,2026-09-14
D1302,6860444,2026-09-14
D1302,6862795,2026-09-15
D1302,6863022,2026-09-15
D1302,6863120,2026-09-15
D1302,6863318,2026-09-15
D1302,6865301,2026-09-14
D1302,6866555,2026-09-15
D1302,6866572,2026-09-15
D1302,6866574,2026-09-15
D1302,6866576,2026-09-15
D1302,6866586,2026-09-15
D1302,6866593,2026-09-15
D1302,6866641,2026-09-15
D1302,6866648,2026-09-15
D1302,6881754,2026-09-15
D1302,6882115,2026-09-20
D1302,6882155,2026-09-21
D1302,6882775,2026-09-15
D1302,6882833,2026-09-15
D1302,6883669,2026-09-15
D1302,6883710,2026-09-15
D1302,6884211,2026-09-15
D1302,6884765,2026-09-15
D1302,6884767,2026-09-15
D1302,6884768,2026-09-15
D1302,6884777,2026-09-15
D1302,6884782,2026-09-15
D1302,6884793,2026-09-15
D1302,6884816,2026-09-15
D1302,6884830,2026-09-15
D1302,6884833,2026-09-15
D1302,6888157,2026-09-15
D1302,6894752,2026-09-15
D1302,6895354,2026-09-15
D1302,6895356,2026-09-15
D1302,6895360,2026-09-15
D1302,6895363,2026-09-15
D1302,6895364,2026-09-15
D1302,6895367,2026-09-15
D1302,6895369,2026-09-15
D1302,6895370,2026-09-15
D1302,6895374,2026-09-15
D1302,6895380,2026-09-15
D1302,6895384,2026-09-15
D1302,6895385,2026-09-15
D1302,6895387,2026-09-15
D1302,6896192,2026-09-15
D1302,6899817,2026-09-15
D1302,6900317,2026-09-15
D1302,6907533,2026-09-15
D1302,6908721,2026-09-16
D1302,6908729,2026-09-16
D1302,6908736,2026-09-16
D1302,6908749,2026-09-16
D1302,6908752,2026-09-16
D1302,6908761,2026-09-16
D1302,6908762,2026-09-16
D1302,6910441,2026-09-16
D1302,6910667,2026-09-16
D1302,6910673,2026-09-16
D1302,6910678,2026-09-16
D1302,6910684,2026-09-16
D1302,6910692,2026-09-16
D1302,6910722,2026-09-16
D1302,6910725,2026-09-16
D1302,6910736,2026-09-16
D1302,6910744,2026-09-16
D1302,6910922,2026-09-16
D1302,6910930,2026-09-16
D1302,6911481,2026-09-16
D1302,6927795,2026-09-16
D1302,6942778,2026-09-16
D1302,6942794,2026-09-16
D1302,6943667,2026-09-17
D1302,6943669,2026-09-17
D1302,6943676,2026-09-17
D1302,6943678,2026-09-17
D1302,6943681,2026-09-17
D1302,6943686,2026-09-17
D1302,6943687,2026-09-17
D1302,6943690,2026-09-17
D1302,6943693,2026-09-17
D1302,6943695,2026-09-17
D1302,6943697,2026-09-17
D1302,6943700,2026-09-17
D1302,6943701,2026-09-17
D1302,6945095,2026-09-17
D1302,6946869,2026-09-17
D1302,6946976,2026-09-17
D1302,6947579,2026-09-17
D1302,6947689,2026-09-17
D1302,6963930,2026-09-17
D1302,6963953,2026-09-17
D1302,6968643,2026-09-18
D1302,6968881,2026-09-20
D1302,6969567,2026-09-18
D1302,6969569,2026-09-18
D1302,6969572,2026-09-18
D1302,6971461,2026-09-18
D1302,6971534,2026-09-18
D1302,6972524,2026-09-18
D1302,6985936,2026-09-18
D1302,6985939,2026-09-18
D1302,6986420,2026-09-18
D1302,6986615,2026-09-18
D1302,6987075,2026-09-18
D1302,6989644,2026-09-18
D1302,6993113,2026-09-18
D1302,6994735,2026-09-18
D1302,6995279,2026-09-18
D1302,6995337,2026-09-18
D1302,6995466,2026-09-18
D1302,6996727,2026-09-18
D1302,7000290,2026-09-18
D1302,7001735,2026-09-18
D1302,7005133,2026-09-18
D1302,7005697,2026-09-18
D1302,7008567,2026-09-18
D1302,7008685,2026-09-18
D1302,7009546,2026-09-18
D1302,7010514,2026-09-19
D1302,7010689,2026-09-19
D1302,7010690,2026-09-19
D1302,7010715,2026-09-19
D1302,7010717,2026-09-19
D1302,7012163,2026-09-19
D1302,7012196,2026-09-19
D1302,7012320,2026-09-19
D1302,7013032,2026-09-19
D1302,7013311,2026-09-19
D1302,7013926,2026-09-19
D1302,7013971,2026-09-19
D1302,7013986,2026-09-19
D1302,7014244,2026-09-19
D1302,7014766,2026-09-19
D1302,7015259,2026-09-19
D1302,7015399,2026-09-20
D1302,7015403,2026-09-20
D1302,7015408,2026-09-19
D1302,7015444,2026-09-19
D1302,7015809,2026-09-19
D1302,7015812,2026-09-19
D1302,7015819,2026-09-19
D1302,7015969,2026-09-25
D1302,7030805,2026-09-19
D1302,7030806,2026-09-19
D1302,7032212,2026-09-19
D1302,7032293,2026-09-19
D1302,7032512,2026-09-19
D1302,7035750,2026-09-19
D1302,7035764,2026-09-19
D1302,7035853,2026-09-19
D1302,7038517,2026-09-20
D1302,7038729,2026-09-20
D1302,7038978,2026-09-20
D1302,7039057,2026-09-20
D1302,7039064,2026-09-20
D1302,7039117,2026-09-20
D1302,7039168,2026-09-20
D1302,7039171,2026-09-20
D1302,7039547,2026-09-20
D1302,7039742,2026-09-20
D1302,7039773,2026-09-20
D1302,7039803,2026-09-20
D1302,7042569,2026-09-20
D1302,7044967,2026-09-20
D1302,7045016,2026-09-20
D1302,7045020,2026-09-20
D1302,7046118,2026-09-21
D1302,7046157,2026-09-21
D1302,7047011,2026-09-21
D1302,7047012,2026-09-21
D1302,7047014,2026-09-21
D1302,7047015,2026-09-21
D1302,7047021,2026-09-21
D1302,7047138,2026-09-21
D1302,7047275,2026-09-25
D1302,7053408,2026-09-21
D1302,7053467,2026-09-21
D1302,7053722,2026-09-22
D1302,7053725,2026-09-21
D1302,7053765,2026-09-21
D1302,7057328,2026-09-21
D1302,7057354,2026-09-21
D1302,7059099,2026-09-25
D1302,7059224,2026-09-25
D1302,7061922,2026-09-21
D1302,7061971,2026-09-21
D1302,7062657,2026-09-21
D1302,7062668,2026-09-21
D1302,7066369,2026-09-21
D1302,7066406,2026-09-21
D1302,7067435,2026-09-21
D1302,7067582,2026-09-21
D1302,7067598,2026-09-21
D1302,7067980,2026-09-22
D1302,7068282,2026-09-22
D1302,7068285,2026-09-22
D1302,7068292,2026-09-22
D1302,7068303,2026-09-22
D1302,7068370,2026-09-22
D1302,7068376,2026-09-22
D1302,7068671,2026-09-25
D1302,7070139,2026-09-22
D1302,7070187,2026-09-22
D1302,7070209,2026-09-22
D1302,7070220,2026-09-22
D1302,7070497,2026-09-22
D1302,7070498,2026-09-22
D1302,7071143,2026-09-22
D1302,7071234,2026-09-22
D1302,7071457,2026-09-22
D1302,7072323,2026-09-22
D1302,7072354,2026-09-22
D1302,7072356,2026-09-22
D1302,7072743,2026-09-22
D1302,7072791,2026-09-25
D1302,7074147,2026-09-22
D1302,7074702,2026-09-22
D1302,7074780,2026-09-22
D1302,7094108,2026-09-22
D1302,7094657,2026-09-22
D1302,7095071,2026-09-22
D1302,7096147,2026-09-22
D1302,7102893,2026-09-22
D1302,7103693,2026-09-22
D1302,7103789,2026-09-22
D1302,7103851,2026-09-22
D1302,7103936,2026-09-22
D1302,7104165,2026-09-22
D1302,7104276,2026-09-22
D1302,7104321,2026-09-22
D1302,7104330,2026-09-22
D1302,7104333,2026-09-22
D1302,7104336,2026-09-22
D1302,7104811,2026-09-23
D1302,7104812,2026-09-23
D1302,7104828,2026-09-23
D1302,7105580,2026-09-23
D1302,7105593,2026-09-23
D1302,7106603,2026-09-23
D1302,7107726,2026-09-23
D1302,7107786,2026-09-23
D1302,7107787,2026-09-23
D1302,7107794,2026-09-23
D1302,7107797,2026-09-23
D1302,7108130,2026-09-23
D1302,7111026,2026-09-23
D1302,7112005,2026-09-23
D1302,7112166,2026-09-25
D1302,7112365,2026-09-23
D1302,7112690,2026-09-23
D1302,7112718,2026-09-23
D1302,7112813,2026-09-23
D1302,7113008,2026-09-23
D1302,7113167,2026-09-23
D1302,7113238,2026-09-23
D1302,7115118,2026-09-23
D1302,7116046,2026-09-23
D1302,7117681,2026-09-23
D1302,7117713,2026-09-23
D1302,7117747,2026-09-23
D1302,7117777,2026-09-23
D1302,7117801,2026-09-23
D1302,7126119,2026-09-23
D1302,7132632,2026-09-23
D1302,7132676,2026-09-23
D1302,7133433,2026-09-23
D1302,7133518,2026-09-23
D1302,7133689,2026-09-23
D1302,7136183,2026-09-24
D1302,7137710,2026-09-23
D1302,7137885,2026-09-23
D1302,7137911,2026-09-23
D1302,7137927,2026-09-23
D1302,7137934,2026-09-23
D1302,7137968,2026-09-23
D1302,7137976,2026-09-23
D1302,7138008,2026-09-23
D1302,7138018,2026-09-23
D1302,7138047,2026-09-23
D1302,7138102,2026-09-23
D1302,7138140,2026-09-23
D1302,7138157,2026-09-23
D1302,7138168,2026-09-23
D1302,7138197,2026-09-23
D1302,7148057,2026-09-23
D1302,7151283,2026-09-23
D1302,7151548,2026-09-23
D1302,7151642,2026-09-23
D1302,7151830,2026-09-23
D1302,7151856,2026-09-23
D1302,7151902,2026-09-23
D1302,7152093,2026-09-23
D1302,7153876,2026-09-24
D1302,7153903,2026-09-24
D1302,7153925,2026-09-24
D1302,7155081,2026-09-24
D1302,7155124,2026-09-24
D1302,7155161,2026-09-24
D1302,7155435,2026-09-24
D1302,7155448,2026-09-24
D1302,7155889,2026-09-24
D1302,7155967,2026-09-24
D1302,7158160,2026-09-24
D1302,7158324,2026-09-24
D1302,7158343,2026-09-24
D1302,7158444,2026-09-24
D1302,7158507,2026-09-24
D1302,7158511,2026-09-24
D1302,7158512,2026-09-24
D1302,7158513,2026-09-24
D1302,7158521,2026-09-24
D1302,7158539,2026-09-24
D1302,7158540,2026-09-24
D1302,7160394,2026-09-24
D1302,7162737,2026-09-24
D1302,7162765,2026-09-24
D1302,7163644,2026-09-24
D1302,7164133,2026-09-24
D1302,7164696,2026-09-24
D1302,7165341,2026-09-24
D1302,7165384,2026-09-24
D1302,7165864,2026-09-24
D1302,7165972,2026-09-24
D1302,7168270,2026-09-24
D1302,7168673,2026-09-24
D1302,7346085,2026-09-24
D1302,7346134,2026-09-24
D1302,7346393,2026-09-24
D1302,7346397,2026-09-24
D1302,7346636,2026-09-24
D1302,7347008,2026-09-25
D1302,7347010,2026-09-25
D1302,7347011,2026-09-25
D1302,7347013,2026-09-25
D1302,7347018,2026-09-25
D1302,7347313,2026-09-25
D1302,7347514,2026-09-25
D1302,7347798,2026-09-25
D1302,7349246,2026-09-25
D1302,7349247,2026-09-25
D1302,7349250,2026-09-25
D1302,7349531,2026-09-25
D1302,7349537,2026-09-25
D1302,7349572,2026-09-25
D1302,7349756,2026-09-25
D1302,7349843,2026-09-25
D1302,7351982,2026-09-25
D1302,7352045,2026-09-25
D1302,7352308,2026-09-25
D1302,7355287,2026-09-25
D1302,7356641,2026-09-25
D1302,7356748,2026-09-25
D1305,212WYTW,2026-09-23
D1305,212XKXC,2026-09-21
D1305,214JMCW,2026-09-24
D1305,3867866,2026-07-22
D1305,5045766,2026-07-22
D1305,5144703,2026-07-23
D1305,5343653,2026-07-22
D1305,5489614,2026-08-25
D1305,5868460,2026-08-09
D1305,6577531,2026-09-03
D1305,6832704,2026-09-12
D1305,6832748,2026-09-12
D1305,6933585,2026-09-16
D1305,6962387,2026-09-17
D1305,6989197,2026-09-18
D1305,7138093,2026-09-23
D1305,7138109,2026-09-23
D1305,7138158,2026-09-23
D1417,207MHYS,2026-09-02
D1417,208PNJY,2026-08-27
D1417,209FYWL,2026-09-01
D1417,210QHBR,2026-08-27
D1417,211GBHC,2026-09-10
D1417,211GBHD,2026-09-10
D1417,211HJNY,2026-09-11
D1417,211VHSW,2026-09-21
D1417,211YXVZ,2026-09-11
D1417,212SJND,2026-09-17
D1417,212SKFK,2026-09-18
D1417,212SKFL,2026-09-17
D1417,212SKFN,2026-09-21
D1417,212SKFW,2026-09-23
D1417,212XBQC,2026-09-22
D1417,212ZBVS,2026-09-17
D1417,212ZVYY,2026-09-12
D1417,213CXHG,2026-09-23
D1417,213FVPZ,2026-09-14
D1417,213FZYZ,2026-09-17
D1417,213GBFD,2026-09-17
D1417,213GCQS,2026-09-17
D1417,213GWPY,2026-09-24
D1417,213HXLT,2026-09-16
D1417,213LCHB,2026-09-20
D1417,213MMMT,2026-09-24
D1417,213MRNZ,2026-09-23
D1417,213MRXT,2026-09-23
D1417,213MSHH,2026-09-23
D1417,213MSQR,2026-09-11
D1417,213MTDR,2026-09-11
D1417,213MXMN,2026-09-23
D1417,213MXRY,2026-09-23
D1417,213MXWK,2026-09-11
D1417,213NYLN,2026-09-21
D1417,213PPBK,2026-09-24
D1417,213QBHT,2026-09-22
D1417,213QGTY,2026-09-21
D1417,213RBFQ,2026-09-10
D1417,213SSBL,2026-09-11
D1417,213TJKM,2026-09-14
D1417,213VQVN,2026-09-14
D1417,213XZTW,2026-09-17
D1417,213YCKN,2026-09-16
D1417,213YJRH,2026-09-16
D1417,213ZDMP,2026-09-17
D1417,213ZJYM,2026-09-24
D1417,213ZQGN,2026-09-17
D1417,214BSZG,2026-09-18
D1417,214DRYB,2026-09-22
D1417,214DXLC,2026-09-22
D1417,214FDHP,2026-09-23
D1417,214FTVZ,2026-09-22
D1417,214FXDN,2026-09-23
D1417,214FYNB,2026-09-22
D1417,214HDPW,2026-09-23
D1417,214JHDW,2026-09-24
D1417,214JZMP,2026-09-24
D1417,3517081,2026-08-31
D1417,3863815,2026-09-02
D1417,3866219,2026-07-07
D1417,4296496,2026-06-27
D1417,4399840,2026-07-29
D1417,4587863,2026-09-15
D1417,4709856,2026-09-24
D1417,4710267,2026-09-23
D1417,4710297,2026-09-23
D1417,4813081,2026-08-12
D1417,4936152,2026-09-10
D1417,5069176,2026-07-17
D1417,5188232,2026-09-17
D1417,5223981,2026-09-18
D1417,5224027,2026-09-18
D1417,5361835,2026-08-31
D1417,5392978,2026-07-23
D1417,5494026,2026-07-27
D1417,5568384,2026-09-09
D1417,5629269,2026-08-31
D1417,5707756,2026-08-18
D1417,5707889,2026-08-18
D1417,5715941,2026-08-06
D1417,5715952,2026-08-06
D1417,5715970,2026-08-06
D1417,5963143,2026-08-13
D1417,5963179,2026-08-13
D1417,5965303,2026-08-13
D1417,6051132,2026-09-11
D1417,6051134,2026-09-11
D1417,6051147,2026-09-11
D1417,6051149,2026-09-11
D1417,6051154,2026-09-11
D1417,6117257,2026-09-11
D1417,6149243,2026-09-11
D1417,6170664,2026-08-21
D1417,6180530,2026-08-21
D1417,6236546,2026-09-11
D1417,6277715,2026-08-25
D1417,6318568,2026-09-11
D1417,6352697,2026-08-27
D1417,6354748,2026-08-27
D1417,6428911,2026-09-22
D1417,6430594,2026-09-11
D1417,6430605,2026-09-11
D1417,6467813,2026-09-11
D1417,6467818,2026-09-11
D1417,6467822,2026-09-11
D1417,6467828,2026-09-11
D1417,6467831,2026-09-11
D1417,6500267,2026-09-11
D1417,6502224,2026-09-25
D1417,6505643,2026-09-25
D1417,6508217,2026-09-02
D1417,6532999,2026-09-02
D1417,6534206,2026-09-11
D1417,6579697,2026-09-03
D1417,6579720,2026-09-03
D1417,6589012,2026-09-03
D1417,6589038,2026-09-03
D1417,6589149,2026-09-03
D1417,6590017,2026-09-03
D1417,6593070,2026-09-04
D1417,6593081,2026-09-05
D1417,6622546,2026-09-04
D1417,6622812,2026-09-24
D1417,6638258,2026-09-11
D1417,6696830,2026-09-08
D1417,6697449,2026-09-07
D1417,6697487,2026-09-07
D1417,6697962,2026-09-07
D1417,6730434,2026-09-08
D1417,6735843,2026-09-08
D1417,6735946,2026-09-08
D1417,6738269,2026-09-11
D1417,6738270,2026-09-11
D1417,6738275,2026-09-11
D1417,6753128,2026-09-09
D1417,6766247,2026-09-09
D1417,6774709,2026-09-09
D1417,6774960,2026-09-10
D1417,6774961,2026-09-10
D1417,6830185,2026-09-11
D1417,6830221,2026-09-11
D1417,6845586,2026-09-12
D1417,6884716,2026-09-15
D1417,6962469,2026-09-24
D1417,6962598,2026-09-17
D1417,6994917,2026-09-18
D1417,6994940,2026-09-18
D1417,6995008,2026-09-18
D1417,6995676,2026-09-18
D1417,6995693,2026-09-18
D1417,6996052,2026-09-18
D1417,6997416,2026-09-18
D1417,7036150,2026-09-20
D1417,7057383,2026-09-21
D1417,7057437,2026-09-21
D1417,7068680,2026-09-25
D1417,7112671,2026-09-23
D1417,7164881,2026-09-24
D1417,7168277,2026-09-24
D1417,7345530,2026-09-24
D1502,200PDWD,2026-09-16
D1502,205NNCL,2026-09-21
D1502,205ZWYF,2026-09-24
D1502,206JYTN,2026-09-09
D1502,206XNPZ,2026-09-14
D1502,206ZGCW,2026-08-28
D1502,207PDKS,2026-09-21
D1502,207PDST,2026-09-21
D1502,207PDZT,2026-09-21
D1502,209KCTX,2026-09-10
D1502,209NLSJ,2026-09-16
D1502,209PVJH,2026-09-09
D1502,209PWZK,2026-09-23
D1502,210FZSC,2026-09-11
D1502,210GBSG,2026-09-22
D1502,210HQTM,2026-09-01
D1502,210HYBT,2026-09-17
D1502,210PMZD,2026-09-15
D1502,210QMLG,2026-09-14
D1502,210XLZB,2026-09-21
D1502,211HSWF,2026-09-18
D1502,211MBBM,2026-08-26
D1502,211NHCH,2026-09-23
D1502,211NNSV,2026-09-04
D1502,211PJWN,2026-09-23
D1502,211PQCF,2026-09-14
D1502,211QMJH,2026-09-10
D1502,211QYDP,2026-09-23
D1502,211TBLF,2026-09-02
D1502,211TCGW,2026-09-23
D1502,211TWKG,2026-09-15
D1502,211WDYV,2026-09-21
D1502,212BFLD,2026-09-18
D1502,212BSJY,2026-09-17
D1502,212BVMV,2026-09-17
D1502,212BVWD,2026-09-17
D1502,212DTLR,2026-09-04
D1502,212HMNQ,2026-09-18
D1502,212JQXG,2026-09-14
D1502,212KDZK,2026-09-14
D1502,212KYFT,2026-09-02
D1502,212LMVR,2026-09-15
D1502,212MFDX,2026-09-22
D1502,212MFLK,2026-09-18
D1502,212NGWY,2026-09-21
D1502,212NHFT,2026-09-21
D1502,212NJGC,2026-09-21
D1502,212PTPM,2026-09-24
D1502,212PVBQ,2026-09-24
D1502,212RSFG,2026-09-14
D1502,212RTQT,2026-09-21
D1502,212RXCY,2026-09-17
D1502,212SKDZ,2026-09-24
D1502,212SPZQ,2026-09-17
D1502,212VKLF,2026-09-22
D1502,212VQMH,2026-09-11
D1502,212VTGC,2026-09-11
D1502,212VTHV,2026-09-15
D1502,212WVNH,2026-09-11
D1502,212XDXH,2026-09-10
D1502,212XFHC,2026-09-23
D1502,212XWHX,2026-09-22
D1502,212YBGW,2026-09-07
D1502,212YBXP,2026-08-26
D1502,212YHSR,2026-09-16
D1502,213BNTY,2026-09-13
D1502,213BNWG,2026-09-13
D1502,213CDWW,2026-09-21
D1502,213CHDD,2026-09-13
D1502,213CRQH,2026-09-13
D1502,213CRVL,2026-09-16
D1502,213CVQR,2026-08-31
D1502,213CVRM,2026-09-24
D1502,213CVVD,2026-09-11
D1502,213CZLB,2026-09-22
D1502,213DNFQ,2026-09-21
D1502,213DQFC,2026-09-02
D1502,213FBVT,2026-09-24
D1502,213FBYL,2026-09-24
D1502,213FCBD,2026-09-24
D1502,213FCDJ,2026-09-24
D1502,213FCPZ,2026-09-24
D1502,213FCTX,2026-09-24
D1502,213FDBH,2026-09-24
D1502,213FHHL,2026-09-23
D1502,213FLBS,2026-09-17
D1502,213FLHF,2026-09-04
D1502,213FNMH,2026-09-22
D1502,213FRYY,2026-09-17
D1502,213FTXV,2026-09-17
D1502,213FZMJ,2026-09-17
D1502,213GBWM,2026-09-17
D1502,213GJYH,2026-09-23
D1502,213GKZQ,2026-09-18
D1502,213GNSV,2026-09-18
D1502,213GRQV,2026-09-24
D1502,213GRVJ,2026-09-18
D1502,213GRXH,2026-09-23
D1502,213GVPS,2026-09-11
D1502,213GWYT,2026-09-11
D1502,213HBMB,2026-09-21
D1502,213HKFV,2026-09-02
D1502,213HLZX,2026-09-10
D1502,213HMBM,2026-09-04
D1502,213HSMG,2026-09-19
D1502,213JDVN,2026-09-21
D1502,213JFVK,2026-09-19
D1502,213JTRF,2026-09-21
D1502,213JVJL,2026-09-24
D1502,213JVRK,2026-09-22
D1502,213KDMX,2026-09-23
D1502,213KDSV,2026-09-23
D1502,213KGVG,2026-09-17
D1502,213KXZD,2026-09-04
D1502,213KYQN,2026-09-20
D1502,213LBYN,2026-09-21
D1502,213LCRF,2026-09-22
D1502,213LGCT,2026-09-21
D1502,213LGFX,2026-09-21
D1502,213LJGJ,2026-09-20
D1502,213LJHB,2026-09-20
D1502,213LJLM,2026-09-04
D1502,213LXGL,2026-09-23
D1502,213MJKS,2026-09-23
D1502,213MLHP,2026-09-08
D1502,213MQHJ,2026-09-07
D1502,213MRRJ,2026-09-22
D1502,213MSHY,2026-09-07
D1502,213MSMM,2026-09-07
D1502,213MTGN,2026-09-08
D1502,213NBCY,2026-09-07
D1502,213NKJZ,2026-09-09
D1502,213NMWW,2026-09-24
D1502,213NNFW,2026-09-23
D1502,213PBMF,2026-09-22
D1502,213PCGP,2026-09-24
D1502,213PTSF,2026-09-09
D1502,213PTTH,2026-09-09
D1502,213PVBN,2026-09-23
D1502,213QKDL,2026-09-09
D1502,213QKMZ,2026-09-24
D1502,213QLGZ,2026-09-14
D1502,213QLPV,2026-09-22
D1502,213QQLN,2026-09-09
D1502,213QSVL,2026-09-10
D1502,213RJFW,2026-09-14
D1502,213RKNQ,2026-09-10
D1502,213RRJZ,2026-09-22
D1502,213RZPW,2026-09-11
D1502,213SNNT,2026-09-11
D1502,213SQJP,2026-09-11
D1502,213SRHQ,2026-09-24
D1502,213SWFW,2026-09-11
D1502,213SXBF,2026-09-14
D1502,213SZTW,2026-09-14
D1502,213TGPN,2026-09-22
D1502,213TKTC,2026-09-23
D1502,213TMHL,2026-09-11
D1502,213TQJB,2026-09-21
D1502,213TQZY,2026-09-14
D1502,213TXBV,2026-09-14
D1502,213VFWS,2026-09-16
D1502,213VJJT,2026-09-14
D1502,213VKSH,2026-09-14
D1502,213VLVH,2026-09-24
D1502,213VMWZ,2026-09-24
D1502,213VNHW,2026-09-15
D1502,213VNSZ,2026-09-15
D1502,213VVSF,2026-09-14
D1502,213VYRB,2026-09-14
D1502,213VYSK,2026-09-14
D1502,213WQFJ,2026-09-16
D1502,213WSVY,2026-09-15
D1502,213WVVH,2026-09-15
D1502,213XDGD,2026-09-15
D1502,213XFCS,2026-09-15
D1502,213XQCX,2026-09-15
D1502,213XQGG,2026-09-15
D1502,213XQKV,2026-09-15
D1502,213XYVQ,2026-09-23
D1502,213XZCC,2026-09-22
D1502,213YFLS,2026-09-16
D1502,213YGPD,2026-09-17
D1502,213YGPZ,2026-09-16
D1502,213YJVZ,2026-09-22
D1502,213ZCKB,2026-09-17
D1502,213ZFZM,2026-09-17
D1502,213ZGBC,2026-09-17
D1502,213ZGGH,2026-09-17
D1502,213ZGGY,2026-09-17
D1502,213ZHPN,2026-09-17
D1502,213ZMKD,2026-09-24
D1502,213ZNNY,2026-09-18
D1502,213ZXQK,2026-09-17
D1502,214BCJJ,2026-09-21
D1502,214BKJG,2026-09-18
D1502,214BKXG,2026-09-18
D1502,214BMNF,2026-09-18
D1502,214BSJR,2026-09-22
D1502,214BSSP,2026-09-21
D1502,214BTQF,2026-09-22
D1502,214BTZW,2026-09-18
D1502,214BWJY,2026-09-18
D1502,214BWZT,2026-09-22
D1502,214BXSR,2026-09-21
D1502,214BXWS,2026-09-22
D1502,214BYMS,2026-09-18
D1502,214CBWH,2026-09-18
D1502,214CGPT,2026-09-21
D1502,214CJMC,2026-09-21
D1502,214CQMW,2026-09-21
D1502,214CTNK,2026-09-21
D1502,214CZHK,2026-09-21
D1502,214CZMB,2026-09-21
D1502,214DFPY,2026-09-21
D1502,214DGNR,2026-09-22
D1502,214DHBY,2026-09-21
D1502,214DHFQ,2026-09-21
D1502,214DKHW,2026-09-22
D1502,214DLWQ,2026-09-22
D1502,214DNQN,2026-09-21
D1502,214DNXK,2026-09-21
D1502,214DQBT,2026-09-21
D1502,214DQPD,2026-09-21
D1502,214DSLN,2026-09-21
D1502,214DTLD,2026-09-23
D1502,214DTQM,2026-09-22
D1502,214DZFF,2026-09-21
D1502,214FCKF,2026-09-22
D1502,214FDFZ,2026-09-23
D1502,214FHST,2026-09-22
D1502,214FPXP,2026-09-22
D1502,214FQGP,2026-09-23
D1502,214FWNH,2026-09-22
D1502,214FYTZ,2026-09-24
D1502,214GBJN,2026-09-23
D1502,214GCXM,2026-09-22
D1502,214GGTR,2026-09-22
D1502,214GNQJ,2026-09-24
D1502,214GSXK,2026-09-23
D1502,214GZKL,2026-09-23
D1502,214HFBC,2026-09-24
D1502,214HHNS,2026-09-23
D1502,214HRXK,2026-09-23
D1502,214HRXN,2026-09-23
D1502,214HTTL,2026-09-23
D1502,214HVQT,2026-09-24
D1502,214HWLR,2026-09-24
D1502,214JDYL,2026-09-24
D1502,214JHRQ,2026-09-24
D1502,214JJBR,2026-09-24
D1502,214JNYM,2026-09-24
D1502,214JQSL,2026-09-24
D1502,5368140,2026-09-21
D1502,5368145,2026-09-21
D1502,5368153,2026-09-21
D1502,5368157,2026-09-21
D1502,5368161,2026-09-21
D1502,5368171,2026-08-30
D1502,5368197,2026-08-30
D1502,5368233,2026-09-21
D1502,5368244,2026-09-21
D1502,5368246,2026-09-21
D1502,5368251,2026-09-21
D1502,5368258,2026-08-30
D1502,5368285,2026-09-21
D1502,5368303,2026-09-21
D1502,5368330,2026-09-21
D1502,5368333,2026-09-21
D1502,5368355,2026-09-21
D1502,5368356,2026-09-21
D1502,5368375,2026-09-21
D1502,5368399,2026-09-21
D1502,5368402,2026-09-21
D1502,5368412,2026-09-21
D1502,5368413,2026-09-21
D1502,5368416,2026-09-21
D1502,5368418,2026-09-21
D1502,5368435,2026-09-08
D1502,5368439,2026-09-21
D1502,5368446,2026-09-21
D1502,5368462,2026-09-21
D1502,5368485,2026-09-21
D1502,5368490,2026-09-21
D1502,5368505,2026-09-21
D1502,5368507,2026-09-21
D1502,5368523,2026-09-21
D1502,5368527,2026-09-21
D1502,5368537,2026-09-21
D1502,5368541,2026-09-21
D1502,5368542,2026-09-21
D1502,5368548,2026-09-21
D1502,5368551,2026-09-21
D1502,5368567,2026-09-21
D1502,5368578,2026-09-08
D1502,5368579,2026-09-21
D1502,5368597,2026-09-21
D1502,5368601,2026-09-21
D1502,5368607,2026-09-21
D1502,5368627,2026-09-21
D1502,5368630,2026-09-21
D1502,5368658,2026-09-21
D1502,5368659,2026-09-21
D1502,5368668,2026-09-21
D1502,5368672,2026-09-21
D1502,5368688,2026-09-21
D1502,5368718,2026-09-21
D1502,5368723,2026-09-21
D1502,5368727,2026-09-21
D1502,5368728,2026-09-21
D1502,5368732,2026-09-21
D1502,5368734,2026-09-21
D1502,5368740,2026-09-21
D1502,5368745,2026-09-21
D1502,5368751,2026-09-23
D1502,5368770,2026-09-21
D1502,5368779,2026-09-23
D1502,5368794,2026-09-21
D1502,5368795,2026-09-23
D1502,5368798,2026-09-23
D1502,5368812,2026-09-21
D1502,5368820,2026-09-21
D1502,5368826,2026-09-23
D1502,5368828,2026-09-21
D1502,5368832,2026-09-21
D1502,5368834,2026-09-21
D1502,5368839,2026-09-21
D1502,5368844,2026-09-21
D1502,5368848,2026-09-21
D1502,5368849,2026-09-21
D1502,5368859,2026-09-21
D1502,5368869,2026-09-21
D1502,5368873,2026-09-21
D1502,5368879,2026-09-23
D1502,5368918,2026-09-23
D1502,5368924,2026-09-21
D1502,5368931,2026-09-21
D1502,5368935,2026-09-21
D1502,5368936,2026-09-21
D1502,5368953,2026-09-23
D1502,5369025,2026-09-21
D1502,5369027,2026-09-21
D1502,5369036,2026-08-29
D1502,5369092,2026-09-22
D1502,5405840,2026-09-21
D1502,5405843,2026-09-21
D1502,5405867,2026-09-21
D1502,5405869,2026-09-21
D1502,5473338,2026-09-08
D1502,5489512,2026-07-27
D1502,5489611,2026-07-27
D1502,5504742,2026-09-08
D1502,5504801,2026-09-08
D1502,5504805,2026-09-08
D1502,5505065,2026-09-08
D1502,5505067,2026-09-05
D1502,5505118,2026-09-08
D1502,5505148,2026-09-21
D1502,5505170,2026-08-27
D1502,5505178,2026-08-27
D1502,5505195,2026-09-08
D1502,5505204,2026-09-08
D1502,5505209,2026-09-08
D1502,5505222,2026-09-23
D1502,5505228,2026-09-08
D1502,5505229,2026-09-08
D1502,5505261,2026-09-08
D1502,5516994,2026-07-28
D1502,5517291,2026-07-28
D1502,5517304,2026-07-28
D1502,5526474,2026-09-08
D1502,5526481,2026-09-08
D1502,5552738,2026-07-29
D1502,5553383,2026-07-29
D1502,5565964,2026-09-03
D1502,5572426,2026-08-29
D1502,5572461,2026-09-08
D1502,5587013,2026-07-30
D1502,5604710,2026-09-08
D1502,5631752,2026-09-22
D1502,5640653,2026-09-21
D1502,5640704,2026-08-31
D1502,5661533,2026-08-01
D1502,5690862,2026-08-04
D1502,5697306,2026-08-05
D1502,5706383,2026-08-05
D1502,5708463,2026-08-05
D1502,5720314,2026-08-29
D1502,5723200,2026-09-08
D1502,5723298,2026-09-08
D1502,5739555,2026-09-18
D1502,5739557,2026-09-18
D1502,5739561,2026-09-18
D1502,5739567,2026-09-18
D1502,5741433,2026-09-04
D1502,5742588,2026-09-16
D1502,5745525,2026-09-05
D1502,5779500,2026-09-08
D1502,5792923,2026-08-26
D1502,5796096,2026-09-11
D1502,5803052,2026-09-06
D1502,5835565,2026-08-31
D1502,5836297,2026-09-08
D1502,5852263,2026-09-08
D1502,5862245,2026-09-08
D1502,5862265,2026-09-08
D1502,5873087,2026-09-08
D1502,5877793,2026-08-10
D1502,5877802,2026-08-10
D1502,5886745,2026-08-31
D1502,5886751,2026-08-31
D1502,5887361,2026-09-08
D1502,5887483,2026-09-10
D1502,5901134,2026-08-11
D1502,5901246,2026-08-11
D1502,5902033,2026-08-11
D1502,5904191,2026-08-11
D1502,5909443,2026-08-11
D1502,5933018,2026-08-12
D1502,5933878,2026-08-12
D1502,5938537,2026-08-12
D1502,5947409,2026-09-02
D1502,5947431,2026-09-21
D1502,5947511,2026-09-21
D1502,5947526,2026-09-21
D1502,5947594,2026-09-21
D1502,5947659,2026-09-21
D1502,5958787,2026-08-13
D1502,5963172,2026-08-15
D1502,5976241,2026-09-21
D1502,5976250,2026-09-21
D1502,5976296,2026-09-21
D1502,5976324,2026-09-21
D1502,5976330,2026-09-21
D1502,5993947,2026-08-14
D1502,6021141,2026-08-15
D1502,6023240,2026-08-15
D1502,6025874,2026-08-15
D1502,6025883,2026-08-15
D1502,6025886,2026-08-15
D1502,6025896,2026-08-15
D1502,6025898,2026-08-15
D1502,6030798,2026-09-21
D1502,6030815,2026-09-21
D1502,6030826,2026-09-21
D1502,6030863,2026-09-02
D1502,6030872,2026-09-02
D1502,6030879,2026-09-02
D1502,6039118,2026-09-21
D1502,6043251,2026-08-17
D1502,6062685,2026-09-21
D1502,6062737,2026-09-21
D1502,6062899,2026-09-21
D1502,6062929,2026-09-21
D1502,6063069,2026-09-21
D1502,6063334,2026-09-21
D1502,6063360,2026-09-21
D1502,6063397,2026-09-09
D1502,6092817,2026-09-21
D1502,6092850,2026-09-21
D1502,6092857,2026-09-21
D1502,6092942,2026-09-21
D1502,6092964,2026-09-21
D1502,6093000,2026-09-08
D1502,6093032,2026-09-21
D1502,6108315,2026-08-19
D1502,6108588,2026-08-19
D1502,6114167,2026-08-19
D1502,6114173,2026-08-19
D1502,6125365,2026-09-21
D1502,6125419,2026-08-20
D1502,6143643,2026-08-20
D1502,6156273,2026-08-21
D1502,6156275,2026-08-21
D1502,6156577,2026-09-21
D1502,6156623,2026-09-21
D1502,6156678,2026-09-21
D1502,6156701,2026-09-08
D1502,6156704,2026-09-21
D1502,6178318,2026-08-21
D1502,6181284,2026-08-21
D1502,6189083,2026-09-21
D1502,6189215,2026-09-21
D1502,6189218,2026-09-21
D1502,6189231,2026-09-21
D1502,6189236,2026-09-21
D1502,6189268,2026-09-21
D1502,6189279,2026-09-08
D1502,6189303,2026-09-08
D1502,6189304,2026-09-08
D1502,6189308,2026-08-31
D1502,6189313,2026-09-21
D1502,6190153,2026-09-21
D1502,6190171,2026-09-21
D1502,6190172,2026-09-05
D1502,6190194,2026-09-21
D1502,6190198,2026-09-21
D1502,6190199,2026-09-08
D1502,6190221,2026-09-05
D1502,6190243,2026-09-21
D1502,6190245,2026-09-21
D1502,6190259,2026-09-08
D1502,6190278,2026-09-21
D1502,6190303,2026-09-21
D1502,6190315,2026-09-08
D1502,6190317,2026-09-21
D1502,6190354,2026-09-08
D1502,6190357,2026-09-21
D1502,6190360,2026-09-08
D1502,6190431,2026-09-08
D1502,6190439,2026-09-08
D1502,6190458,2026-09-09
D1502,6190463,2026-09-08
D1502,6190467,2026-09-08
D1502,6190478,2026-08-22
D1502,6190480,2026-09-21
D1502,6190505,2026-09-21
D1502,6190516,2026-09-21
D1502,6190533,2026-09-08
D1502,6205301,2026-08-22
D1502,6206178,2026-09-11
D1502,6211752,2026-08-22
D1502,6211766,2026-09-01
D1502,6211768,2026-08-22
D1502,6211769,2026-08-22
D1502,6233931,2026-09-02
D1502,6246936,2026-09-03
D1502,6247103,2026-09-08
D1502,6247125,2026-09-21
D1502,6247181,2026-09-08
D1502,6247198,2026-09-09
D1502,6247202,2026-09-24
D1502,6265125,2026-08-25
D1502,6266527,2026-08-25
D1502,6266671,2026-08-25
D1502,6273475,2026-08-25
D1502,6273477,2026-08-25
D1502,6273490,2026-08-25
D1502,6273495,2026-08-25
D1502,6277149,2026-08-25
D1502,6280944,2026-09-24
D1502,6288627,2026-09-08
D1502,6289462,2026-09-08
D1502,6306390,2026-08-26
D1502,6313477,2026-08-26
D1502,6313498,2026-08-26
D1502,6313505,2026-08-26
D1502,6313525,2026-08-26
D1502,6313530,2026-08-26
D1502,6313575,2026-08-26
D1502,6316250,2026-08-26
D1502,6325939,2026-08-27
D1502,6325968,2026-08-27
D1502,6326340,2026-08-27
D1502,6326357,2026-08-27
D1502,6326359,2026-08-27
D1502,6326442,2026-08-27
D1502,6326492,2026-08-27
D1502,6326505,2026-08-27
D1502,6327417,2026-08-27
D1502,6344815,2026-09-08
D1502,6348671,2026-08-27
D1502,6350582,2026-08-27
D1502,6350622,2026-08-27
D1502,6353143,2026-08-27
D1502,6357542,2026-09-20
D1502,6357896,2026-09-20
D1502,6358012,2026-09-20
D1502,6365006,2026-08-28
D1502,6365010,2026-08-28
D1502,6365046,2026-08-28
D1502,6365051,2026-08-28
D1502,6365061,2026-08-28
D1502,6365078,2026-08-28
D1502,6365084,2026-08-28
D1502,6365089,2026-08-28
D1502,6365236,2026-08-28
D1502,6365238,2026-08-28
D1502,6365252,2026-08-28
D1502,6383473,2026-08-28
D1502,6383506,2026-08-28
D1502,6384793,2026-08-28
D1502,6391275,2026-08-28
D1502,6393926,2026-08-28
D1502,6395813,2026-09-21
D1502,6397927,2026-09-21
D1502,6398082,2026-09-21
D1502,6402536,2026-08-29
D1502,6402538,2026-08-29
D1502,6402601,2026-08-29
D1502,6402608,2026-08-29
D1502,6402609,2026-08-29
D1502,6402612,2026-08-29
D1502,6402619,2026-08-29
D1502,6402664,2026-08-29
D1502,6402846,2026-09-08
D1502,6402852,2026-09-08
D1502,6402867,2026-09-08
D1502,6418541,2026-08-29
D1502,6424313,2026-08-29
D1502,6425725,2026-09-19
D1502,6426538,2026-09-21
D1502,6431126,2026-09-08
D1502,6431168,2026-08-30
D1502,6431207,2026-08-30
D1502,6431241,2026-08-30
D1502,6431243,2026-08-30
D1502,6431248,2026-09-08
D1502,6435617,2026-09-08
D1502,6436343,2026-08-30
D1502,6437416,2026-08-30
D1502,6444899,2026-08-31
D1502,6444903,2026-08-31
D1502,6444905,2026-08-31
D1502,6444964,2026-08-31
D1502,6445008,2026-08-31
D1502,6445052,2026-08-31
D1502,6445063,2026-08-31
D1502,6462467,2026-09-02
D1502,6465362,2026-08-31
D1502,6465372,2026-08-31
D1502,6468463,2026-09-01
D1502,6468514,2026-09-01
D1502,6475487,2026-09-01
D1502,6480324,2026-09-01
D1502,6480326,2026-09-01
D1502,6480605,2026-09-01
D1502,6480635,2026-09-01
D1502,6480663,2026-09-01
D1502,6480667,2026-09-01
D1502,6480680,2026-09-01
D1502,6480688,2026-09-01
D1502,6480690,2026-09-01
D1502,6480767,2026-09-01
D1502,6480775,2026-09-01
D1502,6480778,2026-09-01
D1502,6495881,2026-09-08
D1502,6498250,2026-09-07
D1502,6498323,2026-09-01
D1502,6498332,2026-09-01
D1502,6500589,2026-09-02
D1502,6504316,2026-09-25
D1502,6504717,2026-09-25
D1502,6505364,2026-09-25
D1502,6505391,2026-09-25
D1502,6505470,2026-09-25
D1502,6505730,2026-09-25
D1502,6505812,2026-09-25
D1502,6505960,2026-09-25
D1502,6506020,2026-09-25
D1502,6506153,2026-09-25
D1502,6506188,2026-09-25
D1502,6508222,2026-09-02
D1502,6513604,2026-09-02
D1502,6513816,2026-09-02
D1502,6513817,2026-09-02
D1502,6513832,2026-09-08
D1502,6513856,2026-09-02
D1502,6513857,2026-09-02
D1502,6513863,2026-09-02
D1502,6513865,2026-09-02
D1502,6517543,2026-09-03
D1502,6517546,2026-09-03
D1502,6518242,2026-09-02
D1502,6518509,2026-09-02
D1502,6519969,2026-09-02
D1502,6519987,2026-09-02
D1502,6520430,2026-09-02
D1502,6520577,2026-09-02
D1502,6520586,2026-09-02
D1502,6520677,2026-09-02
D1502,6520681,2026-09-02
D1502,6524107,2026-09-02
D1502,6531321,2026-09-02
D1502,6531327,2026-09-02
D1502,6531346,2026-09-02
D1502,6531753,2026-09-02
D1502,6533660,2026-09-02
D1502,6537431,2026-09-03
D1502,6537489,2026-09-03
D1502,6537496,2026-09-03
D1502,6537612,2026-09-03
D1502,6537842,2026-09-24
D1502,6537922,2026-09-03
D1502,6538039,2026-09-03
D1502,6538172,2026-09-03
D1502,6543853,2026-09-08
D1502,6544066,2026-09-03
D1502,6544130,2026-09-03
D1502,6544146,2026-09-03
D1502,6544154,2026-09-03
D1502,6544160,2026-09-03
D1502,6544165,2026-09-03
D1502,6544175,2026-09-03
D1502,6544213,2026-09-03
D1502,6544242,2026-09-03
D1502,6544248,2026-09-03
D1502,6575932,2026-09-03
D1502,6576137,2026-09-03
D1502,6576151,2026-09-03
D1502,6581669,2026-09-03
D1502,6581671,2026-09-07
D1502,6581676,2026-09-03
D1502,6581705,2026-09-03
D1502,6581727,2026-09-03
D1502,6581728,2026-09-03
D1502,6581732,2026-09-03
D1502,6581739,2026-09-07
D1502,6581746,2026-09-03
D1502,6589375,2026-09-03
D1502,6592261,2026-09-04
D1502,6592558,2026-09-04
D1502,6594870,2026-09-04
D1502,6595012,2026-09-24
D1502,6595289,2026-09-04
D1502,6595317,2026-09-04
D1502,6595444,2026-09-04
D1502,6595633,2026-09-15
D1502,6602637,2026-09-04
D1502,6602679,2026-09-04
D1502,6602688,2026-09-04
D1502,6602699,2026-09-04
D1502,6602716,2026-09-04
D1502,6602735,2026-09-04
D1502,6602736,2026-09-04
D1502,6602757,2026-09-04
D1502,6602764,2026-09-04
D1502,6602765,2026-09-04
D1502,6602788,2026-09-08
D1502,6602789,2026-09-08
D1502,6622872,2026-09-24
D1502,6629783,2026-09-04
D1502,6630429,2026-09-04
D1502,6634278,2026-09-04
D1502,6634313,2026-09-04
D1502,6634321,2026-09-04
D1502,6634327,2026-09-04
D1502,6634338,2026-09-04
D1502,6635533,2026-09-04
D1502,6635982,2026-09-21
D1502,6637774,2026-09-05
D1502,6638115,2026-09-05
D1502,6640273,2026-09-05
D1502,6641209,2026-09-05
D1502,6641231,2026-09-05
D1502,6642316,2026-09-09
D1502,6645315,2026-09-05
D1502,6645318,2026-09-05
D1502,6645320,2026-09-05
D1502,6645321,2026-09-05
D1502,6645322,2026-09-05
D1502,6645645,2026-09-05
D1502,6645668,2026-09-05
D1502,6645675,2026-09-05
D1502,6645740,2026-09-05
D1502,6645741,2026-09-05
D1502,6645758,2026-09-05
D1502,6645786,2026-09-08
D1502,6645789,2026-09-08
D1502,6667090,2026-09-05
D1502,6672978,2026-09-05
D1502,6672993,2026-09-05
D1502,6673481,2026-09-06
D1502,6677638,2026-09-08
D1502,6677723,2026-09-06
D1502,6677728,2026-09-06
D1502,6677733,2026-09-06
D1502,6677739,2026-09-06
D1502,6677760,2026-09-08
D1502,6682212,2026-09-06
D1502,6684044,2026-09-08
D1502,6684045,2026-09-06
D1502,6688714,2026-09-07
D1502,6688715,2026-09-07
D1502,6688739,2026-09-07
D1502,6692536,2026-09-07
D1502,6692549,2026-09-08
D1502,6693089,2026-09-08
D1502,6694869,2026-09-07
D1502,6704189,2026-09-08
D1502,6704543,2026-09-08
D1502,6704643,2026-09-08
D1502,6706549,2026-09-09
D1502,6710535,2026-09-08
D1502,6710536,2026-09-08
D1502,6710898,2026-09-08
D1502,6710899,2026-09-08
D1502,6711061,2026-09-08
D1502,6711092,2026-09-08
D1502,6711115,2026-09-08
D1502,6711165,2026-09-08
D1502,6711169,2026-09-08
D1502,6711171,2026-09-08
D1502,6711176,2026-09-08
D1502,6711177,2026-09-08
D1502,6711351,2026-09-08
D1502,6722460,2026-09-08
D1502,6722504,2026-09-08
D1502,6722524,2026-09-08
D1502,6729095,2026-09-08
D1502,6729129,2026-09-08
D1502,6731026,2026-09-15
D1502,6731036,2026-09-15
D1502,6734755,2026-09-08
D1502,6734776,2026-09-08
D1502,6734778,2026-09-08
D1502,6734796,2026-09-08
D1502,6736171,2026-09-08
D1502,6740177,2026-09-09
D1502,6740749,2026-09-09
D1502,6740889,2026-09-09
D1502,6741338,2026-09-09
D1502,6742400,2026-09-09
D1502,6743909,2026-09-09
D1502,6743984,2026-09-09
D1502,6744492,2026-09-09
D1502,6744717,2026-09-09
D1502,6744754,2026-09-09
D1502,6744916,2026-09-09
D1502,6744919,2026-09-09
D1502,6745555,2026-09-09
D1502,6745636,2026-09-09
D1502,6746132,2026-09-09
D1502,6747199,2026-09-09
D1502,6748158,2026-09-09
D1502,6753187,2026-09-09
D1502,6753216,2026-09-09
D1502,6753246,2026-09-09
D1502,6764897,2026-09-24
D1502,6766822,2026-09-09
D1502,6766905,2026-09-09
D1502,6766920,2026-09-09
D1502,6766921,2026-09-09
D1502,6768713,2026-09-09
D1502,6774466,2026-09-09
D1502,6774655,2026-09-09
D1502,6774686,2026-09-09
D1502,6774707,2026-09-09
D1502,6774733,2026-09-09
D1502,6774737,2026-09-09
D1502,6774738,2026-09-09
D1502,6778409,2026-09-10
D1502,6778713,2026-09-10
D1502,6779634,2026-09-10
D1502,6779650,2026-09-10
D1502,6779978,2026-09-10
D1502,6780133,2026-09-10
D1502,6780160,2026-09-10
D1502,6780198,2026-09-10
D1502,6780213,2026-09-10
D1502,6780330,2026-09-10
D1502,6783358,2026-09-10
D1502,6783413,2026-09-10
D1502,6783446,2026-09-10
D1502,6783450,2026-09-21
D1502,6783451,2026-09-10
D1502,6783481,2026-09-10
D1502,6783496,2026-09-10
D1502,6796837,2026-09-10
D1502,6798259,2026-09-10
D1502,6799234,2026-09-10
D1502,6799486,2026-09-11
D1502,6799755,2026-09-10
D1502,6799869,2026-09-10
D1502,6826474,2026-09-11
D1502,6827435,2026-09-11
D1502,6828504,2026-09-11
D1502,6831707,2026-09-12
D1502,6831773,2026-09-12
D1502,6831820,2026-09-12
D1502,6831942,2026-09-12
D1502,6831946,2026-09-12
D1502,6832012,2026-09-12
D1502,6832079,2026-09-12
D1502,6832132,2026-09-12
D1502,6832139,2026-09-12
D1502,6832154,2026-09-12
D1502,6832193,2026-09-12
D1502,6832291,2026-09-12
D1502,6832316,2026-09-12
D1502,6832319,2026-09-12
D1502,6832325,2026-09-12
D1502,6832380,2026-09-12
D1502,6832396,2026-09-12
D1502,6832503,2026-09-12
D1502,6832650,2026-09-12
D1502,6832753,2026-09-12
D1502,6832774,2026-09-12
D1502,6832897,2026-09-12
D1502,6862760,2026-09-15
D1502,6862914,2026-09-15
D1502,6865685,2026-09-14
D1502,6866481,2026-09-15
D1502,6881865,2026-09-15
D1502,6882160,2026-09-21
D1502,6882772,2026-09-15
D1502,6883924,2026-09-15
D1502,6884842,2026-09-15
D1502,6884866,2026-09-15
D1502,6884891,2026-09-15
D1502,6885007,2026-09-15
D1502,6885021,2026-09-15
D1502,6885362,2026-09-15
D1502,6885524,2026-09-15
D1502,6896311,2026-09-15
D1502,6896811,2026-09-15
D1502,6896832,2026-09-15
D1502,6897054,2026-09-15
D1502,6897391,2026-09-15
D1502,6897537,2026-09-15
D1502,6897538,2026-09-15
D1502,6898365,2026-09-15
D1502,6908786,2026-09-16
D1502,6909731,2026-09-16
D1502,6909749,2026-09-16
D1502,6909816,2026-09-16
D1502,6910042,2026-09-16
D1502,6910387,2026-09-16
D1502,6910647,2026-09-16
D1502,6910765,2026-09-16
D1502,6910845,2026-09-16
D1502,6910847,2026-09-16
D1502,6910892,2026-09-16
D1502,6944703,2026-09-17
D1502,6945245,2026-09-17
D1502,6946390,2026-09-17
D1502,6946636,2026-09-17
D1502,6947184,2026-09-17
D1502,6947436,2026-09-17
D1502,6947442,2026-09-17
D1502,6965884,2026-09-18
D1502,6966142,2026-09-17
D1502,6968768,2026-09-17
D1502,6968824,2026-09-17
D1502,6971426,2026-09-18
D1502,6971501,2026-09-18
D1502,6972357,2026-09-18
D1502,6987339,2026-09-18
D1502,6987413,2026-09-18
D1502,6988341,2026-09-18
D1502,6993369,2026-09-18
D1502,6993500,2026-09-18
D1502,6993542,2026-09-18
D1502,6993637,2026-09-18
D1502,6994060,2026-09-18
D1502,6998572,2026-09-18
D1502,6999870,2026-09-18
D1502,7000465,2026-09-18
D1502,7005573,2026-09-18
D1502,7006788,2026-09-18
D1502,7006882,2026-09-18
D1502,7011244,2026-09-19
D1502,7011621,2026-09-19
D1502,7011761,2026-09-25
D1502,7011782,2026-09-25
D1502,7012167,2026-09-19
D1502,7012950,2026-09-19
D1502,7013101,2026-09-19
D1502,7013111,2026-09-19
D1502,7013296,2026-09-19
D1502,7013299,2026-09-19
D1502,7014204,2026-09-19
D1502,7014241,2026-09-19
D1502,7014258,2026-09-19
D1502,7015749,2026-09-19
D1502,7015835,2026-09-19
D1502,7032547,2026-09-19
D1502,7033108,2026-09-19
D1502,7033176,2026-09-19
D1502,7033191,2026-09-19
D1502,7034021,2026-09-19
D1502,7042798,2026-09-20
D1502,7046211,2026-09-21
D1502,7047133,2026-09-21
D1502,7056983,2026-09-21
D1502,7060641,2026-09-21
D1502,7061158,2026-09-21
D1502,7061161,2026-09-21
D1502,7061163,2026-09-21
D1502,7061180,2026-09-21
D1502,7061190,2026-09-21
D1502,7061191,2026-09-21
D1502,7061194,2026-09-21
D1502,7061205,2026-09-21
D1502,7061230,2026-09-21
D1502,7061231,2026-09-21
D1502,7061251,2026-09-21
D1502,7061253,2026-09-21
D1502,7061255,2026-09-21
D1502,7061257,2026-09-21
D1502,7061287,2026-09-21
D1502,7061293,2026-09-21
D1502,7061298,2026-09-21
D1502,7061304,2026-09-21
D1502,7061308,2026-09-21
D1502,7061319,2026-09-21
D1502,7061355,2026-09-21
D1502,7061382,2026-09-21
D1502,7061413,2026-09-21
D1502,7061416,2026-09-21
D1502,7061438,2026-09-21
D1502,7061452,2026-09-21
D1502,7061455,2026-09-21
D1502,7061459,2026-09-21
D1502,7061462,2026-09-21
D1502,7061477,2026-09-21
D1502,7061484,2026-09-21
D1502,7061497,2026-09-21
D1502,7061519,2026-09-21
D1502,7061549,2026-09-21
D1502,7061552,2026-09-21
D1502,7061580,2026-09-21
D1502,7061816,2026-09-21
D1502,7061821,2026-09-21
D1502,7061824,2026-09-21
D1502,7061826,2026-09-21
D1502,7061831,2026-09-21
D1502,7061841,2026-09-21
D1502,7061847,2026-09-21
D1502,7061851,2026-09-21
D1502,7061862,2026-09-21
D1502,7061867,2026-09-21
D1502,7061868,2026-09-21
D1502,7061872,2026-09-21
D1502,7061876,2026-09-21
D1502,7061885,2026-09-21
D1502,7061914,2026-09-21
D1502,7061915,2026-09-21
D1502,7061981,2026-09-21
D1502,7062150,2026-09-21
D1502,7062166,2026-09-21
D1502,7062178,2026-09-21
D1502,7062182,2026-09-21
D1502,7062186,2026-09-21
D1502,7062515,2026-09-21
D1502,7062554,2026-09-21
D1502,7062557,2026-09-21
D1502,7062655,2026-09-21
D1502,7062663,2026-09-21
D1502,7062667,2026-09-21
D1502,7062671,2026-09-21
D1502,7066857,2026-09-21
D1502,7066871,2026-09-21
D1502,7066999,2026-09-21
D1502,7067610,2026-09-21
D1502,7068653,2026-09-22
D1502,7068735,2026-09-22
D1502,7068736,2026-09-22
D1502,7070335,2026-09-22
D1502,7070536,2026-09-22
D1502,7070630,2026-09-22
D1502,7071009,2026-09-22
D1502,7071417,2026-09-22
D1502,7071563,2026-09-22
D1502,7071793,2026-09-22
D1502,7071928,2026-09-22
D1502,7072075,2026-09-22
D1502,7074156,2026-09-22
D1502,7074653,2026-09-22
D1502,7074665,2026-09-22
D1502,7074695,2026-09-22
D1502,7074697,2026-09-22
D1502,7074700,2026-09-22
D1502,7074703,2026-09-22
D1502,7074707,2026-09-22
D1502,7074714,2026-09-22
D1502,7074717,2026-09-22
D1502,7074725,2026-09-22
D1502,7074742,2026-09-22
D1502,7074746,2026-09-22
D1502,7074750,2026-09-22
D1502,7074778,2026-09-22
D1502,7092819,2026-09-22
D1502,7096386,2026-09-22
D1502,7097147,2026-09-22
D1502,7097557,2026-09-24
D1502,7103645,2026-09-22
D1502,7103758,2026-09-22
D1502,7103882,2026-09-22
D1502,7104066,2026-09-22
D1502,7105192,2026-09-23
D1502,7107836,2026-09-23
D1502,7107952,2026-09-23
D1502,7108051,2026-09-23
D1502,7108185,2026-09-23
D1502,7109147,2026-09-23
D1502,7110285,2026-09-23
D1502,7110556,2026-09-23
D1502,7110603,2026-09-23
D1502,7110639,2026-09-23
D1502,7110666,2026-09-23
D1502,7110715,2026-09-23
D1502,7110769,2026-09-23
D1502,7110792,2026-09-23
D1502,7111945,2026-09-23
D1502,7113148,2026-09-23
D1502,7113203,2026-09-23
D1502,7117688,2026-09-23
D1502,7117692,2026-09-23
D1502,7117706,2026-09-23
D1502,7117734,2026-09-23
D1502,7117760,2026-09-23
D1502,7117762,2026-09-23
D1502,7117780,2026-09-23
D1502,7117795,2026-09-23
D1502,7117803,2026-09-23
D1502,7117826,2026-09-23
D1502,7117853,2026-09-23
D1502,7126397,2026-09-24
D1502,7132324,2026-09-23
D1502,7132645,2026-09-23
D1502,7132656,2026-09-23
D1502,7148703,2026-09-23
D1502,7151068,2026-09-23
D1502,7151226,2026-09-23
D1502,7152322,2026-09-24
D1502,7153357,2026-09-24
D1502,7153805,2026-09-24
D1502,7154804,2026-09-24
D1502,7154889,2026-09-24
D1502,7155141,2026-09-24
D1502,7155147,2026-09-24
D1502,7155174,2026-09-24
D1502,7155196,2026-09-24
D1502,7158464,2026-09-24
D1502,7158492,2026-09-24
D1502,7158525,2026-09-24
D1502,7158532,2026-09-24
D1502,7158541,2026-09-24
D1502,7163024,2026-09-24
D1502,7164973,2026-09-24
D1502,7165172,2026-09-24
D1502,7165199,2026-09-24
D1502,7165955,2026-09-24
D1502,7344615,2026-09-24
D1502,7346268,2026-09-24
D1502,7346510,2026-09-24
D1502,7346865,2026-09-25
D1502,7346868,2026-09-25
D1502,7346883,2026-09-25
D1502,7346900,2026-09-25
D1502,7346905,2026-09-25
D1502,7347033,2026-09-25
D1502,7348333,2026-09-25
D1502,7348660,2026-09-25
D1502,7349559,2026-09-25
D1502,7349604,2026-09-25
D1502,7350101,2026-09-25
D1502,7350123,2026-09-25
D1502,7350753,2026-09-25
D1503,2049464,2026-08-30
D1503,206RVVZ,2026-09-18
D1503,209YQTH,2026-09-21
D1503,210GDYB,2026-09-24
D1503,210RWDB,2026-09-08
D1503,210YHYW,2026-09-24
D1503,211MRDN,2026-09-21
D1503,211NGLT,2026-09-23
D1503,211QRNC,2026-09-10
D1503,211SMBF,2026-09-14
D1503,212GTSD,2026-09-11
D1503,212MYJP,2026-09-16
D1503,212NSCP,2026-09-21
D1503,212PTST,2026-09-21
D1503,212RXHT,2026-09-24
D1503,212VBPD,2026-09-14
D1503,212VTJZ,2026-09-15
D1503,212YBVH,2026-09-23
D1503,212ZJGZ,2026-09-18
D1503,213CFLF,2026-09-21
D1503,213CMWP,2026-09-10
D1503,213CZPQ,2026-09-22
D1503,213DMDG,2026-09-16
D1503,213DXGP,2026-09-24
D1503,213FGYF,2026-09-01
D1503,213FPDN,2026-09-01
D1503,213FXBV,2026-09-17
D1503,213GJJD,2026-09-24
D1503,213HHJQ,2026-09-18
D1503,213HJZF,2026-09-23
D1503,213JWYL,2026-09-19
D1503,213KDKQ,2026-09-20
D1503,213KFPV,2026-09-15
D1503,213KHJK,2026-09-17
D1503,213KKCN,2026-09-04
D1503,213KNFX,2026-09-04
D1503,213LJHQ,2026-09-21
D1503,213LLMH,2026-09-17
D1503,213LSHM,2026-09-23
D1503,213MFBL,2026-09-23
D1503,213MJPR,2026-09-24
D1503,213MWLC,2026-09-23
D1503,213MYJN,2026-09-24
D1503,213MYJZ,2026-09-23
D1503,213MYNT,2026-09-24
D1503,213NCFG,2026-09-23
D1503,213NGNK,2026-09-24
D1503,213NKMY,2026-09-09
D1503,213NVBP,2026-09-24
D1503,213NWCT,2026-09-24
D1503,213NZGJ,2026-09-08
D1503,213PJNX,2026-09-24
D1503,213QBMR,2026-09-21
D1503,213RVVZ,2026-09-21
D1503,213RWMJ,2026-09-18
D1503,213RZVW,2026-09-11
D1503,213SHGK,2026-09-11
D1503,213SHTP,2026-09-11
D1503,213SKFW,2026-09-10
D1503,213SYMT,2026-09-11
D1503,213TDBF,2026-09-11
D1503,213TFQC,2026-09-11
D1503,213THKS,2026-09-22
D1503,213TJWL,2026-09-11
D1503,213TRLZ,2026-09-14
D1503,213VFFS,2026-09-14
D1503,213VLRY,2026-09-15
D1503,213VSFM,2026-09-15
D1503,213VSHY,2026-09-15
D1503,213VXHV,2026-09-14
D1503,213VZCQ,2026-09-14
D1503,213WFXR,2026-09-16
D1503,213XWZD,2026-09-17
D1503,213XYWN,2026-09-16
D1503,213YKJB,2026-09-17
D1503,213ZSXY,2026-09-18
D1503,213ZTMN,2026-09-17
D1503,213ZXNW,2026-09-17
D1503,213ZZVT,2026-09-23
D1503,214BLDD,2026-09-23
D1503,214BLFH,2026-09-23
D1503,214BPQM,2026-09-19
D1503,214BQFD,2026-09-21
D1503,214CGTC,2026-09-21
D1503,214DHDP,2026-09-22
D1503,214DMSP,2026-09-21
D1503,214DPNZ,2026-09-21
D1503,214FWCL,2026-09-22
D1503,214GGBQ,2026-09-22
D1503,214GVCH,2026-09-23
D1503,214HBVS,2026-09-23
D1503,214HHRT,2026-09-23
D1503,214JGPF,2026-09-24
D1503,214JTWP,2026-09-24
D1503,214JXJQ,2026-09-24
D1503,214JYJZ,2026-09-24
D1503,214KCTB,2026-09-24
D1503,2709198,2026-09-15
D1503,3333147,2026-08-27
D1503,3461068,2026-07-17
D1503,3768550,2026-07-14
D1503,3837335,2026-09-07
D1503,3857011,2026-07-22
D1503,3875357,2026-07-21
D1503,3878720,2026-07-22
D1503,3879885,2026-07-21
D1503,3879891,2026-07-22
D1503,3879921,2026-07-21
D1503,3882556,2026-07-21
D1503,3883770,2026-07-22
D1503,4052462,2026-09-15
D1503,4155380,2026-09-09
D1503,4485986,2026-09-22
D1503,4563966,2026-09-23
D1503,4567377,2026-07-22
D1503,4605299,2026-09-08
D1503,4703728,2026-07-27
D1503,4711100,2026-09-15
D1503,4712247,2026-09-17
D1503,4712254,2026-09-19
D1503,4733678,2026-08-07
D1503,4776961,2026-09-19
D1503,4780400,2026-09-06
D1503,4813539,2026-07-10
D1503,4818967,2026-08-24
D1503,4818980,2026-08-06
D1503,4871239,2026-07-21
D1503,4872540,2026-09-02
D1503,4888375,2026-09-02
D1503,5042629,2026-07-21
D1503,5065950,2026-08-09
D1503,5113355,2026-09-21
D1503,5184432,2026-09-10
D1503,5184504,2026-09-05
D1503,5184662,2026-09-05
D1503,5188191,2026-09-17
D1503,5227549,2026-08-31
D1503,5363980,2026-07-23
D1503,5364004,2026-09-08
D1503,5364304,2026-09-21
D1503,5364307,2026-09-08
D1503,5364322,2026-09-08
D1503,5364373,2026-09-08
D1503,5364384,2026-09-08
D1503,5364444,2026-07-23
D1503,5364461,2026-09-08
D1503,5364510,2026-08-26
D1503,5364548,2026-09-21
D1503,5364559,2026-09-21
D1503,5364573,2026-09-03
D1503,5364637,2026-09-08
D1503,5364658,2026-09-21
D1503,5364667,2026-09-21
D1503,5364691,2026-09-21
D1503,5364692,2026-09-08
D1503,5364704,2026-09-08
D1503,5364969,2026-08-29
D1503,5365015,2026-08-29
D1503,5365024,2026-08-29
D1503,5365060,2026-08-28
D1503,5365384,2026-09-08
D1503,5365535,2026-08-29
D1503,5365646,2026-09-21
D1503,5365956,2026-07-23
D1503,5366015,2026-09-21
D1503,5366026,2026-09-21
D1503,5366041,2026-09-21
D1503,5366111,2026-09-08
D1503,5366121,2026-09-21
D1503,5366127,2026-09-21
D1503,5366326,2026-08-22
D1503,5366330,2026-09-21
D1503,5366382,2026-09-21
D1503,5366437,2026-09-21
D1503,5366451,2026-09-09
D1503,5366623,2026-09-21
D1503,5366625,2026-09-21
D1503,5366641,2026-09-09
D1503,5366669,2026-09-21
D1503,5366740,2026-09-21
D1503,5366741,2026-09-09
D1503,5366760,2026-09-21
D1503,5366781,2026-09-21
D1503,5366790,2026-09-21
D1503,5366950,2026-09-21
D1503,5366983,2026-09-21
D1503,5367004,2026-09-21
D1503,5367011,2026-09-21
D1503,5367067,2026-09-09
D1503,5367081,2026-09-21
D1503,5367099,2026-09-21
D1503,5367112,2026-07-23
D1503,5367113,2026-09-21
D1503,5367155,2026-09-21
D1503,5367210,2026-07-23
D1503,5367231,2026-09-21
D1503,5367232,2026-09-21
D1503,5367266,2026-09-21
D1503,5367351,2026-09-21
D1503,5367421,2026-09-21
D1503,5367445,2026-09-21
D1503,5367456,2026-09-21
D1503,5367476,2026-09-21
D1503,5367480,2026-09-08
D1503,5367484,2026-09-21
D1503,5367493,2026-09-21
D1503,5367541,2026-09-21
D1503,5367606,2026-08-31
D1503,5367798,2026-09-21
D1503,5367815,2026-09-21
D1503,5367837,2026-09-21
D1503,5367845,2026-09-21
D1503,5367856,2026-09-21
D1503,5367901,2026-09-21
D1503,5367902,2026-09-21
D1503,5367995,2026-09-08
D1503,5368026,2026-09-21
D1503,5368072,2026-09-21
D1503,5368082,2026-09-21
D1503,5368087,2026-09-21
D1503,5368097,2026-08-31
D1503,5368099,2026-09-21
D1503,5368150,2026-09-21
D1503,5368172,2026-09-21
D1503,5368232,2026-08-30
D1503,5368253,2026-09-21
D1503,5368259,2026-09-21
D1503,5368324,2026-09-21
D1503,5368351,2026-09-21
D1503,5368361,2026-09-21
D1503,5368372,2026-09-21
D1503,5368386,2026-09-21
D1503,5368455,2026-09-21
D1503,5368457,2026-09-21
D1503,5368554,2026-09-21
D1503,5368569,2026-09-21
D1503,5368590,2026-09-21
D1503,5368626,2026-09-21
D1503,5368681,2026-09-21
D1503,5368687,2026-09-21
D1503,5368706,2026-09-21
D1503,5368773,2026-07-23
D1503,5368780,2026-09-21
D1503,5368850,2026-09-21
D1503,5368851,2026-09-21
D1503,5368916,2026-09-23
D1503,5368933,2026-09-21
D1503,5368966,2026-09-21
D1503,5368975,2026-09-21
D1503,5368988,2026-09-21
D1503,5369026,2026-09-21
D1503,5369057,2026-09-21
D1503,5369065,2026-09-21
D1503,5504816,2026-09-08
D1503,5505116,2026-09-08
D1503,5505149,2026-09-08
D1503,5505252,2026-08-27
D1503,5505269,2026-09-21
D1503,5519577,2026-07-29
D1503,5521546,2026-07-29
D1503,5552737,2026-07-29
D1503,5565774,2026-07-30
D1503,5572404,2026-08-29
D1503,5594377,2026-08-27
D1503,5603694,2026-08-31
D1503,5604706,2026-09-08
D1503,5634043,2026-08-01
D1503,5635699,2026-09-22
D1503,5640624,2026-09-21
D1503,5640692,2026-09-08
D1503,5691547,2026-08-04
D1503,5706250,2026-08-05
D1503,5708227,2026-08-05
D1503,5729305,2026-09-25
D1503,5730332,2026-09-25
D1503,5739563,2026-09-18
D1503,5740978,2026-09-04
D1503,5791752,2026-09-21
D1503,5795911,2026-09-15
D1503,5820250,2026-08-07
D1503,5836286,2026-08-08
D1503,5887525,2026-09-10
D1503,5887539,2026-09-08
D1503,5942356,2026-09-11
D1503,5947446,2026-09-21
D1503,5947534,2026-09-21
D1503,5947628,2026-09-21
D1503,5964327,2026-09-21
D1503,5965299,2026-08-13
D1503,5966958,2026-09-15
D1503,5976304,2026-09-21
D1503,6002736,2026-09-19
D1503,6059245,2026-09-19
D1503,6060357,2026-09-19
D1503,6062726,2026-09-21
D1503,6062770,2026-09-21
D1503,6063294,2026-09-21
D1503,6063434,2026-09-08
D1503,6088951,2026-09-17
D1503,6092766,2026-09-08
D1503,6092958,2026-09-21
D1503,6122069,2026-09-19
D1503,6122075,2026-08-20
D1503,6122171,2026-08-20
D1503,6122586,2026-09-18
D1503,6125383,2026-09-21
D1503,6125400,2026-09-21
D1503,6125413,2026-09-21
D1503,6143830,2026-08-20
D1503,6152875,2026-09-25
D1503,6156277,2026-08-21
D1503,6156504,2026-09-08
D1503,6156671,2026-09-21
D1503,6156684,2026-09-21
D1503,6187016,2026-08-22
D1503,6187151,2026-08-22
D1503,6189339,2026-09-08
D1503,6190178,2026-09-05
D1503,6190180,2026-09-02
D1503,6190236,2026-09-05
D1503,6190332,2026-09-21
D1503,6190355,2026-09-21
D1503,6190371,2026-09-05
D1503,6190430,2026-09-08
D1503,6190438,2026-09-08
D1503,6190495,2026-09-21
D1503,6190531,2026-09-08
D1503,6190534,2026-09-21
D1503,6242330,2026-09-23
D1503,6245263,2026-08-25
D1503,6247147,2026-09-21
D1503,6282600,2026-09-18
D1503,6304799,2026-08-26
D1503,6316435,2026-08-26
D1503,6321348,2026-09-25
D1503,6326446,2026-08-27
D1503,6327395,2026-08-27
D1503,6327407,2026-08-27
D1503,6364898,2026-08-28
D1503,6364916,2026-09-08
D1503,6365115,2026-08-28
D1503,6394681,2026-08-29
D1503,6395728,2026-09-21
D1503,6397864,2026-09-21
D1503,6399601,2026-08-29
D1503,6424641,2026-09-24
D1503,6431197,2026-08-30
D1503,6444986,2026-09-01
D1503,6445060,2026-08-31
D1503,6460167,2026-09-01
D1503,6473877,2026-09-24
D1503,6478652,2026-09-01
D1503,6480620,2026-09-01
D1503,6480761,2026-09-08
D1503,6501444,2026-09-25
D1503,6513651,2026-09-02
D1503,6532425,2026-09-08
D1503,6537575,2026-09-03
D1503,6538203,2026-09-25
D1503,6538205,2026-09-03
D1503,6544210,2026-09-03
D1503,6592286,2026-09-04
D1503,6592462,2026-09-04
D1503,6592646,2026-09-04
D1503,6596642,2026-09-04
D1503,6602652,2026-09-04
D1503,6602713,2026-09-04
D1503,6602730,2026-09-04
D1503,6602803,2026-09-04
D1503,6634053,2026-09-04
D1503,6634145,2026-09-04
D1503,6639958,2026-09-05
D1503,6642302,2026-09-05
D1503,6642404,2026-09-05
D1503,6645311,2026-09-05
D1503,6645327,2026-09-05
D1503,6645522,2026-09-05
D1503,6645622,2026-09-05
D1503,6677748,2026-09-08
D1503,6682231,2026-09-06
D1503,6682794,2026-09-06
D1503,6700609,2026-09-15
D1503,6704044,2026-09-08
D1503,6710539,2026-09-08
D1503,6711071,2026-09-08
D1503,6711096,2026-09-08
D1503,6711259,2026-09-08
D1503,6711265,2026-09-08
D1503,6711318,2026-09-08
D1503,6711320,2026-09-08
D1503,6711352,2026-09-08
D1503,6732228,2026-09-08
D1503,6746651,2026-09-09
D1503,6748301,2026-09-09
D1503,6748342,2026-09-09
D1503,6753244,2026-09-09
D1503,6778734,2026-09-10
D1503,6779845,2026-09-10
D1503,6783094,2026-09-10
D1503,6783103,2026-09-10
D1503,6783377,2026-09-10
D1503,6783443,2026-09-10
D1503,6783500,2026-09-10
D1503,6803275,2026-09-10
D1503,6805403,2026-09-10
D1503,6808366,2026-09-11
D1503,6808374,2026-09-11
D1503,6847865,2026-09-12
D1503,6862745,2026-09-15
D1503,6862754,2026-09-15
D1503,6862756,2026-09-15
D1503,6862762,2026-09-15
D1503,6862768,2026-09-15
D1503,6862774,2026-09-15
D1503,6862779,2026-09-15
D1503,6862786,2026-09-15
D1503,6882144,2026-09-21
D1503,6882840,2026-09-15
D1503,6884739,2026-09-18
D1503,6884968,2026-09-15
D1503,6885075,2026-09-15
D1503,6885124,2026-09-15
D1503,6886158,2026-09-15
D1503,6887501,2026-09-15
D1503,6893574,2026-09-15
D1503,6909999,2026-09-16
D1503,6910325,2026-09-16
D1503,6930149,2026-09-16
D1503,6945005,2026-09-17
D1503,6945015,2026-09-17
D1503,6946283,2026-09-17
D1503,6947619,2026-09-17
D1503,6969446,2026-09-18
D1503,6970113,2026-09-18
D1503,6971427,2026-09-18
D1503,6993356,2026-09-18
D1503,6994751,2026-09-18
D1503,6994828,2026-09-18
D1503,6999971,2026-09-18
D1503,7004112,2026-09-18
D1503,7004202,2026-09-18
D1503,7004553,2026-09-18
D1503,7004567,2026-09-18
D1503,7006078,2026-09-18
D1503,7006835,2026-09-18
D1503,7011797,2026-09-25
D1503,7031694,2026-09-19
D1503,7035354,2026-09-19
D1503,7053075,2026-09-22
D1503,7060636,2026-09-21
D1503,7061286,2026-09-21
D1503,7061307,2026-09-21
D1503,7061345,2026-09-21
D1503,7061352,2026-09-21
D1503,7061401,2026-09-21
D1503,7061817,2026-09-21
D1503,7061898,2026-09-21
D1503,7061995,2026-09-21
D1503,7062001,2026-09-21
D1503,7062144,2026-09-21
D1503,7062173,2026-09-21
D1503,7062201,2026-09-21
D1503,7062214,2026-09-21
D1503,7062223,2026-09-21
D1503,7062248,2026-09-21
D1503,7062539,2026-09-21
D1503,7062556,2026-09-21
D1503,7062643,2026-09-21
D1503,7062651,2026-09-21
D1503,7066793,2026-09-21
D1503,7067995,2026-09-22
D1503,7071458,2026-09-22
D1503,7071508,2026-09-22
D1503,7072204,2026-09-22
D1503,7072263,2026-09-22
D1503,7072490,2026-09-22
D1503,7074585,2026-09-22
D1503,7074657,2026-09-22
D1503,7074681,2026-09-22
D1503,7074779,2026-09-22
D1503,7100072,2026-09-22
D1503,7102238,2026-09-22
D1503,7107993,2026-09-23
D1503,7108278,2026-09-23
D1503,7110446,2026-09-23
D1503,7110502,2026-09-23
D1503,7110508,2026-09-23
D1503,7110522,2026-09-23
D1503,7112459,2026-09-23
D1503,7117811,2026-09-23
D1503,7117816,2026-09-23
D1503,7117851,2026-09-23
D1503,7132619,2026-09-23
D1503,7137916,2026-09-23
D1503,7137924,2026-09-23
D1503,7154333,2026-09-24
D1503,7154819,2026-09-24
D1503,7155194,2026-09-24
D1503,7155266,2026-09-24
D1503,7161972,2026-09-24
D1503,7348314,2026-09-25
D1503,7348319,2026-09-25
D1503,7349525,2026-09-25
D1503,7349619,2026-09-25
D1503,7350248,2026-09-25
D1503,7352229,2026-09-25
D1504,0908246,2026-09-01
D1504,0908258,2026-09-01
D1504,207RCZY,2026-09-11
D1504,207ZRZS,2026-09-09
D1504,208NWLM,2026-09-16
D1504,208VKPL,2026-09-08
D1504,209GZXS,2026-09-18
D1504,209KGNV,2026-09-23
D1504,209PFDB,2026-09-24
D1504,209PFDL,2026-09-17
D1504,209SHPG,2026-08-31
D1504,210HJKT,2026-08-31
D1504,210RPFC,2026-09-23
D1504,210SJKR,2026-08-28
D1504,210XHNH,2026-09-03
D1504,211FHQR,2026-09-16
D1504,211FKSR,2026-09-21
D1504,211GBHP,2026-09-10
D1504,211GXRP,2026-09-15
D1504,211HJLK,2026-09-11
D1504,211HJNL,2026-09-24
D1504,211HJNR,2026-09-22
D1504,211NXKP,2026-09-24
D1504,211PCBY,2026-09-10
D1504,211QCYX,2026-09-14
D1504,211VHVP,2026-08-26
D1504,211VKFP,2026-09-17
D1504,211XKZW,2026-09-21
D1504,211YVRQ,2026-09-22
D1504,212BWBH,2026-09-21
D1504,212FBLB,2026-09-08
D1504,212FCPP,2026-09-21
D1504,212JQCV,2026-09-21
D1504,212QGFD,2026-09-22
D1504,212SJMN,2026-09-17
D1504,212SJRN,2026-09-17
D1504,212SKDP,2026-09-17
D1504,212SKDY,2026-09-14
D1504,212SKFC,2026-09-17
D1504,212SKFR,2026-09-17
D1504,212SKKG,2026-09-17
D1504,212SKKJ,2026-09-17
D1504,212SKKL,2026-09-17
D1504,212SKKP,2026-09-17
D1504,212SPHQ,2026-09-08
D1504,212SXTY,2026-09-21
D1504,212VNDK,2026-09-24
D1504,212VVCS,2026-09-24
D1504,212VVXN,2026-09-24
D1504,212VZLF,2026-09-21
D1504,212WBNJ,2026-09-21
D1504,212WBNK,2026-09-21
D1504,212WCRQ,2026-09-21
D1504,212WTMG,2026-09-22
D1504,212WTNM,2026-09-22
D1504,212XBQQ,2026-09-23
D1504,212YLVL,2026-09-24
D1504,212YNNP,2026-09-23
D1504,212YZLC,2026-09-16
D1504,212ZDJL,2026-09-09
D1504,212ZTQQ,2026-09-12
D1504,212ZXWD,2026-09-21
D1504,213BGMF,2026-09-23
D1504,213BMSH,2026-09-24
D1504,213CFTZ,2026-08-31
D1504,213CLZV,2026-09-16
D1504,213CLZY,2026-09-22
D1504,213DBFM,2026-09-16
D1504,213DPYX,2026-09-16
D1504,213DSXC,2026-09-18
D1504,213DZTH,2026-09-24
D1504,213FDCZ,2026-09-04
D1504,213FSSL,2026-09-17
D1504,213FXTC,2026-09-17
D1504,213GRZR,2026-09-22
D1504,213GVMN,2026-09-11
D1504,213HKCP,2026-09-22
D1504,213HKRY,2026-09-23
D1504,213HWQP,2026-09-14
D1504,213HXZN,2026-09-18
D1504,213JXGQ,2026-09-19
D1504,213KCSF,2026-09-04
D1504,213KHTH,2026-09-16
D1504,213KHVT,2026-09-16
D1504,213KHXQ,2026-09-16
D1504,213KKQX,2026-09-22
D1504,213KSSN,2026-09-18
D1504,213KYFM,2026-09-21
D1504,213KYTB,2026-09-04
D1504,213LVZN,2026-09-07
D1504,213LYRX,2026-09-23
D1504,213MBDY,2026-09-23
D1504,213MBGF,2026-09-16
D1504,213MBHC,2026-09-23
D1504,213MDKP,2026-09-23
D1504,213MHSW,2026-09-07
D1504,213MKKY,2026-09-08
D1504,213MYLF,2026-09-23
D1504,213MYMK,2026-09-24
D1504,213MYSL,2026-09-24
D1504,213NBYK,2026-09-23
D1504,213NBYL,2026-09-23
D1504,213NHJW,2026-09-18
D1504,213NQDL,2026-09-24
D1504,213NQMD,2026-09-08
D1504,213NZXQ,2026-09-24
D1504,213PJZV,2026-09-24
D1504,213PTRS,2026-09-09
D1504,213QDGP,2026-09-09
D1504,213QDRR,2026-09-22
D1504,213QFBW,2026-09-09
D1504,213QFZJ,2026-09-21
D1504,213QJKH,2026-09-14
D1504,213QJKL,2026-09-17
D1504,213QJKM,2026-09-10
D1504,213QJKP,2026-09-22
D1504,213QJKR,2026-09-22
D1504,213QJKS,2026-09-18
D1504,213QJKW,2026-09-10
D1504,213QJKX,2026-09-21
D1504,213QJLB,2026-09-22
D1504,213QJLC,2026-09-10
D1504,213QJLD,2026-09-10
D1504,213QJLF,2026-09-22
D1504,213QJLH,2026-09-15
D1504,213QJLJ,2026-09-15
D1504,213QJLL,2026-09-09
D1504,213QNLC,2026-09-22
D1504,213QNRP,2026-09-09
D1504,213QNTS,2026-09-22
D1504,213QNVJ,2026-09-22
D1504,213QNXQ,2026-09-22
D1504,213RDXJ,2026-09-22
D1504,213RKXW,2026-09-19
D1504,213RKXY,2026-09-10
D1504,213RKYF,2026-09-19
D1504,213RKYH,2026-09-23
D1504,213RKYQ,2026-09-23
D1504,213RKYR,2026-09-23
D1504,213RKYV,2026-09-23
D1504,213SKMW,2026-09-18
D1504,213SNCH,2026-09-22
D1504,213SXLD,2026-09-11
D1504,213SXPM,2026-09-11
D1504,213SXRX,2026-09-11
D1504,213SZVP,2026-09-11
D1504,213TMJC,2026-09-14
D1504,213TYBN,2026-09-14
D1504,213VNYT,2026-09-14
D1504,213VQKQ,2026-09-23
D1504,213VSVM,2026-09-24
D1504,213VVJH,2026-09-14
D1504,213VWBN,2026-09-15
D1504,213VZSK,2026-09-14
D1504,213WGDN,2026-09-15
D1504,213WQNQ,2026-09-15
D1504,213WXLJ,2026-09-15
D1504,213WXSN,2026-09-15
D1504,213XGXC,2026-09-15
D1504,213XYJK,2026-09-16
D1504,213YBSK,2026-09-16
D1504,213YHMF,2026-09-16
D1504,213YJMG,2026-09-16
D1504,213YNBT,2026-09-16
D1504,213YNWV,2026-09-23
D1504,213YQTR,2026-09-16
D1504,213YRGJ,2026-09-16
D1504,213YWTP,2026-09-18
D1504,213ZQHR,2026-09-17
D1504,213ZQQT,2026-09-17
D1504,213ZQZX,2026-09-22
D1504,213ZXBV,2026-09-17
D1504,213ZXHQ,2026-09-17
D1504,213ZXJK,2026-09-17
D1504,213ZXPP,2026-09-17
D1504,213ZYGQ,2026-09-17
D1504,213ZYQC,2026-09-17
D1504,213ZYQV,2026-09-17
D1504,213ZYTV,2026-09-17
D1504,213ZYWF,2026-09-17
D1504,213ZYXQ,2026-09-17
D1504,213ZYYR,2026-09-17
D1504,214BSTM,2026-09-21
D1504,214BVFR,2026-09-18
D1504,214BWMH,2026-09-22
D1504,214BXRH,2026-09-22
D1504,214BYTV,2026-09-22
D1504,214CBJJ,2026-09-21
D1504,214CRWQ,2026-09-21
D1504,214DHPZ,2026-09-21
D1504,214DJLM,2026-09-22
D1504,214DJLQ,2026-09-21
D1504,214DVGQ,2026-09-21
D1504,214DZFC,2026-09-21
D1504,214DZRX,2026-09-22
D1504,214FCGK,2026-09-22
D1504,214FJRZ,2026-09-22
D1504,214FPCY,2026-09-22
D1504,214FXFH,2026-09-23
D1504,214GHTZ,2026-09-23
D1504,214GPGH,2026-09-24
D1504,214GWLJ,2026-09-23
D1504,214HCMD,2026-09-23
D1504,214HCNW,2026-09-23
D1504,214HCPL,2026-09-23
D1504,214HCQL,2026-09-23
D1504,214HCQW,2026-09-23
D1504,214HCRP,2026-09-23
D1504,214HCRZ,2026-09-23
D1504,214HCTB,2026-09-23
D1504,214HCTL,2026-09-23
D1504,214HCTZ,2026-09-23
D1504,214HCVP,2026-09-23
D1504,214HCWL,2026-09-23
D1504,214HCXF,2026-09-23
D1504,214HCXZ,2026-09-23
D1504,214HDPL,2026-09-24
D1504,214HDPX,2026-09-23
D1504,214HJBZ,2026-09-23
D1504,214HKZV,2026-09-23
D1504,214HNBV,2026-09-24
D1504,214HPPV,2026-09-24
D1504,214HRWS,2026-09-23
D1504,214HSZB,2026-09-24
D1504,214HVCF,2026-09-23
D1504,214HYZY,2026-09-24
D1504,214HZHD,2026-09-24
D1504,214JBSH,2026-09-24
D1504,214JCGZ,2026-09-24
D1504,214JCHB,2026-09-24
D1504,214JFZV,2026-09-24
D1504,214JKDP,2026-09-24
D1504,214JSRT,2026-09-24
D1504,214JSSG,2026-09-24
D1504,214JSSJ,2026-09-24
D1504,214JZMT,2026-09-24
D1504,2887520,2026-09-10
D1504,2970828,2026-09-21
D1504,3425606,2026-09-21
D1504,3634035,2026-09-21
D1504,3672114,2026-07-27
D1504,3809207,2026-07-07
D1504,3854919,2026-07-22
D1504,3855009,2026-08-28
D1504,3857508,2026-07-22
D1504,3858675,2026-07-21
D1504,3858923,2026-07-22
D1504,3875013,2026-07-21
D1504,3875088,2026-07-21
D1504,3875105,2026-07-21
D1504,3875171,2026-07-21
D1504,3875206,2026-07-21
D1504,3875275,2026-07-21
D1504,3875310,2026-07-21
D1504,3875437,2026-07-21
D1504,3875499,2026-07-21
D1504,3875508,2026-07-21
D1504,3875888,2026-07-21
D1504,3875959,2026-07-21
D1504,3876100,2026-07-21
D1504,3876452,2026-07-21
D1504,3876627,2026-07-21
D1504,3877103,2026-07-21
D1504,3878493,2026-07-21
D1504,3878584,2026-07-21
D1504,3878604,2026-07-21
D1504,3878786,2026-07-15
D1504,3878881,2026-07-21
D1504,3878927,2026-07-21
D1504,3879262,2026-07-21
D1504,3879281,2026-07-21
D1504,3879343,2026-07-21
D1504,3879430,2026-07-21
D1504,3879525,2026-07-21
D1504,3879654,2026-07-21
D1504,3879715,2026-07-21
D1504,3879806,2026-07-21
D1504,3879817,2026-07-22
D1504,3879858,2026-07-21
D1504,3879943,2026-07-21
D1504,3880117,2026-07-21
D1504,3880218,2026-07-21
D1504,3880249,2026-07-21
D1504,3880322,2026-07-21
D1504,3882632,2026-07-21
D1504,3883509,2026-07-22
D1504,3883731,2026-07-22
D1504,3970625,2026-07-06
D1504,4154297,2026-09-10
D1504,4165875,2026-07-22
D1504,4166206,2026-07-22
D1504,4166565,2026-07-22
D1504,4296294,2026-06-27
D1504,4296429,2026-06-27
D1504,4296532,2026-06-27
D1504,4296586,2026-08-31
D1504,4304937,2026-09-21
D1504,4364473,2026-06-30
D1504,4405533,2026-06-30
D1504,4405579,2026-07-03
D1504,4440183,2026-07-01
D1504,4460890,2026-07-01
D1504,4499918,2026-07-03
D1504,4510946,2026-09-24
D1504,4533924,2026-07-03
D1504,4575867,2026-07-22
D1504,4664137,2026-07-07
D1504,4669543,2026-08-14
D1504,4686066,2026-09-21
D1504,4703752,2026-07-27
D1504,4708213,2026-09-23
D1504,4745781,2026-09-21
D1504,4817812,2026-09-24
D1504,4817925,2026-09-24
D1504,4851522,2026-09-21
D1504,4851531,2026-09-21
D1504,4870539,2026-07-22
D1504,4955090,2026-08-28
D1504,4973617,2026-07-21
D1504,5041278,2026-08-25
D1504,5079757,2026-09-02
D1504,5081519,2026-07-21
D1504,5130844,2026-09-10
D1504,5152709,2026-09-15
D1504,5163028,2026-07-20
D1504,5163056,2026-07-20
D1504,5176722,2026-08-06
D1504,5195593,2026-09-21
D1504,5195615,2026-09-21
D1504,5204855,2026-07-21
D1504,5227562,2026-08-31
D1504,5352252,2026-08-20
D1504,5363910,2026-09-21
D1504,5365523,2026-08-29
D1504,5366854,2026-09-08
D1504,5367237,2026-09-21
D1504,5367997,2026-09-21
D1504,5368242,2026-08-30
D1504,5368564,2026-09-08
D1504,5385330,2026-07-23
D1504,5434224,2026-09-24
D1504,5462371,2026-07-25
D1504,5489513,2026-07-27
D1504,5489667,2026-07-27
D1504,5553321,2026-07-29
D1504,5553369,2026-07-29
D1504,5562822,2026-09-23
D1504,5572482,2026-09-21
D1504,5585798,2026-08-08
D1504,5587119,2026-07-30
D1504,5620784,2026-07-31
D1504,5629095,2026-09-24
D1504,5640644,2026-09-08
D1504,5659501,2026-08-01
D1504,5711263,2026-08-05
D1504,5734260,2026-09-03
D1504,5780633,2026-08-29
D1504,5785072,2026-09-24
D1504,5785214,2026-09-24
D1504,5785454,2026-09-24
D1504,5785460,2026-09-24
D1504,5879310,2026-08-10
D1504,5901229,2026-08-11
D1504,5904173,2026-08-11
D1504,5907444,2026-08-11
D1504,5907463,2026-08-11
D1504,5938431,2026-08-20
D1504,5938463,2026-08-12
D1504,5963081,2026-08-13
D1504,5976291,2026-09-02
D1504,5999570,2026-08-14
D1504,6000844,2026-08-14
D1504,6002733,2026-09-19
D1504,6003563,2026-09-15
D1504,6021165,2026-08-15
D1504,6025952,2026-09-24
D1504,6030873,2026-09-21
D1504,6049415,2026-08-17
D1504,6049442,2026-08-19
D1504,6062420,2026-09-21
D1504,6079293,2026-08-18
D1504,6114195,2026-08-26
D1504,6119360,2026-09-15
D1504,6141991,2026-09-08
D1504,6141994,2026-08-20
D1504,6141996,2026-09-08
D1504,6156274,2026-09-21
D1504,6178279,2026-08-21
D1504,6180462,2026-09-21
D1504,6189122,2026-09-23
D1504,6190128,2026-09-21
D1504,6190466,2026-09-08
D1504,6207951,2026-08-22
D1504,6211764,2026-08-22
D1504,6231142,2026-08-26
D1504,6233899,2026-08-24
D1504,6233954,2026-08-24
D1504,6240446,2026-09-23
D1504,6246763,2026-09-24
D1504,6246765,2026-09-24
D1504,6246778,2026-09-24
D1504,6246782,2026-09-24
D1504,6246783,2026-09-24
D1504,6246784,2026-09-24
D1504,6246786,2026-09-24
D1504,6246788,2026-09-24
D1504,6246789,2026-09-24
D1504,6246790,2026-09-24
D1504,6246791,2026-09-24
D1504,6246793,2026-09-24
D1504,6246803,2026-09-24
D1504,6246807,2026-09-24
D1504,6246808,2026-09-24
D1504,6246814,2026-09-24
D1504,6246815,2026-09-24
D1504,6246819,2026-09-24
D1504,6246858,2026-09-24
D1504,6246872,2026-09-24
D1504,6246885,2026-09-24
D1504,6246886,2026-09-24
D1504,6246910,2026-09-24
D1504,6246911,2026-09-24
D1504,6313535,2026-08-27
D1504,6326243,2026-08-27
D1504,6341929,2026-08-27
D1504,6344321,2026-08-28
D1504,6344529,2026-08-28
D1504,6357148,2026-09-15
D1504,6380950,2026-08-28
D1504,6381008,2026-08-28
D1504,6382705,2026-08-28
D1504,6391259,2026-08-28
D1504,6391264,2026-09-09
D1504,6391276,2026-09-09
D1504,6391298,2026-09-09
D1504,6391311,2026-09-02
D1504,6394201,2026-09-24
D1504,6394216,2026-09-24
D1504,6394225,2026-09-24
D1504,6398050,2026-09-21
D1504,6419859,2026-08-29
D1504,6424322,2026-08-29
D1504,6424334,2026-09-02
D1504,6426521,2026-09-20
D1504,6437415,2026-08-30
D1504,6445088,2026-08-31
D1504,6465334,2026-09-09
D1504,6465366,2026-09-05
D1504,6465367,2026-08-31
D1504,6466052,2026-09-08
D1504,6471605,2026-09-18
D1504,6471950,2026-09-18
D1504,6472061,2026-09-24
D1504,6498233,2026-09-01
D1504,6498234,2026-09-01
D1504,6498248,2026-09-07
D1504,6498257,2026-09-01
D1504,6498807,2026-09-01
D1504,6505004,2026-09-25
D1504,6505043,2026-09-25
D1504,6505129,2026-09-25
D1504,6505279,2026-09-25
D1504,6505991,2026-09-19
D1504,6517931,2026-09-02
D1504,6519150,2026-09-02
D1504,6520693,2026-09-02
D1504,6520867,2026-09-11
D1504,6531328,2026-09-02
D1504,6531375,2026-09-02
D1504,6532638,2026-09-08
D1504,6537137,2026-09-03
D1504,6538071,2026-09-03
D1504,6538198,2026-09-03
D1504,6544063,2026-09-03
D1504,6568689,2026-09-03
D1504,6568725,2026-09-03
D1504,6576207,2026-09-03
D1504,6581714,2026-09-03
D1504,6581734,2026-09-05
D1504,6594647,2026-09-21
D1504,6595221,2026-09-04
D1504,6595328,2026-09-04
D1504,6602317,2026-09-04
D1504,6625326,2026-09-04
D1504,6634273,2026-09-04
D1504,6634307,2026-09-04
D1504,6634354,2026-09-04
D1504,6635141,2026-09-08
D1504,6635365,2026-09-24
D1504,6635827,2026-09-04
D1504,6636228,2026-09-04
D1504,6639654,2026-09-05
D1504,6640107,2026-09-05
D1504,6640144,2026-09-05
D1504,6645309,2026-09-05
D1504,6645314,2026-09-05
D1504,6645323,2026-09-05
D1504,6645324,2026-09-05
D1504,6645589,2026-09-05
D1504,6645774,2026-09-05
D1504,6666028,2026-09-05
D1504,6672945,2026-09-05
D1504,6672946,2026-09-05
D1504,6672977,2026-09-05
D1504,6672983,2026-09-05
D1504,6675923,2026-09-18
D1504,6676052,2026-09-18
D1504,6677770,2026-09-06
D1504,6695562,2026-09-07
D1504,6696883,2026-09-08
D1504,6696988,2026-09-07
D1504,6704332,2026-09-25
D1504,6704536,2026-09-08
D1504,6710834,2026-09-08
D1504,6728227,2026-09-11
D1504,6729130,2026-09-08
D1504,6735333,2026-09-08
D1504,6736290,2026-09-08
D1504,6740281,2026-09-09
D1504,6740886,2026-09-09
D1504,6745062,2026-09-09
D1504,6745354,2026-09-09
D1504,6746528,2026-09-09
D1504,6746739,2026-09-09
D1504,6753079,2026-09-09
D1504,6753100,2026-09-09
D1504,6753101,2026-09-09
D1504,6753105,2026-09-09
D1504,6765012,2026-09-24
D1504,6766003,2026-09-10
D1504,6774649,2026-09-09
D1504,6774661,2026-09-09
D1504,6774684,2026-09-09
D1504,6774688,2026-09-09
D1504,6776932,2026-09-10
D1504,6778421,2026-09-10
D1504,6778565,2026-09-10
D1504,6780974,2026-09-10
D1504,6780975,2026-09-10
D1504,6780986,2026-09-10
D1504,6783092,2026-09-10
D1504,6783093,2026-09-10
D1504,6783292,2026-09-10
D1504,6783294,2026-09-10
D1504,6783295,2026-09-10
D1504,6798073,2026-09-10
D1504,6798238,2026-09-10
D1504,6798242,2026-09-10
D1504,6798262,2026-09-10
D1504,6800263,2026-09-10
D1504,6802739,2026-09-10
D1504,6804392,2026-09-10
D1504,6806102,2026-09-24
D1504,6808063,2026-09-11
D1504,6826058,2026-09-11
D1504,6831715,2026-09-12
D1504,6831719,2026-09-12
D1504,6831721,2026-09-12
D1504,6831751,2026-09-12
D1504,6831785,2026-09-12
D1504,6831788,2026-09-12
D1504,6831877,2026-09-12
D1504,6831930,2026-09-12
D1504,6831941,2026-09-12
D1504,6832053,2026-09-12
D1504,6832088,2026-09-12
D1504,6832100,2026-09-12
D1504,6832116,2026-09-12
D1504,6832204,2026-09-12
D1504,6832274,2026-09-12
D1504,6832357,2026-09-12
D1504,6832405,2026-09-12
D1504,6832500,2026-09-12
D1504,6832565,2026-09-12
D1504,6832598,2026-09-12
D1504,6832624,2026-09-12
D1504,6832664,2026-09-12
D1504,6832667,2026-09-12
D1504,6832679,2026-09-12
D1504,6832693,2026-09-12
D1504,6832776,2026-09-12
D1504,6832802,2026-09-12
D1504,6832880,2026-09-12
D1504,6846806,2026-09-12
D1504,6862730,2026-09-15
D1504,6862742,2026-09-15
D1504,6862764,2026-09-15
D1504,6862773,2026-09-15
D1504,6862776,2026-09-15
D1504,6862790,2026-09-15
D1504,6863142,2026-09-15
D1504,6863286,2026-09-14
D1504,6881525,2026-09-15
D1504,6881529,2026-09-15
D1504,6884364,2026-09-15
D1504,6884368,2026-09-15
D1504,6884388,2026-09-15
D1504,6884591,2026-09-15
D1504,6885184,2026-09-15
D1504,6888133,2026-09-15
D1504,6893529,2026-09-15
D1504,6895405,2026-09-15
D1504,6895612,2026-09-16
D1504,6895621,2026-09-15
D1504,6896819,2026-09-15
D1504,6908443,2026-09-16
D1504,6910634,2026-09-16
D1504,6910640,2026-09-16
D1504,6910649,2026-09-16
D1504,6910671,2026-09-16
D1504,6910675,2026-09-18
D1504,6910686,2026-09-16
D1504,6911300,2026-09-16
D1504,6929149,2026-09-16
D1504,6930648,2026-09-16
D1504,6935370,2026-09-16
D1504,6947284,2026-09-17
D1504,6961767,2026-09-17
D1504,6971517,2026-09-18
D1504,6971650,2026-09-18
D1504,6972435,2026-09-18
D1504,6987829,2026-09-18
D1504,6992334,2026-09-18
D1504,6993379,2026-09-18
D1504,6999483,2026-09-18
D1504,7005130,2026-09-18
D1504,7005835,2026-09-18
D1504,7006315,2026-09-18
D1504,7007084,2026-09-24
D1504,7007097,2026-09-24
D1504,7008266,2026-09-23
D1504,7008994,2026-09-18
D1504,7013091,2026-09-19
D1504,7014239,2026-09-19
D1504,7014246,2026-09-19
D1504,7015248,2026-09-19
D1504,7015257,2026-09-19
D1504,7031086,2026-09-19
D1504,7035415,2026-09-24
D1504,7035994,2026-09-19
D1504,7043219,2026-09-24
D1504,7053492,2026-09-21
D1504,7053773,2026-09-22
D1504,7058193,2026-09-21
D1504,7061578,2026-09-21
D1504,7061866,2026-09-21
D1504,7061964,2026-09-21
D1504,7062281,2026-09-21
D1504,7062670,2026-09-21
D1504,7062674,2026-09-21
D1504,7062675,2026-09-21
D1504,7066466,2026-09-24
D1504,7067639,2026-09-21
D1504,7070716,2026-09-22
D1504,7071090,2026-09-22
D1504,7072202,2026-09-22
D1504,7074724,2026-09-22
D1504,7090071,2026-09-22
D1504,7090944,2026-09-22
D1504,7090976,2026-09-22
D1504,7095165,2026-09-22
D1504,7097181,2026-09-22
D1504,7100022,2026-09-22
D1504,7103745,2026-09-22
D1504,7103801,2026-09-22
D1504,7107855,2026-09-23
D1504,7110266,2026-09-23
D1504,7117599,2026-09-23
D1504,7117778,2026-09-23
D1504,7117839,2026-09-23
D1504,7117854,2026-09-23
D1504,7132629,2026-09-23
D1504,7135462,2026-09-23
D1504,7136104,2026-09-23
D1504,7137888,2026-09-23
D1504,7137986,2026-09-23
D1504,7138040,2026-09-23
D1504,7138044,2026-09-23
D1504,7138066,2026-09-23
D1504,7138098,2026-09-23
D1504,7138099,2026-09-23
D1504,7138122,2026-09-23
D1504,7138133,2026-09-23
D1504,7138205,2026-09-23
D1504,7151121,2026-09-23
D1504,7153525,2026-09-24
D1504,7158209,2026-09-24
D1504,7158378,2026-09-24
D1504,7158379,2026-09-24
D1504,7158380,2026-09-24
D1504,7158382,2026-09-24
D1504,7158389,2026-09-24
D1504,7158392,2026-09-24
D1504,7158393,2026-09-24
D1504,7158395,2026-09-24
D1504,7158396,2026-09-24
D1504,7158397,2026-09-24
D1504,7158398,2026-09-24
D1504,7158400,2026-09-24
D1504,7158402,2026-09-24
D1504,7158403,2026-09-24
D1504,7158404,2026-09-24
D1504,7158405,2026-09-24
D1504,7158406,2026-09-24
D1504,7158407,2026-09-24
D1504,7158408,2026-09-24
D1504,7158412,2026-09-24
D1504,7158413,2026-09-24
D1504,7158439,2026-09-24
D1504,7158440,2026-09-24
D1504,7158453,2026-09-24
D1504,7158515,2026-09-24
D1504,7163967,2026-09-24
D1504,7165197,2026-09-24
D1504,7167231,2026-09-24
D1504,7345667,2026-09-24
D1504,7345740,2026-09-24
D1504,7346226,2026-09-24
D1504,7346282,2026-09-24
D1504,7346394,2026-09-24
D1504,7346466,2026-09-24
D1504,7350038,2026-09-25
D1504,7350399,2026-09-25
D1504,7352129,2026-09-25
D1504,7354737,2026-09-25
D1506,211LGQD,2026-09-24
D1506,212RBSR,2026-09-18
D1506,212WJHY,2026-09-21
D1506,212XDGL,2026-09-24
D1506,212XFJV,2026-09-23
D1506,213FPQK,2026-09-21
D1506,213GNWT,2026-09-18
D1506,213HZDR,2026-09-18
D1506,213JFBZ,2026-09-19
D1506,213JFJQ,2026-09-04
D1506,213JSNZ,2026-09-19
D1506,213JSRG,2026-09-19
D1506,213JVQK,2026-09-04
D1506,213JVVS,2026-09-19
D1506,213JWCZ,2026-09-04
D1506,213KDPY,2026-09-15
D1506,213KLCB,2026-09-04
D1506,213KWFJ,2026-09-18
D1506,213LDDV,2026-09-08
D1506,213LHCW,2026-09-20
D1506,213LPXR,2026-09-06
D1506,213LPXV,2026-09-06
D1506,213LZVJ,2026-09-07
D1506,213NFJS,2026-09-23
D1506,213PFFN,2026-09-24
D1506,213PKXF,2026-09-24
D1506,213PSGT,2026-09-09
D1506,213QSSF,2026-09-10
D1506,213RFPN,2026-09-22
D1506,213RFRG,2026-09-22
D1506,213RFVQ,2026-09-22
D1506,213RFYJ,2026-09-22
D1506,213RMMD,2026-09-10
D1506,213RNTW,2026-09-16
D1506,213RZWZ,2026-09-10
D1506,213SCGG,2026-09-23
D1506,213SMCM,2026-09-11
D1506,213SXMR,2026-09-11
D1506,213SXRS,2026-09-11
D1506,213SXTG,2026-09-23
D1506,213SXXB,2026-09-11
D1506,213SXYZ,2026-09-11
D1506,213SZCQ,2026-09-23
D1506,213SZFM,2026-09-11
D1506,213SZGV,2026-09-11
D1506,213SZHM,2026-09-11
D1506,213TDMF,2026-09-21
D1506,213TVLM,2026-09-12
D1506,213TWTH,2026-09-14
D1506,213VSBF,2026-09-18
D1506,213WBSB,2026-09-15
D1506,213WNXH,2026-09-15
D1506,213WNZD,2026-09-16
D1506,213WPJN,2026-09-15
D1506,213WPKV,2026-09-15
D1506,213WPMB,2026-09-15
D1506,213WPNB,2026-09-15
D1506,213XHTT,2026-09-22
D1506,213YRNM,2026-09-16
D1506,213ZPNM,2026-09-17
D1506,213ZQZP,2026-09-24
D1506,214BCVK,2026-09-21
D1506,214BPLY,2026-09-18
D1506,214CFFD,2026-09-18
D1506,214CFMT,2026-09-18
D1506,214CFRG,2026-09-18
D1506,214CFVP,2026-09-18
D1506,214CFZM,2026-09-18
D1506,214CGCX,2026-09-18
D1506,214CMKZ,2026-09-21
D1506,214CMNS,2026-09-21
D1506,214CMPZ,2026-09-21
D1506,214CMSV,2026-09-21
D1506,214FCRN,2026-09-22
D1506,214FLDL,2026-09-22
D1506,214FLFN,2026-09-22
D1506,214FLJS,2026-09-22
D1506,214FLLH,2026-09-22
D1506,214FLMM,2026-09-22
D1506,214FQZD,2026-09-22
D1506,214GZBM,2026-09-23
D1506,214HKSK,2026-09-23
D1506,214HLJL,2026-09-23
D1506,214JCPL,2026-09-24
D1506,214JHSS,2026-09-24
D1506,214JSPT,2026-09-24
D1506,3874721,2026-07-21
D1506,3878936,2026-07-21
D1506,3879583,2026-07-22
D1506,4066549,2026-07-21
D1506,4296489,2026-06-27
D1506,4499328,2026-09-02
D1506,4647906,2026-09-23
D1506,4893542,2026-07-22
D1506,5202082,2026-07-21
D1506,5221483,2026-07-22
D1506,5570508,2026-09-25
D1506,5744229,2026-08-31
D1506,5744344,2026-09-11
D1506,5933710,2026-08-12
D1506,5993389,2026-08-14
D1506,6207919,2026-08-28
D1506,6344676,2026-08-27
D1506,6391217,2026-08-28
D1506,6474198,2026-09-24
D1506,6506964,2026-09-02
D1506,6539032,2026-09-04
D1506,6574732,2026-09-11
D1506,6625303,2026-09-04
D1506,6635525,2026-09-04
D1506,6635611,2026-09-04
D1506,6635825,2026-09-04
D1506,6666536,2026-09-05
D1506,6686700,2026-09-10
D1506,6692435,2026-09-08
D1506,6692497,2026-09-08
D1506,6735781,2026-09-08
D1506,6739847,2026-09-09
D1506,6743688,2026-09-21
D1506,6797276,2026-09-10
D1506,6798527,2026-09-10
D1506,6826644,2026-09-11
D1506,6832297,2026-09-12
D1506,6832369,2026-09-12
D1506,6847890,2026-09-12
D1506,6856308,2026-09-13
D1506,6863221,2026-09-14
D1506,7005536,2026-09-18
D1506,7015455,2026-09-19
D1506,7033791,2026-09-19
D1506,7158140,2026-09-24
D1508,1796440,2026-07-27
D1508,207WDSY,2026-09-22
D1508,207WDTJ,2026-09-22
D1508,208NWKW,2026-09-22
D1508,209SHXC,2026-09-22
D1508,210CSMM,2026-09-18
D1508,210MDGT,2026-09-11
D1508,210WWTX,2026-09-23
D1508,211BRKC,2026-09-18
D1508,211NTCH,2026-09-17
D1508,211TKML,2026-09-21
D1508,211VHVN,2026-09-22
D1508,211VHWC,2026-09-22
D1508,211VHYG,2026-09-22
D1508,212DZVB,2026-09-23
D1508,212JPPQ,2026-09-21
D1508,212KDPS,2026-09-16
D1508,212NKPP,2026-09-17
D1508,212NKQD,2026-09-21
D1508,212PLTY,2026-09-18
D1508,212SJQM,2026-09-17
D1508,212TGYB,2026-09-24
D1508,212TRYG,2026-09-22
D1508,212XBQJ,2026-09-23
D1508,212XDGF,2026-09-22
D1508,212XQBL,2026-09-22
D1508,212YFJH,2026-09-11
D1508,212YLQN,2026-09-22
D1508,212ZFQX,2026-08-28
D1508,213BJYS,2026-09-22
D1508,213CDMR,2026-09-14
D1508,213CDMS,2026-09-14
D1508,213DTRW,2026-09-22
D1508,213FCJV,2026-09-24
D1508,213FMQJ,2026-09-24
D1508,213GVNV,2026-09-18
D1508,213GVSH,2026-09-11
D1508,213HGWB,2026-09-24
D1508,213HLJP,2026-09-17
D1508,213HWWS,2026-09-07
D1508,213JXQZ,2026-09-04
D1508,213JZHZ,2026-09-19
D1508,213KCVF,2026-09-14
D1508,213KXNP,2026-09-23
D1508,213LCGV,2026-09-21
D1508,213LKGW,2026-09-20
D1508,213LRST,2026-09-23
D1508,213MDQM,2026-09-24
D1508,213MKNM,2026-09-23
D1508,213MLMM,2026-09-08
D1508,213MZMW,2026-09-14
D1508,213MZXV,2026-09-24
D1508,213NLKW,2026-09-08
D1508,213NQDK,2026-09-11
D1508,213NYKG,2026-09-24
D1508,213PCFH,2026-09-09
D1508,213PPBN,2026-09-24
D1508,213PZTG,2026-09-10
D1508,213QKKK,2026-09-09
D1508,213QPZL,2026-09-22
D1508,213QVWB,2026-09-21
D1508,213QVWM,2026-09-21
D1508,213QVWW,2026-09-17
D1508,213QXWV,2026-09-09
D1508,213RVFW,2026-09-15
D1508,213SDTB,2026-09-24
D1508,213SHTL,2026-09-11
D1508,213SZYR,2026-09-23
D1508,213SZZF,2026-09-14
D1508,213TDQD,2026-09-11
D1508,213TGYP,2026-09-11
D1508,213TRJL,2026-09-11
D1508,213VJZR,2026-09-15
D1508,213VMNB,2026-09-15
D1508,213VTLV,2026-09-15
D1508,213VYLN,2026-09-14
D1508,213VYPC,2026-09-14
D1508,213WCJK,2026-09-15
D1508,213WLKJ,2026-09-15
D1508,213WQBT,2026-09-15
D1508,213WQHZ,2026-09-15
D1508,213WVCC,2026-09-15
D1508,213XFVQ,2026-09-16
D1508,213XRHJ,2026-09-16
D1508,213XRHP,2026-09-16
D1508,213XVTZ,2026-09-16
D1508,213YPVK,2026-09-17
D1508,213YSGB,2026-09-21
D1508,213YWHP,2026-09-16
D1508,213YZGK,2026-09-17
D1508,213ZCJG,2026-09-17
D1508,213ZQFR,2026-09-17
D1508,213ZQZY,2026-09-17
D1508,213ZVXZ,2026-09-17
D1508,214BCKZ,2026-09-23
D1508,214BSVQ,2026-09-18
D1508,214BSVX,2026-09-21
D1508,214BTCJ,2026-09-18
D1508,214CFJH,2026-09-18
D1508,214DCDP,2026-09-22
D1508,214DSNP,2026-09-21
D1508,214FXDH,2026-09-22
D1508,214FXDK,2026-09-22
D1508,214FYBH,2026-09-22
D1508,214FZPB,2026-09-22
D1508,214GBPJ,2026-09-23
D1508,214GCGL,2026-09-22
D1508,214GKXS,2026-09-22
D1508,214GMDQ,2026-09-23
D1508,214GYYL,2026-09-23
D1508,214GZRD,2026-09-23
D1508,214GZXJ,2026-09-23
D1508,214HDNZ,2026-09-23
D1508,214HDXF,2026-09-24
D1508,214HGTC,2026-09-23
D1508,214HQBW,2026-09-23
D1508,214JGDT,2026-09-24
D1508,214JSRW,2026-09-24
D1508,214JTTT,2026-09-24
D1508,214JZMW,2026-09-24
D1508,214KCBV,2026-09-24
D1508,214KCBW,2026-09-24
D1508,214KCNK,2026-09-24
D1508,3559958,2026-09-21
D1508,3577324,2026-07-27
D1508,3613862,2026-07-27
D1508,3752141,2026-07-27
D1508,3854560,2026-07-22
D1508,3858568,2026-07-22
D1508,3858632,2026-07-22
D1508,3858861,2026-07-14
D1508,3860985,2026-07-14
D1508,3874563,2026-07-21
D1508,3874578,2026-07-21
D1508,3874624,2026-07-21
D1508,3874627,2026-07-21
D1508,3874657,2026-07-21
D1508,3874685,2026-07-21
D1508,3874854,2026-07-21
D1508,3874858,2026-07-21
D1508,3874881,2026-07-21
D1508,3874887,2026-07-21
D1508,3874896,2026-07-21
D1508,3874907,2026-07-21
D1508,3874925,2026-07-21
D1508,3874977,2026-07-21
D1508,3874979,2026-07-21
D1508,3875006,2026-07-21
D1508,3875026,2026-07-21
D1508,3875067,2026-07-21
D1508,3875069,2026-07-21
D1508,3875116,2026-07-21
D1508,3875156,2026-07-21
D1508,3875181,2026-07-21
D1508,3875200,2026-07-21
D1508,3875232,2026-07-21
D1508,3875242,2026-07-21
D1508,3875247,2026-07-21
D1508,3875263,2026-07-21
D1508,3875343,2026-07-21
D1508,3875373,2026-07-21
D1508,3875376,2026-07-21
D1508,3875416,2026-07-21
D1508,3875439,2026-07-21
D1508,3875486,2026-07-21
D1508,3875520,2026-07-21
D1508,3875564,2026-07-21
D1508,3875582,2026-07-21
D1508,3875592,2026-07-21
D1508,3875653,2026-07-21
D1508,3875790,2026-07-21
D1508,3875819,2026-07-21
D1508,3875828,2026-07-21
D1508,3875857,2026-07-21
D1508,3875904,2026-07-21
D1508,3875914,2026-07-21
D1508,3875929,2026-07-21
D1508,3875936,2026-07-22
D1508,3875941,2026-07-21
D1508,3875954,2026-07-21
D1508,3876010,2026-07-21
D1508,3876020,2026-07-21
D1508,3876045,2026-07-21
D1508,3876063,2026-07-21
D1508,3876093,2026-07-21
D1508,3876143,2026-07-21
D1508,3876155,2026-07-22
D1508,3876413,2026-07-21
D1508,3877084,2026-07-21
D1508,3877161,2026-07-21
D1508,3877171,2026-07-21
D1508,3877759,2026-07-21
D1508,3877774,2026-07-15
D1508,3878478,2026-07-21
D1508,3878609,2026-07-21
D1508,3878636,2026-07-21
D1508,3878831,2026-07-21
D1508,3878832,2026-07-21
D1508,3878845,2026-07-21
D1508,3878911,2026-07-21
D1508,3879000,2026-07-21
D1508,3879007,2026-07-21
D1508,3879027,2026-07-21
D1508,3879028,2026-07-21
D1508,3879035,2026-07-21
D1508,3879064,2026-07-21
D1508,3879089,2026-07-21
D1508,3879098,2026-07-21
D1508,3879099,2026-07-21
D1508,3879123,2026-07-21
D1508,3879138,2026-07-21
D1508,3879190,2026-07-21
D1508,3879255,2026-07-21
D1508,3879304,2026-07-21
D1508,3879315,2026-07-21
D1508,3879353,2026-07-21
D1508,3879395,2026-07-21
D1508,3879595,2026-07-21
D1508,3879643,2026-07-21
D1508,3879680,2026-07-21
D1508,3879766,2026-07-21
D1508,3879825,2026-07-21
D1508,3879917,2026-07-21
D1508,3879974,2026-07-21
D1508,3880080,2026-07-21
D1508,3880133,2026-07-21
D1508,3880164,2026-07-21
D1508,3880318,2026-07-21
D1508,3880394,2026-07-21
D1508,3880415,2026-07-21
D1508,3880425,2026-07-21
D1508,3880428,2026-07-21
D1508,3882516,2026-07-21
D1508,3882700,2026-07-21
D1508,3882705,2026-07-21
D1508,3882955,2026-07-21
D1508,3883067,2026-07-21
D1508,3883085,2026-07-21
D1508,3883461,2026-07-22
D1508,3883510,2026-07-22
D1508,3883557,2026-07-22
D1508,3976535,2026-07-27
D1508,4187296,2026-07-27
D1508,4242070,2026-07-21
D1508,4244836,2026-07-27
D1508,4296346,2026-08-31
D1508,4296425,2026-06-27
D1508,4296527,2026-08-31
D1508,4414198,2026-07-21
D1508,4414384,2026-07-27
D1508,4516563,2026-07-21
D1508,4518597,2026-07-21
D1508,4518609,2026-07-21
D1508,4524192,2026-09-21
D1508,4602336,2026-07-27
D1508,4602466,2026-09-08
D1508,4606351,2026-07-06
D1508,4670477,2026-09-02
D1508,4670565,2026-09-12
D1508,4686362,2026-07-22
D1508,4703706,2026-08-14
D1508,4770168,2026-07-22
D1508,4770448,2026-07-22
D1508,4808601,2026-07-27
D1508,4873261,2026-07-21
D1508,4878931,2026-07-21
D1508,4965780,2026-07-21
D1508,4966243,2026-09-15
D1508,4973860,2026-09-21
D1508,5042466,2026-07-21
D1508,5042471,2026-07-21
D1508,5042633,2026-07-21
D1508,5054072,2026-07-16
D1508,5058052,2026-07-27
D1508,5069181,2026-09-10
D1508,5079771,2026-07-22
D1508,5184684,2026-09-15
D1508,5203233,2026-07-22
D1508,5227541,2026-08-31
D1508,5364150,2026-09-21
D1508,5364271,2026-09-21
D1508,5364301,2026-09-21
D1508,5364305,2026-09-08
D1508,5364546,2026-09-21
D1508,5364592,2026-09-03
D1508,5365633,2026-08-30
D1508,5365773,2026-09-08
D1508,5366070,2026-09-21
D1508,5366180,2026-09-08
D1508,5366372,2026-09-21
D1508,5366384,2026-09-21
D1508,5366486,2026-08-29
D1508,5366628,2026-09-08
D1508,5366726,2026-09-21
D1508,5366798,2026-09-08
D1508,5366871,2026-09-21
D1508,5367034,2026-09-21
D1508,5367107,2026-09-21
D1508,5367178,2026-09-09
D1508,5367296,2026-09-21
D1508,5367339,2026-09-21
D1508,5367352,2026-09-21
D1508,5367442,2026-09-21
D1508,5367494,2026-09-21
D1508,5367621,2026-09-08
D1508,5367850,2026-09-21
D1508,5367873,2026-09-21
D1508,5367874,2026-09-21
D1508,5367955,2026-09-21
D1508,5368088,2026-09-21
D1508,5368222,2026-09-21
D1508,5368313,2026-09-21
D1508,5368400,2026-09-21
D1508,5368408,2026-09-21
D1508,5368432,2026-09-08
D1508,5368560,2026-09-21
D1508,5368762,2026-09-21
D1508,5368821,2026-09-23
D1508,5368868,2026-09-21
D1508,5368874,2026-09-21
D1508,5368877,2026-09-21
D1508,5368909,2026-09-21
D1508,5433986,2026-07-27
D1508,5504864,2026-09-08
D1508,5505109,2026-07-28
D1508,5505201,2026-08-27
D1508,5516280,2026-09-10
D1508,5562622,2026-08-14
D1508,5572415,2026-08-29
D1508,5620824,2026-07-31
D1508,5691365,2026-08-04
D1508,5691381,2026-09-11
D1508,5705769,2026-08-14
D1508,5723244,2026-09-08
D1508,5723267,2026-09-21
D1508,5725515,2026-08-05
D1508,5791480,2026-08-14
D1508,5820203,2026-08-07
D1508,5820240,2026-08-28
D1508,5827648,2026-08-14
D1508,5887352,2026-09-23
D1508,5901303,2026-08-11
D1508,5901912,2026-08-11
D1508,5908458,2026-08-14
D1508,5908492,2026-08-14
D1508,5912069,2026-09-15
D1508,5933891,2026-09-11
D1508,5947559,2026-09-21
D1508,5964202,2026-09-08
D1508,6049961,2026-09-08
D1508,6049986,2026-08-24
D1508,6050001,2026-08-24
D1508,6063044,2026-09-21
D1508,6084784,2026-08-24
D1508,6114125,2026-09-05
D1508,6116855,2026-08-19
D1508,6156278,2026-09-21
D1508,6156677,2026-09-21
D1508,6170283,2026-08-21
D1508,6180287,2026-08-24
D1508,6190281,2026-09-08
D1508,6211790,2026-09-03
D1508,6247131,2026-09-21
D1508,6247203,2026-09-21
D1508,6266664,2026-08-25
D1508,6273464,2026-08-25
D1508,6289457,2026-08-30
D1508,6306345,2026-08-26
D1508,6306371,2026-09-02
D1508,6313471,2026-08-26
D1508,6327420,2026-08-27
D1508,6342548,2026-08-27
D1508,6343277,2026-08-28
D1508,6343529,2026-08-27
D1508,6344887,2026-08-27
D1508,6365106,2026-08-28
D1508,6383490,2026-09-02
D1508,6399106,2026-09-22
D1508,6402636,2026-08-29
D1508,6426556,2026-09-21
D1508,6431128,2026-09-03
D1508,6462363,2026-09-02
D1508,6462434,2026-09-02
D1508,6465360,2026-08-31
D1508,6480396,2026-09-01
D1508,6480719,2026-09-01
D1508,6513669,2026-09-02
D1508,6513673,2026-09-02
D1508,6519961,2026-09-02
D1508,6519974,2026-09-02
D1508,6520040,2026-09-02
D1508,6521223,2026-09-02
D1508,6522018,2026-09-02
D1508,6531312,2026-09-02
D1508,6532405,2026-09-08
D1508,6533648,2026-09-02
D1508,6536800,2026-09-03
D1508,6544178,2026-09-03
D1508,6544238,2026-09-03
D1508,6576211,2026-09-03
D1508,6593093,2026-09-04
D1508,6595205,2026-09-04
D1508,6602680,2026-09-04
D1508,6602690,2026-09-04
D1508,6634366,2026-09-04
D1508,6635156,2026-09-08
D1508,6635159,2026-09-08
D1508,6635161,2026-09-08
D1508,6635162,2026-09-08
D1508,6635163,2026-09-08
D1508,6635164,2026-09-08
D1508,6635173,2026-09-08
D1508,6635174,2026-09-08
D1508,6635175,2026-09-08
D1508,6635186,2026-09-08
D1508,6635200,2026-09-08
D1508,6635202,2026-09-08
D1508,6635204,2026-09-08
D1508,6639237,2026-09-05
D1508,6643275,2026-09-25
D1508,6645312,2026-09-05
D1508,6645358,2026-09-05
D1508,6645723,2026-09-05
D1508,6667288,2026-09-05
D1508,6672924,2026-09-05
D1508,6685189,2026-09-08
D1508,6685190,2026-09-08
D1508,6685204,2026-09-08
D1508,6685214,2026-09-08
D1508,6695579,2026-09-07
D1508,6710537,2026-09-08
D1508,6711277,2026-09-08
D1508,6729119,2026-09-08
D1508,6729241,2026-09-08
D1508,6734833,2026-09-08
D1508,6753125,2026-09-09
D1508,6753223,2026-09-09
D1508,6766870,2026-09-09
D1508,6766940,2026-09-09
D1508,6774731,2026-09-09
D1508,6774939,2026-09-10
D1508,6778360,2026-09-10
D1508,6778474,2026-09-10
D1508,6779287,2026-09-10
D1508,6783448,2026-09-21
D1508,6799514,2026-09-11
D1508,6802258,2026-09-10
D1508,6805330,2026-09-10
D1508,6805374,2026-09-10
D1508,6826228,2026-09-11
D1508,6830539,2026-09-11
D1508,6832035,2026-09-12
D1508,6832124,2026-09-12
D1508,6832170,2026-09-12
D1508,6832203,2026-09-12
D1508,6832426,2026-09-12
D1508,6832429,2026-09-12
D1508,6832480,2026-09-12
D1508,6832507,2026-09-12
D1508,6832510,2026-09-12
D1508,6832526,2026-09-12
D1508,6832569,2026-09-12
D1508,6832592,2026-09-12
D1508,6832865,2026-09-12
D1508,6832910,2026-09-12
D1508,6832911,2026-09-12
D1508,6847791,2026-09-12
D1508,6849726,2026-09-12
D1508,6850993,2026-09-12
D1508,6862812,2026-09-15
D1508,6862834,2026-09-15
D1508,6862835,2026-09-15
D1508,6862836,2026-09-15
D1508,6862843,2026-09-15
D1508,6862850,2026-09-15
D1508,6862856,2026-09-15
D1508,6863013,2026-09-15
D1508,6885518,2026-09-15
D1508,6897406,2026-09-15
D1508,6898577,2026-09-15
D1508,6910412,2026-09-16
D1508,6910658,2026-09-16
D1508,6910709,2026-09-16
D1508,6928951,2026-09-16
D1508,6931692,2026-09-16
D1508,6944434,2026-09-17
D1508,6946202,2026-09-17
D1508,6947194,2026-09-17
D1508,6964873,2026-09-17
D1508,6966183,2026-09-17
D1508,6971624,2026-09-18
D1508,6988680,2026-09-18
D1508,6993593,2026-09-18
D1508,6998133,2026-09-18
D1508,7014242,2026-09-19
D1508,7042928,2026-09-20
D1508,7055114,2026-09-21
D1508,7056607,2026-09-21
D1508,7060711,2026-09-21
D1508,7061264,2026-09-21
D1508,7061302,2026-09-21
D1508,7061392,2026-09-21
D1508,7061528,2026-09-21
D1508,7061599,2026-09-21
D1508,7061832,2026-09-21
D1508,7061893,2026-09-21
D1508,7061907,2026-09-21
D1508,7062020,2026-09-21
D1508,7062158,2026-09-21
D1508,7062202,2026-09-21
D1508,7069429,2026-09-22
D1508,7072268,2026-09-22
D1508,7074699,2026-09-22
D1508,7096424,2026-09-22
D1508,7096427,2026-09-22
D1508,7110737,2026-09-23
D1508,7111802,2026-09-23
D1508,7112234,2026-09-23
D1508,7115260,2026-09-23
D1508,7117412,2026-09-23
D1508,7133560,2026-09-23
D1508,7134277,2026-09-23
D1508,7135258,2026-09-23
D1508,7137908,2026-09-23
D1508,7137955,2026-09-23
D1508,7138028,2026-09-23
D1508,7149988,2026-09-23
D1508,7154746,2026-09-24
D1508,7168948,2026-09-24
D1509,206HDGL,2026-09-21
D1509,206RLCJ,2026-09-21
D1509,211LFMR,2026-09-21
D1509,212JFRT,2026-09-14
D1509,212TPMJ,2026-09-22
D1509,212ZCTY,2026-09-21
D1509,213CWKG,2026-09-23
D1509,213FQMS,2026-09-23
D1509,213FYZL,2026-09-17
D1509,213GTHS,2026-09-11
D1509,213HNQK,2026-09-03
D1509,213JMJJ,2026-09-22
D1509,213LGBG,2026-09-21
D1509,213LYCY,2026-09-23
D1509,213NBSM,2026-09-23
D1509,213NPYJ,2026-09-22
D1509,213QYSH,2026-09-09
D1509,213RJKL,2026-09-14
D1509,213RXHD,2026-09-10
D1509,213WFDY,2026-09-15
D1509,213WRLP,2026-09-15
D1509,213ZCLD,2026-09-17
D1509,214BYGH,2026-09-18
D1509,214CDZK,2026-09-18
D1509,214DGGH,2026-09-21
D1509,214DMTJ,2026-09-24
D1509,214DTPM,2026-09-23
D1509,214FHVG,2026-09-22
D1509,214FHZY,2026-09-22
D1509,214FJHT,2026-09-22
D1509,214FJQP,2026-09-22
D1509,214FKFW,2026-09-22
D1509,214FKLF,2026-09-22
D1509,214JBPZ,2026-09-24
D1509,214JJRL,2026-09-24
D1509,214KCWC,2026-09-24
D1509,2970825,2026-09-21
D1509,3425649,2026-09-21
D1509,3874941,2026-07-21
D1509,3875059,2026-07-21
D1509,3876040,2026-07-21
D1509,3876848,2026-07-21
D1509,3878563,2026-07-21
D1509,3878868,2026-07-21
D1509,3879080,2026-07-21
D1509,3879663,2026-07-21
D1509,3879747,2026-07-17
D1509,3880359,2026-07-21
D1509,4221355,2026-09-21
D1509,4221366,2026-09-21
D1509,4345764,2026-09-21
D1509,4483438,2026-09-21
D1509,4499913,2026-07-02
D1509,4579542,2026-08-22
D1509,4664139,2026-07-07
D1509,4664203,2026-07-07
D1509,4670550,2026-07-22
D1509,4686070,2026-09-21
D1509,4715005,2026-09-15
D1509,4960717,2026-07-22
D1509,5042807,2026-07-21
D1509,5091235,2026-07-17
D1509,5163035,2026-07-20
D1509,5163058,2026-07-20
D1509,5184489,2026-07-21
D1509,5195588,2026-09-21
D1509,5195589,2026-09-21
D1509,5195613,2026-09-21
D1509,5195624,2026-09-21
D1509,5195625,2026-09-21
D1509,5202634,2026-07-21
D1509,5202790,2026-07-21
D1509,5202965,2026-07-22
D1509,5355239,2026-09-19
D1509,5363885,2026-09-08
D1509,5364309,2026-09-08
D1509,5364364,2026-09-08
D1509,5364365,2026-09-21
D1509,5364368,2026-09-08
D1509,5364385,2026-09-21
D1509,5364398,2026-09-21
D1509,5364404,2026-09-08
D1509,5364425,2026-09-08
D1509,5364459,2026-09-21
D1509,5364464,2026-09-21
D1509,5364467,2026-09-08
D1509,5364483,2026-09-21
D1509,5364491,2026-09-21
D1509,5364505,2026-09-21
D1509,5364518,2026-09-08
D1509,5364556,2026-09-21
D1509,5364567,2026-09-21
D1509,5364580,2026-09-08
D1509,5364585,2026-09-08
D1509,5364596,2026-09-21
D1509,5364628,2026-09-21
D1509,5364706,2026-09-08
D1509,5364711,2026-09-08
D1509,5364991,2026-08-29
D1509,5365022,2026-09-08
D1509,5365114,2026-08-28
D1509,5365137,2026-08-29
D1509,5365207,2026-08-29
D1509,5365358,2026-09-08
D1509,5365388,2026-09-08
D1509,5365430,2026-09-08
D1509,5365469,2026-07-23
D1509,5365555,2026-09-05
D1509,5365620,2026-09-24
D1509,5365676,2026-09-05
D1509,5365705,2026-09-08
D1509,5365774,2026-09-21
D1509,5365797,2026-08-28
D1509,5365820,2026-09-05
D1509,5365879,2026-08-29
D1509,5365927,2026-09-21
D1509,5365941,2026-09-08
D1509,5365942,2026-09-21
D1509,5365984,2026-09-08
D1509,5365999,2026-09-21
D1509,5366101,2026-08-31
D1509,5366128,2026-09-09
D1509,5366130,2026-09-21
D1509,5366166,2026-09-08
D1509,5366277,2026-09-09
D1509,5366286,2026-09-09
D1509,5366298,2026-09-21
D1509,5366329,2026-09-21
D1509,5366352,2026-09-09
D1509,5366387,2026-09-09
D1509,5366423,2026-09-21
D1509,5366460,2026-07-23
D1509,5366480,2026-09-21
D1509,5366482,2026-09-09
D1509,5366501,2026-09-09
D1509,5366502,2026-09-21
D1509,5366518,2026-09-09
D1509,5366531,2026-09-21
D1509,5366605,2026-09-21
D1509,5366643,2026-09-21
D1509,5366649,2026-09-21
D1509,5366664,2026-07-23
D1509,5366672,2026-09-21
D1509,5366744,2026-09-21
D1509,5366750,2026-09-09
D1509,5366762,2026-09-21
D1509,5366792,2026-09-21
D1509,5366811,2026-09-21
D1509,5366824,2026-09-21
D1509,5366865,2026-09-21
D1509,5366877,2026-09-21
D1509,5366916,2026-09-09
D1509,5366922,2026-09-21
D1509,5366934,2026-09-21
D1509,5366948,2026-09-21
D1509,5366958,2026-09-21
D1509,5367014,2026-09-21
D1509,5367023,2026-09-09
D1509,5367095,2026-09-08
D1509,5367105,2026-09-08
D1509,5367106,2026-09-21
D1509,5367131,2026-09-21
D1509,5367191,2026-09-21
D1509,5367215,2026-09-21
D1509,5367239,2026-09-21
D1509,5367253,2026-09-21
D1509,5367290,2026-09-21
D1509,5367320,2026-09-21
D1509,5367325,2026-09-21
D1509,5367363,2026-09-21
D1509,5367376,2026-09-21
D1509,5367385,2026-09-21
D1509,5367402,2026-09-21
D1509,5367404,2026-09-21
D1509,5367452,2026-09-21
D1509,5367457,2026-09-21
D1509,5367463,2026-09-21
D1509,5367467,2026-09-21
D1509,5367501,2026-09-21
D1509,5367527,2026-08-31
D1509,5367590,2026-09-21
D1509,5367603,2026-08-22
D1509,5367660,2026-09-21
D1509,5367717,2026-09-08
D1509,5367733,2026-09-21
D1509,5367777,2026-09-08
D1509,5367809,2026-09-21
D1509,5367816,2026-09-21
D1509,5367860,2026-09-21
D1509,5367867,2026-09-21
D1509,5367892,2026-09-21
D1509,5367903,2026-09-21
D1509,5367938,2026-09-21
D1509,5368041,2026-09-21
D1509,5368048,2026-09-21
D1509,5368067,2026-09-21
D1509,5368077,2026-08-31
D1509,5368103,2026-09-21
D1509,5368115,2026-09-21
D1509,5368126,2026-09-21
D1509,5368148,2026-09-21
D1509,5368156,2026-09-21
D1509,5368212,2026-09-21
D1509,5368224,2026-09-21
D1509,5368228,2026-09-21
D1509,5368230,2026-09-21
D1509,5368263,2026-09-21
D1509,5368265,2026-09-21
D1509,5368291,2026-09-21
D1509,5368319,2026-08-30
D1509,5368323,2026-09-21
D1509,5368379,2026-09-21
D1509,5368392,2026-08-30
D1509,5368425,2026-09-21
D1509,5368442,2026-09-21
D1509,5368486,2026-09-21
D1509,5368508,2026-09-08
D1509,5368518,2026-09-21
D1509,5368520,2026-09-08
D1509,5368599,2026-09-21
D1509,5368602,2026-09-21
D1509,5368618,2026-09-21
D1509,5368620,2026-09-21
D1509,5368622,2026-09-21
D1509,5368632,2026-09-21
D1509,5368633,2026-09-21
D1509,5368634,2026-09-21
D1509,5368656,2026-09-21
D1509,5368683,2026-09-21
D1509,5368691,2026-09-21
D1509,5368710,2026-09-21
D1509,5368767,2026-09-21
D1509,5368785,2026-09-21
D1509,5368797,2026-09-23
D1509,5368803,2026-09-21
D1509,5368804,2026-09-21
D1509,5368836,2026-09-23
D1509,5368888,2026-09-21
D1509,5368925,2026-09-21
D1509,5368948,2026-09-21
D1509,5368980,2026-09-21
D1509,5368996,2026-09-21
D1509,5369000,2026-08-29
D1509,5369043,2026-09-21
D1509,5369112,2026-09-08
D1509,5405783,2026-09-21
D1509,5405788,2026-09-09
D1509,5405834,2026-09-21
D1509,5405838,2026-09-08
D1509,5444521,2026-08-24
D1509,5444552,2026-09-08
D1509,5481173,2026-07-27
D1509,5504803,2026-09-08
D1509,5504828,2026-08-27
D1509,5505102,2026-09-08
D1509,5505103,2026-09-09
D1509,5505117,2026-09-08
D1509,5505121,2026-08-27
D1509,5505182,2026-09-21
D1509,5505186,2026-08-27
D1509,5505198,2026-09-09
D1509,5505249,2026-08-27
D1509,5505253,2026-08-27
D1509,5526431,2026-07-29
D1509,5572476,2026-09-08
D1509,5572483,2026-09-21
D1509,5604679,2026-09-21
D1509,5604697,2026-09-21
D1509,5640685,2026-09-08
D1509,5678264,2026-09-01
D1509,5678290,2026-09-01
D1509,5723190,2026-09-08
D1509,5723256,2026-09-21
D1509,5723266,2026-09-04
D1509,5739559,2026-09-18
D1509,5739616,2026-09-18
D1509,5745463,2026-09-08
D1509,5745523,2026-08-27
D1509,5745534,2026-09-05
D1509,5745536,2026-09-05
D1509,5801883,2026-09-11
D1509,5803091,2026-09-08
D1509,5836273,2026-09-08
D1509,5836304,2026-09-07
D1509,5836313,2026-09-08
D1509,5862451,2026-09-08
D1509,5887532,2026-09-08
D1509,5887588,2026-09-02
D1509,5887610,2026-09-08
D1509,5901178,2026-08-11
D1509,5901951,2026-08-11
D1509,5938430,2026-09-08
D1509,5938433,2026-09-05
D1509,5947390,2026-09-08
D1509,5947525,2026-09-21
D1509,5947557,2026-09-21
D1509,5947562,2026-09-21
D1509,5947586,2026-09-21
D1509,5947609,2026-09-21
D1509,5957945,2026-08-13
D1509,5958771,2026-08-13
D1509,5976194,2026-09-23
D1509,5976265,2026-09-21
D1509,5999536,2026-08-14
D1509,6030662,2026-09-23
D1509,6030820,2026-09-21
D1509,6030864,2026-09-02
D1509,6030886,2026-09-21
D1509,6040466,2026-09-23
D1509,6040506,2026-09-21
D1509,6062693,2026-09-21
D1509,6063123,2026-09-21
D1509,6063439,2026-09-21
D1509,6063444,2026-09-21
D1509,6063449,2026-09-21
D1509,6092761,2026-09-21
D1509,6092781,2026-09-08
D1509,6092800,2026-08-26
D1509,6092962,2026-09-21
D1509,6092992,2026-09-21
D1509,6092998,2026-09-21
D1509,6093031,2026-09-21
D1509,6093033,2026-09-21
D1509,6093034,2026-09-21
D1509,6125311,2026-08-20
D1509,6156520,2026-09-21
D1509,6156601,2026-09-21
D1509,6156659,2026-09-21
D1509,6156703,2026-09-08
D1509,6178274,2026-08-21
D1509,6181164,2026-08-21
D1509,6190084,2026-09-21
D1509,6190225,2026-09-21
D1509,6190294,2026-09-21
D1509,6190302,2026-09-05
D1509,6190316,2026-09-21
D1509,6190324,2026-09-05
D1509,6190340,2026-09-21
D1509,6190376,2026-09-21
D1509,6190386,2026-09-21
D1509,6190424,2026-09-08
D1509,6190449,2026-09-21
D1509,6190468,2026-09-08
D1509,6190472,2026-09-21
D1509,6190474,2026-08-22
D1509,6190477,2026-08-22
D1509,6190479,2026-08-22
D1509,6190519,2026-09-23
D1509,6190528,2026-09-21
D1509,6211754,2026-08-22
D1509,6211782,2026-08-22
D1509,6218734,2026-09-08
D1509,6223122,2026-08-23
D1509,6247141,2026-09-24
D1509,6247182,2026-09-08
D1509,6247189,2026-09-08
D1509,6273451,2026-09-01
D1509,6273479,2026-08-25
D1509,6273485,2026-08-25
D1509,6273521,2026-08-25
D1509,6304631,2026-08-26
D1509,6304633,2026-08-26
D1509,6304636,2026-08-26
D1509,6304639,2026-08-26
D1509,6304644,2026-08-26
D1509,6304656,2026-08-26
D1509,6304666,2026-08-26
D1509,6304667,2026-08-26
D1509,6304716,2026-08-26
D1509,6304728,2026-08-26
D1509,6304734,2026-08-26
D1509,6304739,2026-08-26
D1509,6304744,2026-08-26
D1509,6313580,2026-08-26
D1509,6326134,2026-08-27
D1509,6326185,2026-08-27
D1509,6326204,2026-08-27
D1509,6326355,2026-08-27
D1509,6326362,2026-08-27
D1509,6326474,2026-08-27
D1509,6327416,2026-08-27
D1509,6365005,2026-08-28
D1509,6365036,2026-08-28
D1509,6365062,2026-08-28
D1509,6365098,2026-08-28
D1509,6365100,2026-08-28
D1509,6365136,2026-08-28
D1509,6365254,2026-09-08
D1509,6365255,2026-08-28
D1509,6402296,2026-08-29
D1509,6402495,2026-08-29
D1509,6402532,2026-08-29
D1509,6402571,2026-08-29
D1509,6402851,2026-09-08
D1509,6403344,2026-08-29
D1509,6418712,2026-08-29
D1509,6423766,2026-08-29
D1509,6431164,2026-08-30
D1509,6431198,2026-08-30
D1509,6446642,2026-08-31
D1509,6446722,2026-09-21
D1509,6446732,2026-08-31
D1509,6446733,2026-08-31
D1509,6446734,2026-08-31
D1509,6465332,2026-08-31
D1509,6475119,2026-09-01
D1509,6480474,2026-09-23
D1509,6480500,2026-09-01
D1509,6480716,2026-09-03
D1509,6480727,2026-09-01
D1509,6480733,2026-09-01
D1509,6480747,2026-09-01
D1509,6513514,2026-09-23
D1509,6513515,2026-09-23
D1509,6513586,2026-09-02
D1509,6513592,2026-09-02
D1509,6513818,2026-09-02
D1509,6513830,2026-09-02
D1509,6513835,2026-09-02
D1509,6538149,2026-09-03
D1509,6544117,2026-09-03
D1509,6544217,2026-09-03
D1509,6544219,2026-09-03
D1509,6544221,2026-09-03
D1509,6544222,2026-09-03
D1509,6544237,2026-09-03
D1509,6602427,2026-09-04
D1509,6602429,2026-09-04
D1509,6602454,2026-09-04
D1509,6602755,2026-09-04
D1509,6602817,2026-09-04
D1509,6602828,2026-09-08
D1509,6634279,2026-09-04
D1509,6645608,2026-09-05
D1509,6645631,2026-09-23
D1509,6645660,2026-09-05
D1509,6645691,2026-09-05
D1509,6645698,2026-09-05
D1509,6645744,2026-09-05
D1509,6645779,2026-09-05
D1509,6672943,2026-09-05
D1509,6677743,2026-09-08
D1509,6688713,2026-09-07
D1509,6688734,2026-09-07
D1509,6692367,2026-09-08
D1509,6692377,2026-09-08
D1509,6692447,2026-09-08
D1509,6692491,2026-09-08
D1509,6695566,2026-09-07
D1509,6695595,2026-09-07
D1509,6710809,2026-09-08
D1509,6710813,2026-09-08
D1509,6710825,2026-09-08
D1509,6710871,2026-09-08
D1509,6711048,2026-09-08
D1509,6711137,2026-09-08
D1509,6711157,2026-09-08
D1509,6711276,2026-09-08
D1509,6711354,2026-09-08
D1509,6734764,2026-09-08
D1509,6734768,2026-09-08
D1509,6734797,2026-09-08
D1509,6753106,2026-09-09
D1509,6753193,2026-09-09
D1509,6753219,2026-09-09
D1509,6753222,2026-09-09
D1509,6753231,2026-09-09
D1509,6767716,2026-09-09
D1509,6774672,2026-09-09
D1509,6778329,2026-09-10
D1509,6779825,2026-09-10
D1509,6783281,2026-09-10
D1509,6783285,2026-09-10
D1509,6783288,2026-09-10
D1509,6783315,2026-09-21
D1509,6783334,2026-09-10
D1509,6783367,2026-09-10
D1509,6783403,2026-09-10
D1509,6783412,2026-09-10
D1509,6783442,2026-09-10
D1509,6783468,2026-09-10
D1509,6783490,2026-09-10
D1509,6826015,2026-09-11
D1509,6828997,2026-09-11
D1509,6829718,2026-09-11
D1509,6829745,2026-09-11
D1509,6829754,2026-09-11
D1509,6831724,2026-09-12
D1509,6831913,2026-09-12
D1509,6831955,2026-09-12
D1509,6831993,2026-09-12
D1509,6832034,2026-09-12
D1509,6832040,2026-09-12
D1509,6832090,2026-09-12
D1509,6832131,2026-09-12
D1509,6832268,2026-09-12
D1509,6832320,2026-09-19
D1509,6832343,2026-09-12
D1509,6832398,2026-09-12
D1509,6832403,2026-09-12
D1509,6832427,2026-09-12
D1509,6832515,2026-09-12
D1509,6832616,2026-09-12
D1509,6832683,2026-09-12
D1509,6832689,2026-09-12
D1509,6832712,2026-09-12
D1509,6832769,2026-09-12
D1509,6832874,2026-09-12
D1509,6832927,2026-09-12
D1509,6846870,2026-09-12
D1509,6856409,2026-09-13
D1509,6862785,2026-09-15
D1509,6862957,2026-09-15
D1509,6862975,2026-09-15
D1509,6863076,2026-09-15
D1509,6895810,2026-09-15
D1509,6908780,2026-09-16
D1509,6910782,2026-09-16
D1509,6910812,2026-09-16
D1509,6911052,2026-09-16
D1509,6931086,2026-09-16
D1509,6932664,2026-09-16
D1509,6936299,2026-09-16
D1509,6986423,2026-09-20
D1509,6993278,2026-09-18
D1509,6993351,2026-09-18
D1509,6993358,2026-09-18
D1509,7005645,2026-09-18
D1509,7005661,2026-09-18
D1509,7011119,2026-09-19
D1509,7042906,2026-09-20
D1509,7053008,2026-09-22
D1509,7060993,2026-09-21
D1509,7060998,2026-09-21
D1509,7061002,2026-09-21
D1509,7061006,2026-09-21
D1509,7061008,2026-09-21
D1509,7061013,2026-09-21
D1509,7061014,2026-09-21
D1509,7061015,2026-09-21
D1509,7061016,2026-09-21
D1509,7061017,2026-09-21
D1509,7061019,2026-09-21
D1509,7061020,2026-09-21
D1509,7061023,2026-09-21
D1509,7061025,2026-09-21
D1509,7061027,2026-09-21
D1509,7061028,2026-09-21
D1509,7061029,2026-09-21
D1509,7061033,2026-09-21
D1509,7061035,2026-09-21
D1509,7061036,2026-09-21
D1509,7061039,2026-09-21
D1509,7061042,2026-09-21
D1509,7061043,2026-09-21
D1509,7061125,2026-09-21
D1509,7061164,2026-09-21
D1509,7061198,2026-09-21
D1509,7061203,2026-09-21
D1509,7061229,2026-09-21
D1509,7061269,2026-09-21
D1509,7061288,2026-09-21
D1509,7061322,2026-09-21
D1509,7061349,2026-09-21
D1509,7061361,2026-09-21
D1509,7061369,2026-09-21
D1509,7061390,2026-09-21
D1509,7061406,2026-09-21
D1509,7061407,2026-09-21
D1509,7061414,2026-09-21
D1509,7061425,2026-09-21
D1509,7061433,2026-09-21
D1509,7061449,2026-09-21
D1509,7061461,2026-09-21
D1509,7061467,2026-09-21
D1509,7061475,2026-09-21
D1509,7061490,2026-09-21
D1509,7061534,2026-09-21
D1509,7061542,2026-09-21
D1509,7061551,2026-09-21
D1509,7061587,2026-09-21
D1509,7061589,2026-09-21
D1509,7061590,2026-09-21
D1509,7061595,2026-09-21
D1509,7061610,2026-09-21
D1509,7061858,2026-09-21
D1509,7061859,2026-09-21
D1509,7061890,2026-09-21
D1509,7061917,2026-09-21
D1509,7061932,2026-09-21
D1509,7061940,2026-09-21
D1509,7061942,2026-09-21
D1509,7061949,2026-09-21
D1509,7061987,2026-09-21
D1509,7062011,2026-09-21
D1509,7062032,2026-09-21
D1509,7062042,2026-09-21
D1509,7062057,2026-09-21
D1509,7062100,2026-09-21
D1509,7062133,2026-09-21
D1509,7062145,2026-09-21
D1509,7062185,2026-09-21
D1509,7062192,2026-09-21
D1509,7062200,2026-09-21
D1509,7062207,2026-09-21
D1509,7062236,2026-09-21
D1509,7062242,2026-09-21
D1509,7062255,2026-09-21
D1509,7062264,2026-09-21
D1509,7062268,2026-09-21
D1509,7062543,2026-09-21
D1509,7062569,2026-09-21
D1509,7062665,2026-09-21
D1509,7074431,2026-09-22
D1509,7074580,2026-09-22
D1509,7074581,2026-09-22
D1509,7074584,2026-09-22
D1509,7074602,2026-09-22
D1509,7074673,2026-09-22
D1509,7074684,2026-09-22
D1509,7074719,2026-09-22
D1509,7074729,2026-09-22
D1509,7074768,2026-09-22
D1509,7074777,2026-09-22
D1509,7074787,2026-09-22
D1509,7099345,2026-09-22
D1509,7103006,2026-09-22
D1509,7110529,2026-09-23
D1509,7117502,2026-09-23
D1509,7117509,2026-09-23
D1509,7117541,2026-09-23
D1509,7117722,2026-09-23
D1509,7117782,2026-09-23
D1509,7117805,2026-09-23
D1509,7117843,2026-09-23
D1509,7126364,2026-09-23
D1509,7134874,2026-09-23
D1509,7137869,2026-09-23
D1509,7154046,2026-09-24
D1509,7158241,2026-09-24
D1509,7158248,2026-09-24
D1509,7158449,2026-09-24
D1509,7158465,2026-09-24
D1509,7158477,2026-09-24
D1509,7158509,2026-09-24
D1509,7158516,2026-09-24
D1509,7166413,2026-09-24
D1509,7167813,2026-09-24
D1510,1026896,2026-09-04
D1510,1070617,2026-07-16
D1510,1070637,2026-07-16
D1510,1070642,2026-07-08
D1510,1070648,2026-09-02
D1510,1070671,2026-09-02
D1510,1070681,2026-09-04
D1510,1070699,2026-09-02
D1510,1070704,2026-09-02
D1510,1070705,2026-09-02
D1510,1070711,2026-09-09
D1510,1070715,2026-09-10
D1510,1070723,2026-09-02
D1510,1070730,2026-09-02
D1510,1070741,2026-07-18
D1510,1070765,2026-09-10
D1510,1070766,2026-07-02
D1510,1070778,2026-07-16
D1510,1070780,2026-09-02
D1510,1070797,2026-07-16
D1510,1070804,2026-07-16
D1510,1070809,2026-09-02
D1510,1070825,2026-09-02
D1510,1070837,2026-09-02
D1510,1070866,2026-09-02
D1510,1070874,2026-09-02
D1510,1070875,2026-09-09
D1510,1070889,2026-07-08
D1510,1070896,2026-07-16
D1510,1070899,2026-09-02
D1510,1070905,2026-07-16
D1510,1070906,2026-09-04
D1510,1070908,2026-09-02
D1510,1070916,2026-09-10
D1510,1070922,2026-07-08
D1510,1070926,2026-09-02
D1510,1070928,2026-09-02
D1510,1070929,2026-09-02
D1510,1070958,2026-07-16
D1510,1071240,2026-09-09
D1510,1853324,2026-09-04
D1510,1853343,2026-09-02
D1510,1853368,2026-09-04
D1510,1853386,2026-09-04
D1510,1853405,2026-09-04
D1510,1853409,2026-09-04
D1510,1853421,2026-09-04
D1510,1853430,2026-09-02
D1510,1853447,2026-09-04
D1510,1853490,2026-09-02
D1510,1853546,2026-09-04
D1510,1853554,2026-07-16
D1510,1853572,2026-09-02
D1510,1853578,2026-09-02
D1510,1853703,2026-07-16
D1510,1853723,2026-09-02
D1510,1853730,2026-09-09
D1510,1853740,2026-09-04
D1510,1853741,2026-09-02
D1510,1853773,2026-09-02
D1510,1853782,2026-09-02
D1510,1853848,2026-07-08
D1510,1853864,2026-07-08
D1510,1853882,2026-09-02
D1510,1853884,2026-07-08
D1510,1853890,2026-09-02
D1510,1853895,2026-07-16
D1510,1853913,2026-07-16
D1510,1853916,2026-07-16
D1510,1853918,2026-07-08
D1510,1853919,2026-07-08
D1510,1853924,2026-07-16
D1510,1853938,2026-07-08
D1510,1853941,2026-07-16
D1510,1853943,2026-07-16
D1510,1853952,2026-07-08
D1510,1853954,2026-09-02
D1510,1853963,2026-09-02
D1510,1853965,2026-09-02
D1510,1853975,2026-07-16
D1510,1853978,2026-07-08
D1510,1853991,2026-07-16
D1510,1854003,2026-07-08
D1510,1854028,2026-09-02
D1510,1854032,2026-07-08
D1510,1854042,2026-09-02
D1510,1854045,2026-09-02
D1510,1854054,2026-07-16
D1510,1854070,2026-07-16
D1510,1854081,2026-09-02
D1510,1854082,2026-07-16
D1510,1854084,2026-09-02
D1510,1854101,2026-09-02
D1510,1854110,2026-09-02
D1510,1854126,2026-09-02
D1510,1854128,2026-09-02
D1510,1854138,2026-07-08
D1510,1854153,2026-07-16
D1510,1854155,2026-09-02
D1510,1854159,2026-07-16
D1510,1854161,2026-09-02
D1510,1854166,2026-07-16
D1510,1854168,2026-09-02
D1510,1854177,2026-09-02
D1510,1854184,2026-09-02
D1510,1854195,2026-09-02
D1510,1854197,2026-07-16
D1510,1854200,2026-07-16
D1510,1854202,2026-09-02
D1510,1854208,2026-07-16
D1510,1854216,2026-07-16
D1510,1854221,2026-09-02
D1510,1854225,2026-09-02
D1510,1854234,2026-09-09
D1510,1854240,2026-09-02
D1510,1854249,2026-07-08
D1510,1854364,2026-09-02
D1510,1857821,2026-09-02
D1510,1911091,2026-09-04
D1510,206WZWV,2026-08-28
D1510,211QGDT,2026-09-03
D1510,211QLVT,2026-09-07
D1510,211TQNF,2026-08-26
D1510,211TRFK,2026-08-26
D1510,212HHPF,2026-09-10
D1510,212HHPR,2026-09-10
D1510,212HHQV,2026-09-10
D1510,212VQYY,2026-09-15
D1510,212XQMS,2026-09-16
D1510,212YMXZ,2026-09-10
D1510,213HMVF,2026-09-03
D1510,213HMWH,2026-09-03
D1510,213MZNG,2026-09-08
D1510,213QBDL,2026-09-09
D1510,213QBFX,2026-09-09
D1510,213QHWF,2026-09-21
D1510,213QQJJ,2026-09-15
D1510,213SHRV,2026-09-11
D1510,213TNJG,2026-09-17
D1510,213VNFM,2026-09-21
D1510,213WZVG,2026-09-15
D1510,213WZVS,2026-09-15
D1510,213ZHXR,2026-09-18
D1510,213ZHYT,2026-09-18
D1510,214BGVJ,2026-09-22
D1510,214BXBP,2026-09-18
D1510,214CYLS,2026-09-21
D1510,214CYMV,2026-09-21
D1510,214DLNY,2026-09-21
D1510,214FVBR,2026-09-22
D1510,214GKMH,2026-09-24
D1510,2346108,2026-09-02
D1510,2844143,2026-08-06
D1510,3599054,2026-07-07
D1510,3599056,2026-07-07
D1510,3630268,2026-07-07
D1510,3630269,2026-07-07
D1510,3734275,2026-09-16
D1510,3734314,2026-09-16
D1510,3876417,2026-07-22
D1510,3880202,2026-07-21
D1510,3880301,2026-07-21
D1510,3882599,2026-07-21
D1510,3927916,2026-08-06
D1510,4213813,2026-07-07
D1510,4376379,2026-09-14
D1510,4587776,2026-09-17
D1510,4592414,2026-07-06
D1510,5006933,2026-07-15
D1510,5114186,2026-08-19
D1510,5176716,2026-08-06
D1510,5227571,2026-08-31
D1510,5355872,2026-07-23
D1510,5364189,2026-09-21
D1510,5586062,2026-07-30
D1510,5629404,2026-08-19
D1510,5629463,2026-08-19
D1510,5785106,2026-09-14
D1510,5836288,2026-09-08
D1510,5967138,2026-09-23
D1510,5967577,2026-09-15
D1510,6284722,2026-08-26
D1510,6315976,2026-09-02
D1510,6393828,2026-09-10
D1510,6396460,2026-09-21
D1510,6428998,2026-09-22
D1510,6478640,2026-09-01
D1510,6590187,2026-09-04
D1510,6682239,2026-09-06
D1510,6697117,2026-09-07
D1510,6698311,2026-09-07
D1510,6703557,2026-09-08
D1510,6725566,2026-09-15
D1510,6735792,2026-09-08
D1510,6735953,2026-09-08
D1510,6735963,2026-09-08
D1510,6779323,2026-09-10
D1510,6806025,2026-09-24
D1510,6806041,2026-09-24
D1510,6884763,2026-09-15
D1510,6893843,2026-09-15
D1510,6934122,2026-09-16
D1510,6937287,2026-09-16
D1510,6993653,2026-09-18
D1510,6995173,2026-09-18
D1510,6995191,2026-09-18
D1510,6995207,2026-09-18
D1510,7004165,2026-09-18
D1510,7011123,2026-09-19
D1510,7035442,2026-09-24
D1510,7060864,2026-09-21
D1510,7103391,2026-09-24
D1510,7103775,2026-09-22
D1510,7104237,2026-09-22
D1510,7151423,2026-09-23
D1510,7151598,2026-09-23
D1510,7154776,2026-09-24
D1510,7345768,2026-09-24
D1510,7348707,2026-09-25
D1512,6832433,2026-09-19
D1512,6832496,2026-09-12
D1512,6966931,2026-09-17
D1512,6986159,2026-09-24
D1512,7346348,2026-09-24
D1513,209PWMP,2026-09-23
D1513,210GHNP,2026-09-21
D1513,210YFZL,2026-09-09
D1513,211PBBK,2026-09-04
D1513,212GKJH,2026-09-10
D1513,212JQTK,2026-09-14
D1513,212PNGN,2026-09-22
D1513,212VPJM,2026-09-18
D1513,212VTGL,2026-09-15
D1513,212ZRFZ,2026-09-23
D1513,213CCKJ,2026-09-21
D1513,213FNBZ,2026-09-17
D1513,213GKPW,2026-09-18
D1513,213GRGG,2026-09-11
D1513,213GVKZ,2026-09-18
D1513,213GWJM,2026-09-11
D1513,213GWKF,2026-09-18
D1513,213HNPS,2026-09-03
D1513,213HVBC,2026-09-03
D1513,213HVBP,2026-09-03
D1513,213JTMT,2026-09-19
D1513,213KTPV,2026-09-20
D1513,213KZGV,2026-09-21
D1513,213MBXJ,2026-09-23
D1513,213NQRR,2026-09-08
D1513,213PVDN,2026-09-09
D1513,213PWSQ,2026-09-18
D1513,213TDPY,2026-09-18
D1513,213VNHH,2026-09-14
D1513,213WXCY,2026-09-24
D1513,213XVCC,2026-09-15
D1513,213YRYN,2026-09-16
D1513,213ZZWR,2026-09-17
D1513,214BSWF,2026-09-21
D1513,214CZLZ,2026-09-21
D1513,214DDCQ,2026-09-21
D1513,214DJDV,2026-09-22
D1513,214FZTK,2026-09-23
D1513,214GBQJ,2026-09-23
D1513,214GNLX,2026-09-23
D1513,214HMYH,2026-09-23
D1513,214HQYB,2026-09-24
D1513,214HVLZ,2026-09-24
D1513,214HXWP,2026-09-24
D1513,3029145,2026-09-21
D1513,3854773,2026-07-21
D1513,3855847,2026-07-22
D1513,3858907,2026-07-14
D1513,3874691,2026-07-21
D1513,3874790,2026-07-21
D1513,3874965,2026-07-21
D1513,3875056,2026-07-21
D1513,3875252,2026-07-21
D1513,3875623,2026-07-21
D1513,3876069,2026-07-15
D1513,3876169,2026-07-21
D1513,3876660,2026-07-21
D1513,3876668,2026-07-21
D1513,3876826,2026-07-21
D1513,3876870,2026-07-21
D1513,3877028,2026-07-21
D1513,3877076,2026-07-21
D1513,3877182,2026-07-21
D1513,3878292,2026-07-21
D1513,3878603,2026-07-21
D1513,3878784,2026-07-21
D1513,3879096,2026-07-21
D1513,3879521,2026-07-21
D1513,3879552,2026-07-21
D1513,3879965,2026-07-21
D1513,3882176,2026-07-21
D1513,3882228,2026-07-21
D1513,3882295,2026-07-21
D1513,3882305,2026-07-21
D1513,3882414,2026-07-21
D1513,3882442,2026-07-22
D1513,3882520,2026-07-21
D1513,3882815,2026-07-21
D1513,3883098,2026-07-21
D1513,3883375,2026-07-22
D1513,3883383,2026-07-22
D1513,3883837,2026-07-22
D1513,3885973,2026-07-22
D1513,3886047,2026-07-22
D1513,4049954,2026-09-10
D1513,4241816,2026-07-15
D1513,4412991,2026-09-08
D1513,4576237,2026-08-20
D1513,4590655,2026-07-06
D1513,4591744,2026-07-06
D1513,4708009,2026-09-19
D1513,4723566,2026-09-21
D1513,4733832,2026-08-07
D1513,4786858,2026-07-14
D1513,4828657,2026-09-07
D1513,4883741,2026-07-21
D1513,4972174,2026-07-15
D1513,5042727,2026-07-21
D1513,5044000,2026-08-08
D1513,5141233,2026-07-22
D1513,5184463,2026-09-04
D1513,5184503,2026-08-01
D1513,5184658,2026-09-22
D1513,5184660,2026-08-08
D1513,5355166,2026-09-07
D1513,5364290,2026-09-08
D1513,5366315,2026-09-09
D1513,5366856,2026-09-21
D1513,5366988,2026-09-21
D1513,5368609,2026-09-21
D1513,5368882,2026-09-21
D1513,5634158,2026-09-22
D1513,5723202,2026-09-08
D1513,5739565,2026-09-18
D1513,5795808,2026-09-10
D1513,6026938,2026-09-15
D1513,6183421,2026-09-18
D1513,6222269,2026-08-23
D1513,6226329,2026-09-22
D1513,6269708,2026-08-25
D1513,6345174,2026-09-02
D1513,6345977,2026-09-08
D1513,6357802,2026-09-20
D1513,6383581,2026-08-28
D1513,6397843,2026-09-21
D1513,6398087,2026-09-21
D1513,6398261,2026-09-21
D1513,6462439,2026-09-02
D1513,6504433,2026-09-25
D1513,6504561,2026-09-25
D1513,6504757,2026-09-25
D1513,6505146,2026-09-25
D1513,6505340,2026-09-25
D1513,6535151,2026-09-09
D1513,6537373,2026-09-03
D1513,6539542,2026-09-03
D1513,6592277,2026-09-04
D1513,6592539,2026-09-04
D1513,6592829,2026-09-04
D1513,6594897,2026-09-04
D1513,6595430,2026-09-04
D1513,6639910,2026-09-05
D1513,6640153,2026-09-05
D1513,6640157,2026-09-18
D1513,6640819,2026-09-05
D1513,6662255,2026-09-05
D1513,6676073,2026-09-18
D1513,6692182,2026-09-08
D1513,6692664,2026-09-08
D1513,6693198,2026-09-08
D1513,6732815,2026-09-22
D1513,6735355,2026-09-08
D1513,6741317,2026-09-09
D1513,6744386,2026-09-09
D1513,6744821,2026-09-18
D1513,6745036,2026-09-09
D1513,6746617,2026-09-09
D1513,6766783,2026-09-09
D1513,6766825,2026-09-09
D1513,6778639,2026-09-10
D1513,6778678,2026-09-10
D1513,6779787,2026-09-10
D1513,6779869,2026-09-10
D1513,6783504,2026-09-10
D1513,6800047,2026-09-10
D1513,6806001,2026-09-10
D1513,6827540,2026-09-11
D1513,6832548,2026-09-12
D1513,6847572,2026-09-12
D1513,6857068,2026-09-13
D1513,6885081,2026-09-15
D1513,6898661,2026-09-18
D1513,6908889,2026-09-22
D1513,6910631,2026-09-16
D1513,6910718,2026-09-16
D1513,6930356,2026-09-16
D1513,6932244,2026-09-16
D1513,6935990,2026-09-16
D1513,6947228,2026-09-17
D1513,6947235,2026-09-17
D1513,6947590,2026-09-17
D1513,6947964,2026-09-17
D1513,6948087,2026-09-17
D1513,6948172,2026-09-17
D1513,6966336,2026-09-17
D1513,6971355,2026-09-18
D1513,6971442,2026-09-18
D1513,6971490,2026-09-18
D1513,7006993,2026-09-18
D1513,7007837,2026-09-18
D1513,7012965,2026-09-19
D1513,7013087,2026-09-19
D1513,7015652,2026-09-19
D1513,7015753,2026-09-19
D1513,7032504,2026-09-19
D1513,7033209,2026-09-19
D1513,7043353,2026-09-20
D1513,7043372,2026-09-20
D1513,7046212,2026-09-21
D1513,7062147,2026-09-21
D1513,7067726,2026-09-21
D1513,7067742,2026-09-21
D1513,7070437,2026-09-22
D1513,7070757,2026-09-22
D1513,7070775,2026-09-22
D1513,7072203,2026-09-22
D1513,7098224,2026-09-22
D1513,7103231,2026-09-22
D1513,7104185,2026-09-22
D1513,7105149,2026-09-23
D1513,7107912,2026-09-23
D1513,7110259,2026-09-23
D1513,7110271,2026-09-23
D1513,7110443,2026-09-23
D1513,7110559,2026-09-23
D1513,7110617,2026-09-23
D1513,7110789,2026-09-23
D1513,7111183,2026-09-23
D1513,7132207,2026-09-23
D1513,7135435,2026-09-23
D1513,7150173,2026-09-23
D1513,7151156,2026-09-23
D1513,7151887,2026-09-23
D1513,7152032,2026-09-23
D1513,7154781,2026-09-24
D1513,7155127,2026-09-24
D1513,7155156,2026-09-24
D1513,7155192,2026-09-24
D1513,7155204,2026-09-24
D1513,7164010,2026-09-24
D1513,7168695,2026-09-24
D1513,7346246,2026-09-24
D1513,7348312,2026-09-25
D1513,7349536,2026-09-25
D1513,7349613,2026-09-25
D1513,7350064,2026-09-25
D1513,7350230,2026-09-25
D1516,2042164,2026-07-27
D1516,211HWJR,2026-09-04
D1516,211QHBP,2026-09-15
D1516,213QQHY,2026-09-22
D1516,213QYXZ,2026-09-22
D1516,213TNZN,2026-09-11
D1516,214BWMD,2026-09-18
D1516,214DCCW,2026-09-24
D1516,214FBHF,2026-09-22
D1516,2188864,2026-07-22
D1516,3875133,2026-07-21
D1516,3879501,2026-07-22
D1516,3882927,2026-07-21
D1516,5585801,2026-08-08
D1516,6825985,2026-09-11
D1516,6827359,2026-09-11
D1516,6832305,2026-09-12
D1516,7106643,2026-09-23
D1517,206VDRH,2026-09-14
D1517,208YQJT,2026-09-24
D1517,209FGGZ,2026-09-15
D1517,209SZNW,2026-09-04
D1517,210VKDD,2026-09-17
D1517,210XHVG,2026-09-15
D1517,210XHVK,2026-09-15
D1517,211BMXZ,2026-09-18
D1517,211DFDT,2026-09-10
D1517,211GJWN,2026-09-02
D1517,211JKST,2026-09-21
D1517,211PTYC,2026-09-09
D1517,211YDTK,2026-09-08
D1517,211YHKH,2026-09-22
D1517,212GQQY,2026-09-22
D1517,212RTWS,2026-09-21
D1517,212YBCQ,2026-09-15
D1517,212ZGHM,2026-08-27
D1517,213DXQL,2026-09-01
D1517,213FQRV,2026-09-17
D1517,213GRTM,2026-09-18
D1517,213MYPP,2026-09-23
D1517,213PWML,2026-09-09
D1517,213SLCZ,2026-09-22
D1517,213VGSC,2026-09-21
D1517,213VPHD,2026-09-22
D1517,213VVSW,2026-09-14
D1517,213VXVC,2026-09-14
D1517,213WLHL,2026-09-15
D1517,213WLHT,2026-09-15
D1517,213WLHX,2026-09-15
D1517,213WLJF,2026-09-15
D1517,213ZPLB,2026-09-17
D1517,213ZSTQ,2026-09-17
D1517,214BTTY,2026-09-18
D1517,214DKNS,2026-09-21
D1517,214DTVK,2026-09-23
D1517,214FTRJ,2026-09-22
D1517,214FWTB,2026-09-22
D1517,214HWBW,2026-09-24
D1517,2808009,2026-07-22
D1517,3337143,2026-07-22
D1517,3369273,2026-07-22
D1517,3645328,2026-07-22
D1517,3785525,2026-09-21
D1517,3859083,2026-07-22
D1517,3866539,2026-07-22
D1517,3875585,2026-07-21
D1517,3879391,2026-07-21
D1517,3880407,2026-07-21
D1517,3882970,2026-07-21
D1517,3886053,2026-07-22
D1517,3945695,2026-07-07
D1517,3975982,2026-07-11
D1517,3991789,2026-07-21
D1517,4153391,2026-07-22
D1517,4432580,2026-09-11
D1517,4606237,2026-09-07
D1517,4610730,2026-07-06
D1517,4631394,2026-09-11
D1517,4673809,2026-07-07
D1517,4709882,2026-09-07
D1517,4770239,2026-07-26
D1517,4817781,2026-09-20
D1517,5060222,2026-07-16
D1517,5081536,2026-07-22
D1517,5081744,2026-07-22
D1517,5176378,2026-09-24
D1517,5202649,2026-07-21
D1517,5202974,2026-07-22
D1517,5363724,2026-09-08
D1517,5363729,2026-09-08
D1517,5363937,2026-09-21
D1517,5363949,2026-09-21
D1517,5363982,2026-09-23
D1517,5364056,2026-08-07
D1517,5364146,2026-09-21
D1517,5364158,2026-09-21
D1517,5364160,2026-09-21
D1517,5364220,2026-09-21
D1517,5367764,2026-09-21
D1517,5368174,2026-08-30
D1517,5368799,2026-09-23
D1517,5368954,2026-09-23
D1517,5405433,2026-09-08
D1517,5633785,2026-08-30
D1517,5707857,2026-09-03
D1517,5779923,2026-08-06
D1517,5802968,2026-08-07
D1517,5868453,2026-08-28
D1517,5947384,2026-09-08
D1517,5976114,2026-09-08
D1517,6020947,2026-08-15
D1517,6030812,2026-09-21
D1517,6189118,2026-09-23
D1517,6189119,2026-08-22
D1517,6189146,2026-08-22
D1517,6213187,2026-09-20
D1517,6280195,2026-08-26
D1517,6341862,2026-08-27
D1517,6342000,2026-08-28
D1517,6352234,2026-09-08
D1517,6352413,2026-09-21
D1517,6394212,2026-09-24
D1517,6424755,2026-09-24
D1517,6429057,2026-09-22
D1517,6460527,2026-08-31
D1517,6498817,2026-09-21
D1517,6501825,2026-09-19
D1517,6511084,2026-09-02
D1517,6513064,2026-09-02
D1517,6523407,2026-09-02
D1517,6533768,2026-09-24
D1517,6543920,2026-09-08
D1517,6589611,2026-09-24
D1517,6630482,2026-09-04
D1517,6673315,2026-09-24
D1517,6692434,2026-09-08
D1517,6737769,2026-09-24
D1517,6737782,2026-09-24
D1517,6737799,2026-09-24
D1517,6740579,2026-09-09
D1517,6775371,2026-09-09
D1517,6775951,2026-09-09
D1517,6776030,2026-09-24
D1517,6805544,2026-09-10
D1517,6806024,2026-09-24
D1517,6806030,2026-09-24
D1517,6806036,2026-09-24
D1517,6806042,2026-09-24
D1517,6806051,2026-09-24
D1517,6806052,2026-09-24
D1517,6806054,2026-09-24
D1517,6806055,2026-09-24
D1517,6806056,2026-09-23
D1517,6806073,2026-09-24
D1517,6806092,2026-09-24
D1517,6829136,2026-09-11
D1517,6830752,2026-09-24
D1517,6832122,2026-09-12
D1517,6832331,2026-09-12
D1517,6832464,2026-09-12
D1517,6832562,2026-09-12
D1517,6832580,2026-09-12
D1517,6832582,2026-09-12
D1517,6832604,2026-09-12
D1517,6832663,2026-09-12
D1517,6832666,2026-09-12
D1517,6832694,2026-09-12
D1517,6832738,2026-09-12
D1517,6832746,2026-09-12
D1517,6832754,2026-09-12
D1517,6832771,2026-09-12
D1517,6862781,2026-09-15
D1517,6862972,2026-09-15
D1517,6863065,2026-09-14
D1517,6895419,2026-09-15
D1517,6898900,2026-09-15
D1517,6899958,2026-09-15
D1517,6907933,2026-09-24
D1517,6908800,2026-09-16
D1517,6910636,2026-09-24
D1517,6910701,2026-09-16
D1517,6910775,2026-09-16
D1517,6910841,2026-09-16
D1517,6910856,2026-09-16
D1517,6910860,2026-09-16
D1517,6910867,2026-09-16
D1517,6910893,2026-09-16
D1517,6910934,2026-09-16
D1517,6933597,2026-09-16
D1517,6936634,2026-09-16
D1517,6962698,2026-09-24
D1517,6986753,2026-09-18
D1517,6986757,2026-09-18
D1517,6989182,2026-09-18
D1517,6989217,2026-09-18
D1517,7008140,2026-09-18
D1517,7010724,2026-09-19
D1517,7035384,2026-09-24
D1517,7035421,2026-09-24
D1517,7035876,2026-09-19
D1517,7066716,2026-09-21
D1517,7067075,2026-09-24
D1517,7067076,2026-09-24
D1517,7068745,2026-09-22
D1517,7093785,2026-09-22
D1517,7097683,2026-09-22
D1517,7098920,2026-09-22
D1517,7117401,2026-09-23
D1517,7133884,2026-09-23
D1517,7148782,2026-09-23
D1517,7151444,2026-09-24
D1517,7152070,2026-09-23
D1517,7345706,2026-09-24
D1517,7345761,2026-09-24
D1517,7345786,2026-09-24
D1517,7345831,2026-09-24
E1113,211HPTK,2026-09-23
E1113,211KWGF,2026-09-04
E1113,211TLRK,2026-09-08
E1113,211TNDM,2026-09-08
E1113,213GQZD,2026-09-16
E1113,213MBDF,2026-09-23
E1113,213MVDY,2026-09-23
E1113,213MVFQ,2026-09-18
E1113,213MVGL,2026-09-18
E1113,213MVGX,2026-09-18
E1113,213MVHP,2026-09-18
E1113,213MVJH,2026-09-23
E1113,213MVKD,2026-09-18
E1113,213MVLB,2026-09-23
E1113,213MVNC,2026-09-23
E1113,213MVNY,2026-09-09
E1113,213MVQH,2026-09-18
E1113,213MVQZ,2026-09-23
E1113,213MVSY,2026-09-18
E1113,213MVTX,2026-09-18
E1113,213MVVP,2026-09-23
E1113,213MVWL,2026-09-18
E1113,213MVXC,2026-09-23
E1113,213MVXR,2026-09-18
E1113,213MVYF,2026-09-23
E1113,213MVYY,2026-09-18
E1113,213MWBW,2026-09-18
E1113,213MWDG,2026-09-23
E1113,213MWDY,2026-09-23
E1113,213MWFV,2026-09-23
E1113,213MWGJ,2026-09-23
E1113,213MWHB,2026-09-23
E1113,213MWHR,2026-09-23
E1113,213MWJH,2026-09-23
E1113,213MWJZ,2026-09-23
E1113,213MWKY,2026-09-18
E1113,213MWLM,2026-09-18
E1113,213MWMR,2026-09-23
E1113,213MWNG,2026-09-23
E1113,213MWNQ,2026-09-18
E1113,213MWPB,2026-09-18
E1113,213MWPP,2026-09-23
E1113,213MWYM,2026-09-23
E1113,213MWZW,2026-09-18
E1113,213MXBL,2026-09-18
E1113,213MXBW,2026-09-18
E1113,213MYJT,2026-09-23
E1113,213NMRT,2026-09-24
E1113,213PVFY,2026-09-19
E1113,213QWNH,2026-09-23
E1113,213QYNT,2026-09-10
E1113,213RHGX,2026-09-18
E1113,213RVWL,2026-09-15
E1113,213SCTJ,2026-09-11
E1113,213TLDB,2026-09-14
E1113,213TLDQ,2026-09-14
E1113,213TWKZ,2026-09-14
E1113,213TZSG,2026-09-21
E1113,213VSHN,2026-09-14
E1113,213VTFS,2026-09-15
E1113,213VVGG,2026-09-18
E1113,213ZXLF,2026-09-17
E1113,214BXFL,2026-09-18
E1113,214DNHM,2026-09-23
E1113,214DQFX,2026-09-21
E1113,214DVGM,2026-09-23
E1113,214FTXW,2026-09-22
E1113,214FVYJ,2026-09-22
E1113,214JDXQ,2026-09-24
E1113,3776728,2026-07-06
E1113,3874704,2026-07-15
E1113,3875022,2026-07-21
E1113,3875783,2026-07-21
E1113,3878531,2026-07-21
E1113,3879330,2026-07-21
E1113,3882274,2026-07-21
E1113,3882474,2026-07-21
E1113,3976491,2026-07-22
E1113,3988120,2026-08-05
E1113,3991846,2026-07-21
E1113,4146311,2026-07-19
E1113,4296393,2026-06-27
E1113,4296412,2026-06-27
E1113,4296430,2026-06-27
E1113,4296548,2026-06-27
E1113,4533898,2026-07-03
E1113,4561916,2026-07-04
E1113,4664121,2026-07-07
E1113,4664138,2026-07-07
E1113,4664227,2026-07-07
E1113,4688086,2026-09-02
E1113,4734739,2026-09-22
E1113,5054009,2026-07-16
E1113,5068040,2026-09-09
E1113,5091145,2026-07-17
E1113,5184942,2026-07-26
E1113,5193251,2026-08-31
E1113,5364273,2026-09-21
E1113,5364565,2026-09-21
E1113,5365397,2026-07-23
E1113,5366051,2026-09-08
E1113,5366233,2026-09-21
E1113,5366237,2026-08-29
E1113,5366436,2026-07-23
E1113,5366484,2026-07-23
E1113,5366495,2026-09-21
E1113,5366634,2026-09-21
E1113,5366947,2026-09-21
E1113,5367249,2026-09-08
E1113,5367426,2026-09-21
E1113,5367547,2026-09-08
E1113,5367983,2026-09-21
E1113,5368147,2026-09-21
E1113,5368151,2026-09-21
E1113,5368206,2026-09-21
E1113,5368539,2026-09-08
E1113,5368807,2026-09-21
E1113,5505107,2026-09-08
E1113,5505155,2026-08-27
E1113,5505279,2026-09-08
E1113,5524782,2026-08-19
E1113,5603817,2026-09-09
E1113,5718071,2026-08-31
E1113,5743474,2026-09-23
E1113,5743528,2026-09-23
E1113,5862449,2026-09-08
E1113,5887592,2026-09-08
E1113,5901903,2026-08-11
E1113,5907461,2026-08-11
E1113,5938467,2026-08-12
E1113,5945433,2026-09-23
E1113,5946067,2026-09-25
E1113,5947605,2026-09-21
E1113,6049467,2026-08-17
E1113,6061617,2026-09-23
E1113,6062575,2026-09-23
E1113,6092765,2026-09-08
E1113,6123582,2026-09-02
E1113,6123614,2026-09-02
E1113,6154925,2026-09-23
E1113,6169388,2026-08-21
E1113,6189213,2026-09-08
E1113,6189257,2026-09-21
E1113,6189342,2026-09-08
E1113,6190304,2026-09-08
E1113,6190313,2026-09-21
E1113,6190381,2026-09-08
E1113,6190446,2026-09-21
E1113,6211787,2026-08-22
E1113,6247106,2026-08-25
E1113,6247138,2026-08-25
E1113,6280936,2026-09-24
E1113,6322580,2026-09-25
E1113,6341883,2026-08-27
E1113,6359134,2026-09-09
E1113,6399786,2026-08-29
E1113,6399991,2026-09-09
E1113,6402859,2026-09-08
E1113,6418556,2026-08-29
E1113,6430192,2026-09-03
E1113,6431235,2026-09-08
E1113,6431246,2026-08-30
E1113,6436284,2026-08-30
E1113,6473417,2026-09-24
E1113,6475102,2026-09-05
E1113,6475523,2026-09-01
E1113,6480641,2026-09-01
E1113,6504849,2026-09-25
E1113,6507028,2026-09-23
E1113,6507179,2026-09-02
E1113,6513294,2026-09-08
E1113,6535050,2026-09-23
E1113,6539129,2026-09-23
E1113,6539253,2026-09-03
E1113,6539397,2026-09-03
E1113,6539993,2026-09-03
E1113,6544095,2026-09-03
E1113,6596625,2026-09-23
E1113,6597030,2026-09-04
E1113,6602648,2026-09-04
E1113,6634355,2026-09-04
E1113,6637672,2026-09-05
E1113,6645742,2026-09-05
E1113,6645764,2026-09-08
E1113,6672905,2026-09-05
E1113,6705994,2026-09-08
E1113,6706050,2026-09-09
E1113,6706061,2026-09-09
E1113,6706240,2026-09-08
E1113,6711091,2026-09-08
E1113,6711324,2026-09-08
E1113,6728254,2026-09-08
E1113,6747947,2026-09-09
E1113,6748224,2026-09-09
E1113,6753177,2026-09-09
E1113,6753232,2026-09-09
E1113,6774662,2026-09-09
E1113,6783330,2026-09-23
E1113,6783515,2026-09-10
E1113,6783531,2026-09-10
E1113,6799750,2026-09-10
E1113,6806368,2026-09-10
E1113,6806915,2026-09-11
E1113,6824446,2026-09-12
E1113,6832022,2026-09-12
E1113,6832823,2026-09-12
E1113,6851509,2026-09-13
E1113,6895134,2026-09-15
E1113,6897532,2026-09-15
E1113,6908777,2026-09-16
E1113,6970768,2026-09-18
E1113,6985918,2026-09-18
E1113,7010423,2026-09-19
E1113,7059553,2026-09-25
E1113,7061080,2026-09-21
E1113,7061403,2026-09-21
E1113,7061488,2026-09-21
E1113,7061503,2026-09-21
E1113,7061985,2026-09-21
E1113,7062009,2026-09-21
E1113,7062162,2026-09-21
E1113,7062602,2026-09-21
E1113,7067391,2026-09-21
E1113,7070366,2026-09-22
E1113,7072751,2026-09-22
E1113,7073135,2026-09-22
E1113,7074656,2026-09-22
E1113,7074693,2026-09-22
E1113,7103748,2026-09-22
E1113,7104256,2026-09-22
E1113,7107633,2026-09-23
E1113,7112194,2026-09-23
E1113,7112407,2026-09-23
E1113,7112437,2026-09-23
E1113,7112606,2026-09-23
E1113,7112652,2026-09-23
E1113,7112701,2026-09-25
E1113,7112722,2026-09-25
E1113,7112810,2026-09-23
E1113,7112850,2026-09-25
E1113,7112878,2026-09-23
E1113,7112968,2026-09-23
E1113,7112986,2026-09-23
E1113,7113019,2026-09-23
E1113,7113059,2026-09-23
E1113,7113357,2026-09-23
E1113,7113499,2026-09-25
E1113,7114318,2026-09-23
E1113,7114366,2026-09-25
E1113,7114441,2026-09-23
E1113,7114598,2026-09-23
E1113,7114609,2026-09-23
E1113,7114613,2026-09-23
E1113,7114700,2026-09-23
E1113,7114818,2026-09-23
E1113,7114885,2026-09-23
E1113,7114916,2026-09-23
E1113,7115184,2026-09-23
E1113,7115261,2026-09-23
E1113,7115340,2026-09-23
E1113,7115414,2026-09-23
E1113,7115854,2026-09-23
E1113,7116525,2026-09-25
E1113,7117386,2026-09-23
E1113,7117613,2026-09-23
E1113,7117630,2026-09-23
E1113,7117640,2026-09-23
E1113,7117788,2026-09-23
E1113,7117837,2026-09-23
E1113,7126020,2026-09-23
E1113,7151813,2026-09-23
E1113,7152008,2026-09-23
E1113,7155440,2026-09-24
E1113,7155472,2026-09-24
E1113,7155490,2026-09-24
E1113,7155577,2026-09-24
E1113,7155716,2026-09-24
E1113,7155717,2026-09-24
E1113,7155732,2026-09-24
E1113,7163882,2026-09-24
E1113,7346218,2026-09-24
E1113,7346944,2026-09-25
E1113,7351700,2026-09-25
E1113,7352341,2026-09-25
E1113,7352345,2026-09-25
E1113,7352399,2026-09-25
E1113,7352414,2026-09-25
E1113,7352440,2026-09-25
E1113,7352472,2026-09-25
E1113,7352762,2026-09-25
E1113,7352786,2026-09-25
E1113,7352824,2026-09-25
K1816,204XMJP,2026-09-11
K1816,211BTLV,2026-09-10
K1816,211RMHS,2026-09-22
K1816,212HQZB,2026-09-04
K1816,212SXPC,2026-09-22
K1816,212TLXX,2026-09-22
K1816,213CSTG,2026-09-16
K1816,213NMRY,2026-09-24
K1816,213PYHX,2026-09-24
K1816,213VCXG,2026-09-14
K1816,213XLMC,2026-09-15
K1816,213ZMZX,2026-09-17
K1816,214HGTP,2026-09-23
K1816,3367595,2026-07-22
K1816,5659740,2026-09-08
K1816,5665435,2026-08-01
K1816,5989531,2026-09-21
K1816,5993917,2026-09-11
K1816,5993948,2026-08-14
K1816,6140435,2026-09-24
K1816,6363929,2026-09-08
K1816,6424631,2026-09-09
K1816,6430578,2026-08-30
K1816,6436392,2026-08-30
K1816,6498563,2026-09-08
K1816,6664642,2026-09-24
K1816,6847172,2026-09-12
K1816,6988337,2026-09-18
K1816,7096506,2026-09-22
K1816,7102300,2026-09-22
K1816,7133809,2026-09-23
K1816,7153367,2026-09-24
M1720,213NKYJ,2026-09-14
M1720,213PMTJ,2026-09-11
M1720,214BZNJ,2026-09-21
M1720,6730532,2026-09-08
M1720,7033466,2026-09-19
