rome,id,date_actualisation
D1301,211TYWQ,2026-09-25
D1301,214GWZY,2026-09-23
D1301,214NQRR,2026-09-29
D1301,3627275,2026-07-22
D1301,3849395,2026-07-22
D1301,3879755,2026-07-22
D1301,4316665,2026-09-15
D1301,4759868,2026-07-14
D1301,5692263,2026-10-01
D1301,5851530,2026-08-08
D1301,6090055,2026-09-29
D1301,6810819,2026-10-04
D1301,6810826,2026-10-04
D1301,6831833,2026-09-12
D1301,6832351,2026-09-12
D1301,6882111,2026-09-19
D1301,6882841,2026-09-15
D1301,6882862,2026-10-04
D1301,6884178,2026-09-15
D1301,6884729,2026-09-15
D1301,6885084,2026-09-15
D1301,6885092,2026-09-15
D1301,6885095,2026-09-15
D1301,6886164,2026-09-15
D1301,6910817,2026-09-16
D1301,7005000,2026-09-18
D1301,7005025,2026-09-18
D1301,7005192,2026-09-18
D1301,7005261,2026-09-18
D1301,7005278,2026-09-18
D1301,7005320,2026-09-18
D1301,7105189,2026-09-29
D1301,7436009,2026-09-27
D1301,7467707,2026-09-28
D1301,7474407,2026-09-29
D1301,7565825,2026-10-01
D1301,7568009,2026-10-02
D1301,7625313,2026-10-03
D1301,7632285,2026-10-03
D1302,204PSYX,2026-09-30
D1302,206SPPS,2026-09-22
D1302,206ZVHX,2026-09-29
D1302,208PTLB,2026-09-22
D1302,208WMVZ,2026-10-02
D1302,208XZCF,2026-09-21
D1302,209FHKX,2026-10-01
D1302,209QFDT,2026-10-02
D1302,209TKRM,2026-09-28
D1302,210FBPW,2026-09-08
D1302,210GHTD,2026-10-02
D1302,210HJWD,2026-09-29
D1302,210HPNB,2026-10-02
D1302,210KJND,2026-09-25
D1302,210MCDJ,2026-10-02
D1302,210MKXL,2026-09-24
D1302,210PWWX,2026-10-02
D1302,210SHNG,2026-09-14
D1302,210SJRB,2026-09-29
D1302,210VDBN,2026-07-17
D1302,211BBPR,2026-09-04
D1302,211BXDH,2026-09-11
D1302,211CFMY,2026-09-23
D1302,211CNKS,2026-10-02
D1302,211HJNX,2026-09-11
D1302,211HLSB,2026-09-25
D1302,211HRGM,2026-10-02
D1302,211LGMS,2026-09-21
D1302,211LVPP,2026-10-01
D1302,211MBFG,2026-10-02
D1302,211PLYY,2026-09-16
D1302,211QJLQ,2026-09-29
D1302,211QMQQ,2026-09-25
D1302,211QQNG,2026-10-01
D1302,211QQYZ,2026-09-24
D1302,211QTXD,2026-09-16
D1302,211QWCH,2026-10-02
D1302,211VHKF,2026-09-21
D1302,211VHLT,2026-09-21
D1302,211VHLW,2026-09-29
D1302,211VHMS,2026-09-21
D1302,211VHTZ,2026-09-29
D1302,211XCTG,2026-09-24
D1302,211XJGT,2026-09-24
D1302,211YCQG,2026-09-25
D1302,211ZCHL,2026-09-29
D1302,212CQDS,2026-10-01
D1302,212CRYK,2026-09-28
D1302,212CXMN,2026-09-30
D1302,212DBRD,2026-10-01
D1302,212DJVP,2026-09-29
D1302,212GVSF,2026-09-16
D1302,212JMTG,2026-09-11
D1302,212JXGQ,2026-09-29
D1302,212KGGC,2026-09-24
D1302,212KGPS,2026-09-24
D1302,212KGRS,2026-09-24
D1302,212MFZB,2026-09-30
D1302,212NJLT,2026-09-30
D1302,212PDBV,2026-09-16
D1302,212PSTT,2026-09-28
D1302,212PTBB,2026-09-28
D1302,212PTDK,2026-09-28
D1302,212QKDV,2026-09-29
D1302,212SFTF,2026-10-02
D1302,212SJNJ,2026-09-30
D1302,212SJPS,2026-09-23
D1302,212SJQL,2026-09-17
D1302,212SJQW,2026-09-30
D1302,212SJQZ,2026-09-18
D1302,212SJRC,2026-09-17
D1302,212SJRF,2026-09-18
D1302,212SJRG,2026-09-17
D1302,212SJRJ,2026-09-21
D1302,212SJVG,2026-09-17
D1302,212SJVQ,2026-09-18
D1302,212SKFX,2026-09-30
D1302,212SQMY,2026-09-30
D1302,212SVGG,2026-09-18
D1302,212TBKG,2026-09-22
D1302,212TJCC,2026-10-02
D1302,212TRZC,2026-09-22
D1302,212TYRX,2026-09-21
D1302,212TZYX,2026-09-24
D1302,212VCDW,2026-09-14
D1302,212VHNX,2026-09-30
D1302,212VJFK,2026-09-24
D1302,212VJYK,2026-09-24
D1302,212VKBV,2026-09-24
D1302,212VKVW,2026-09-29
D1302,212WBNH,2026-09-23
D1302,212WMHL,2026-09-23
D1302,212WQGV,2026-10-01
D1302,212WTNG,2026-09-22
D1302,212WTXX,2026-09-18
D1302,212WWKB,2026-09-29
D1302,212WWRK,2026-09-18
D1302,212WYQT,2026-09-18
D1302,212WYVC,2026-09-23
D1302,212XDZY,2026-09-23
D1302,212XJRN,2026-09-22
D1302,212XJRV,2026-09-22
D1302,212XJRW,2026-09-23
D1302,212XWNC,2026-09-30
D1302,212XYKR,2026-09-25
D1302,212XZFV,2026-09-18
D1302,212XZPT,2026-09-25
D1302,212YCTQ,2026-09-30
D1302,212YCVG,2026-09-14
D1302,212YGGC,2026-10-01
D1302,212YGJZ,2026-10-01
D1302,212YLVG,2026-09-24
D1302,212ZDTT,2026-10-02
D1302,212ZMRV,2026-09-08
D1302,212ZRMF,2026-09-30
D1302,213BKKJ,2026-09-24
D1302,213BKPV,2026-09-25
D1302,213BKSB,2026-09-24
D1302,213BMCP,2026-09-24
D1302,213BMFH,2026-09-25
D1302,213BMZP,2026-09-24
D1302,213BNLW,2026-09-24
D1302,213BPTM,2026-10-01
D1302,213BPYS,2026-09-25
D1302,213BRDN,2026-09-25
D1302,213BRFD,2026-10-02
D1302,213BTJC,2026-09-24
D1302,213BTWW,2026-09-24
D1302,213BYMN,2026-09-29
D1302,213CBCN,2026-09-25
D1302,213CSNT,2026-10-02
D1302,213CYXB,2026-09-11
D1302,213DBFB,2026-09-29
D1302,213DCPC,2026-09-28
D1302,213DCPD,2026-09-28
D1302,213DCPH,2026-10-01
D1302,213DCPJ,2026-09-28
D1302,213DCPK,2026-09-28
D1302,213DCPL,2026-09-29
D1302,213DRBY,2026-09-11
D1302,213DRHJ,2026-10-02
D1302,213DTRX,2026-09-30
D1302,213DTRY,2026-09-28
D1302,213DTSB,2026-09-28
D1302,213DWSS,2026-09-28
D1302,213FFGK,2026-09-29
D1302,213FFHT,2026-09-29
D1302,213FHNQ,2026-09-28
D1302,213FKSX,2026-09-24
D1302,213FMFZ,2026-09-29
D1302,213FSSH,2026-10-02
D1302,213FSTJ,2026-09-29
D1302,213FXDB,2026-10-01
D1302,213FXTB,2026-09-29
D1302,213FYFJ,2026-10-01
D1302,213GDTS,2026-09-30
D1302,213GSCX,2026-09-25
D1302,213HMJS,2026-10-02
D1302,213HVBX,2026-10-02
D1302,213JBGD,2026-09-28
D1302,213JBTQ,2026-09-23
D1302,213JCCC,2026-09-30
D1302,213JCNZ,2026-09-23
D1302,213JTPW,2026-10-02
D1302,213JVPJ,2026-09-23
D1302,213KKRK,2026-10-02
D1302,213KKRL,2026-10-02
D1302,213KPZL,2026-10-02
D1302,213KTRB,2026-09-23
D1302,213KWGL,2026-10-01
D1302,213KXTK,2026-09-30
D1302,213KYYJ,2026-09-20
D1302,213LJPZ,2026-09-07
D1302,213LKGK,2026-10-02
D1302,213LQQR,2026-09-07
D1302,213LXWY,2026-09-29
D1302,213LYSW,2026-10-01
D1302,213LZTS,2026-10-02
D1302,213LZXY,2026-10-02
D1302,213LZZD,2026-09-23
D1302,213MDWS,2026-09-23
D1302,213MHBH,2026-09-28
D1302,213MHCW,2026-09-23
D1302,213MKCH,2026-10-01
D1302,213MKLN,2026-09-29
D1302,213MKLW,2026-09-30
D1302,213MLZH,2026-09-30
D1302,213MMMB,2026-09-29
D1302,213MMVS,2026-09-30
D1302,213MNYW,2026-09-30
D1302,213MPZY,2026-09-30
D1302,213MRSC,2026-09-07
D1302,213MSKK,2026-10-02
D1302,213MVBR,2026-09-30
D1302,213MWWN,2026-09-23
D1302,213MWYN,2026-09-07
D1302,213MXJG,2026-09-07
D1302,213NCJC,2026-09-22
D1302,213NFVC,2026-10-02
D1302,213NHWW,2026-09-24
D1302,213NMZK,2026-09-24
D1302,213NNPP,2026-09-24
D1302,213NYJF,2026-09-08
D1302,213NYNZ,2026-10-01
D1302,213NZVT,2026-09-09
D1302,213PBPK,2026-09-23
D1302,213PFJR,2026-09-09
D1302,213PFSW,2026-09-11
D1302,213PJRQ,2026-10-01
D1302,213PJTC,2026-10-01
D1302,213PKHD,2026-10-02
D1302,213PMGP,2026-09-25
D1302,213PNGT,2026-10-01
D1302,213PNJN,2026-10-01
D1302,213PVFQ,2026-09-11
D1302,213PVHZ,2026-09-25
D1302,213PVKN,2026-09-22
D1302,213PVVT,2026-09-28
D1302,213QCHK,2026-09-29
D1302,213QCQV,2026-10-02
D1302,213QHHC,2026-09-09
D1302,213QHVZ,2026-10-02
D1302,213QJLN,2026-09-25
D1302,213QJLP,2026-09-25
D1302,213QJSC,2026-10-01
D1302,213QKFY,2026-10-02
D1302,213QLCT,2026-09-25
D1302,213QMQR,2026-09-23
D1302,213QMVL,2026-09-25
D1302,213QMYV,2026-09-25
D1302,213QNMM,2026-09-29
D1302,213QNMR,2026-09-25
D1302,213QNQH,2026-10-01
D1302,213QPFG,2026-10-02
D1302,213QVVY,2026-09-28
D1302,213QVWP,2026-09-21
D1302,213QVWV,2026-09-25
D1302,213QVXX,2026-09-15
D1302,213QZPL,2026-10-02
D1302,213RCZM,2026-09-10
D1302,213RDGL,2026-09-23
D1302,213RKVM,2026-10-01
D1302,213RMSQ,2026-09-30
D1302,213RNQH,2026-09-21
D1302,213RRJR,2026-09-25
D1302,213RWZQ,2026-09-26
D1302,213RZZG,2026-09-28
D1302,213SBNJ,2026-09-10
D1302,213SDSM,2026-09-26
D1302,213SGLT,2026-09-29
D1302,213SGRR,2026-10-02
D1302,213SGRT,2026-09-11
D1302,213SRFY,2026-09-11
D1302,213SVBN,2026-10-01
D1302,213SZPN,2026-09-11
D1302,213SZRR,2026-09-11
D1302,213SZYY,2026-09-27
D1302,213TDTR,2026-09-27
D1302,213TMCD,2026-10-02
D1302,213TMSF,2026-09-23
D1302,213TNFX,2026-09-29
D1302,213TVCG,2026-09-24
D1302,213TVLG,2026-09-12
D1302,213TVNY,2026-09-14
D1302,213TWYS,2026-09-30
D1302,213VBDL,2026-09-30
D1302,213VBXH,2026-09-30
D1302,213VCGZ,2026-09-30
D1302,213VCJN,2026-09-14
D1302,213VCRF,2026-09-30
D1302,213VCTH,2026-09-14
D1302,213VFGR,2026-09-30
D1302,213VFVR,2026-09-15
D1302,213VLMY,2026-10-02
D1302,213VMQY,2026-09-30
D1302,213VNZH,2026-09-30
D1302,213VPCX,2026-09-14
D1302,213VRJK,2026-09-25
D1302,213VSTM,2026-09-30
D1302,213VVSK,2026-09-30
D1302,213VYQD,2026-09-30
D1302,213WDGJ,2026-09-14
D1302,213WDZP,2026-09-30
D1302,213WGFB,2026-10-02
D1302,213WMPV,2026-10-02
D1302,213WNFM,2026-09-27
D1302,213WNGB,2026-09-17
D1302,213WSYY,2026-09-18
D1302,213WVMJ,2026-10-02
D1302,213WWRX,2026-10-01
D1302,213WXSJ,2026-10-02
D1302,213WYQF,2026-10-02
D1302,213WZVF,2026-10-01
D1302,213XBJS,2026-09-29
D1302,213XBPK,2026-09-24
D1302,213XCJT,2026-10-02
D1302,213XDBH,2026-09-27
D1302,213XFBW,2026-09-15
D1302,213XFQY,2026-09-15
D1302,213XFRY,2026-09-15
D1302,213XFSP,2026-09-15
D1302,213XFTR,2026-09-15
D1302,213XFVF,2026-09-15
D1302,213XGMC,2026-09-15
D1302,213XGPS,2026-09-15
D1302,213XGRY,2026-09-15
D1302,213XHLS,2026-09-16
D1302,213XKWX,2026-09-16
D1302,213XQXX,2026-10-01
D1302,213XQYB,2026-10-01
D1302,213XRBK,2026-10-01
D1302,213XSQW,2026-10-01
D1302,213XSQZ,2026-10-01
D1302,213XTGG,2026-10-01
D1302,213XVFL,2026-10-02
D1302,213XXYX,2026-09-30
D1302,213XZBH,2026-09-17
D1302,213YBFV,2026-09-17
D1302,213YBVQ,2026-10-02
D1302,213YCFW,2026-10-02
D1302,213YGLD,2026-09-30
D1302,213YHZJ,2026-10-02
D1302,213YJWW,2026-09-21
D1302,213YQGF,2026-09-16
D1302,213YQZR,2026-09-16
D1302,213YSKP,2026-09-16
D1302,213YSKY,2026-09-16
D1302,213YXCV,2026-10-02
D1302,213YXLW,2026-10-02
D1302,213YYBF,2026-10-02
D1302,213YZGM,2026-10-02
D1302,213ZBDY,2026-09-17
D1302,213ZHHC,2026-10-04
D1302,213ZJJT,2026-10-03
D1302,213ZJPD,2026-10-03
D1302,213ZKMT,2026-10-01
D1302,213ZKRT,2026-10-03
D1302,213ZKYJ,2026-09-17
D1302,213ZQLR,2026-10-03
D1302,213ZQVX,2026-09-24
D1302,213ZQYG,2026-10-03
D1302,213ZQYP,2026-10-03
D1302,213ZQYX,2026-09-23
D1302,213ZWYJ,2026-09-17
D1302,213ZXGX,2026-09-17
D1302,213ZXKF,2026-09-17
D1302,213ZYGG,2026-09-17
D1302,213ZYVH,2026-10-03
D1302,213ZYZQ,2026-10-03
D1302,213ZZTQ,2026-10-03
D1302,213ZZXQ,2026-09-17
D1302,213ZZYT,2026-09-17
D1302,214BBCR,2026-09-29
D1302,214BBLF,2026-09-17
D1302,214BDMP,2026-09-17
D1302,214BGXJ,2026-09-17
D1302,214BKWS,2026-10-03
D1302,214BLPK,2026-10-02
D1302,214BNTX,2026-09-21
D1302,214BQWY,2026-09-28
D1302,214BQXX,2026-09-28
D1302,214BQYH,2026-09-30
D1302,214BQZJ,2026-09-28
D1302,214BRKG,2026-09-18
D1302,214BSBK,2026-09-18
D1302,214BSDF,2026-09-26
D1302,214BSLC,2026-09-18
D1302,214BTBM,2026-09-18
D1302,214BWHM,2026-09-22
D1302,214BWTQ,2026-09-29
D1302,214BXSG,2026-09-18
D1302,214BZGT,2026-09-28
D1302,214BZKM,2026-09-18
D1302,214BZWP,2026-10-02
D1302,214CBJS,2026-09-28
D1302,214CJBQ,2026-09-25
D1302,214CLXZ,2026-09-21
D1302,214CMBJ,2026-09-22
D1302,214CNMM,2026-09-22
D1302,214CNNM,2026-09-22
D1302,214CPNG,2026-10-01
D1302,214CPYR,2026-09-21
D1302,214CPYS,2026-09-21
D1302,214CTMP,2026-09-21
D1302,214CVFX,2026-09-24
D1302,214CYTG,2026-10-01
D1302,214CZKM,2026-09-21
D1302,214CZLH,2026-09-21
D1302,214DFLY,2026-09-28
D1302,214DGVB,2026-09-22
D1302,214DMSM,2026-09-21
D1302,214DNHJ,2026-09-28
D1302,214DNYG,2026-09-22
D1302,214DPCC,2026-09-29
D1302,214DPZG,2026-09-21
D1302,214DQKW,2026-10-02
D1302,214DRHC,2026-09-29
D1302,214DRQR,2026-09-21
D1302,214DRYW,2026-09-22
D1302,214DSDV,2026-09-21
D1302,214DSTM,2026-09-30
D1302,214DTTM,2026-09-23
D1302,214DWWT,2026-09-29
D1302,214DYQV,2026-09-21
D1302,214DZBM,2026-09-21
D1302,214DZPQ,2026-09-22
D1302,214FDMK,2026-09-30
D1302,214FKWS,2026-09-22
D1302,214FLNK,2026-09-28
D1302,214FLVB,2026-09-22
D1302,214FMVK,2026-09-30
D1302,214FNNJ,2026-09-28
D1302,214FNYG,2026-09-22
D1302,214FWKB,2026-09-28
D1302,214FWKH,2026-09-22
D1302,214FXGH,2026-09-25
D1302,214FXRZ,2026-09-22
D1302,214GBFW,2026-09-23
D1302,214GCHX,2026-09-22
D1302,214GDQT,2026-09-28
D1302,214GGCR,2026-09-28
D1302,214GGLN,2026-09-28
D1302,214GGXF,2026-09-23
D1302,214GHYH,2026-09-22
D1302,214GJKD,2026-09-23
D1302,214GNCW,2026-09-29
D1302,214GNXF,2026-09-22
D1302,214GPKQ,2026-09-23
D1302,214GPKR,2026-09-23
D1302,214GPKZ,2026-09-23
D1302,214GQQZ,2026-09-22
D1302,214GRZL,2026-09-23
D1302,214GSJL,2026-09-23
D1302,214GSKN,2026-10-02
D1302,214GSLP,2026-09-30
D1302,214GSML,2026-09-24
D1302,214GTKL,2026-09-23
D1302,214GTSF,2026-09-23
D1302,214GTSY,2026-09-23
D1302,214GVNJ,2026-09-24
D1302,214GWNM,2026-09-23
D1302,214GXQM,2026-09-23
D1302,214GXXW,2026-09-24
D1302,214GYCJ,2026-09-29
D1302,214GYXF,2026-09-30
D1302,214GZFF,2026-09-23
D1302,214HCCM,2026-09-25
D1302,214HCLF,2026-09-23
D1302,214HDVQ,2026-09-23
D1302,214HFHM,2026-10-01
D1302,214HHCT,2026-09-24
D1302,214HJBK,2026-09-23
D1302,214HKVY,2026-09-23
D1302,214HLQF,2026-09-25
D1302,214HMBD,2026-09-23
D1302,214HPCZ,2026-09-23
D1302,214HSFV,2026-09-25
D1302,214HSRM,2026-09-23
D1302,214HSYT,2026-09-23
D1302,214HTMY,2026-09-24
D1302,214HTYL,2026-09-24
D1302,214HVGD,2026-09-23
D1302,214HVYW,2026-09-30
D1302,214HWGN,2026-09-30
D1302,214HWGQ,2026-09-25
D1302,214HWHX,2026-09-30
D1302,214HWJS,2026-09-23
D1302,214HWJV,2026-09-23
D1302,214HWXN,2026-09-23
D1302,214HXMH,2026-09-23
D1302,214HYCS,2026-09-23
D1302,214HZHJ,2026-09-24
D1302,214HZHK,2026-09-24
D1302,214JBDN,2026-09-24
D1302,214JCGM,2026-09-25
D1302,214JGLK,2026-09-24
D1302,214JGNG,2026-09-24
D1302,214JHBL,2026-09-25
D1302,214JHCW,2026-09-24
D1302,214JHJQ,2026-09-24
D1302,214JHMS,2026-09-30
D1302,214JKDL,2026-09-24
D1302,214JLMC,2026-09-24
D1302,214JMCT,2026-10-03
D1302,214JMDS,2026-09-24
D1302,214JMGR,2026-09-24
D1302,214JNLM,2026-09-30
D1302,214JNPQ,2026-09-25
D1302,214JNQT,2026-09-24
D1302,214JPCF,2026-09-24
D1302,214JRMZ,2026-09-25
D1302,214JSHQ,2026-10-01
D1302,214JSRJ,2026-09-25
D1302,214JSRP,2026-09-25
D1302,214JWNJ,2026-09-24
D1302,214JWZN,2026-09-25
D1302,214JXFD,2026-09-24
D1302,214JXLM,2026-09-25
D1302,214JZBZ,2026-09-24
D1302,214JZFQ,2026-09-25
D1302,214KMKN,2026-09-25
D1302,214KPBV,2026-09-28
D1302,214KRVB,2026-10-02
D1302,214KRXD,2026-10-02
D1302,214KSDB,2026-10-03
D1302,214KSDG,2026-10-01
D1302,214KVJD,2026-09-25
D1302,214KVYT,2026-09-28
D1302,214KXLD,2026-09-30
D1302,214KXSM,2026-09-30
D1302,214KXVP,2026-09-25
D1302,214KYDQ,2026-09-30
D1302,214KYDY,2026-09-28
D1302,214KYJQ,2026-09-28
D1302,214KYKW,2026-09-28
D1302,214KZPQ,2026-09-28
D1302,214KZZG,2026-09-28
D1302,214LBSC,2026-09-29
D1302,214LBXH,2026-09-25
D1302,214LCNQ,2026-09-28
D1302,214LCWB,2026-09-29
D1302,214LFNC,2026-09-30
D1302,214LFVH,2026-09-28
D1302,214LFYV,2026-10-03
D1302,214LGTM,2026-09-28
D1302,214LHLR,2026-09-25
D1302,214LHTV,2026-10-01
D1302,214LJRT,2026-09-28
D1302,214LKLM,2026-09-28
D1302,214LQRG,2026-09-28
D1302,214LQYZ,2026-09-29
D1302,214LVSN,2026-09-28
D1302,214LVWS,2026-10-01
D1302,214LWCP,2026-09-28
D1302,214LWRK,2026-09-28
D1302,214LXMM,2026-09-28
D1302,214LXQK,2026-09-28
D1302,214LXSD,2026-09-28
D1302,214LYZS,2026-09-29
D1302,214LZCD,2026-09-29
D1302,214LZDF,2026-09-29
D1302,214LZGX,2026-09-29
D1302,214LZXR,2026-09-28
D1302,214LZZV,2026-09-29
D1302,214MBWG,2026-09-29
D1302,214MBXC,2026-09-29
D1302,214MBXT,2026-09-29
D1302,214MBYL,2026-09-29
D1302,214MFPH,2026-09-28
D1302,214MGJY,2026-09-28
D1302,214MGSF,2026-09-30
D1302,214MHCD,2026-09-28
D1302,214MKTY,2026-09-28
D1302,214MMND,2026-09-30
D1302,214MNJL,2026-09-28
D1302,214MPYZ,2026-09-29
D1302,214MRXM,2026-09-28
D1302,214MTCC,2026-09-29
D1302,214MXYK,2026-09-29
D1302,214MXYM,2026-09-29
D1302,214NBJK,2026-09-29
D1302,214NBKK,2026-09-29
D1302,214NBRG,2026-09-29
D1302,214NCHD,2026-09-30
D1302,214NDMY,2026-09-29
D1302,214NDZX,2026-09-29
D1302,214NHLJ,2026-09-29
D1302,214NJBD,2026-10-02
D1302,214NMHN,2026-09-29
D1302,214NMZT,2026-09-29
D1302,214NNHH,2026-09-30
D1302,214NNRH,2026-09-29
D1302,214NPFQ,2026-09-30
D1302,214NQRM,2026-09-29
D1302,214NQTB,2026-09-29
D1302,214NQTX,2026-09-29
D1302,214NQXZ,2026-09-29
D1302,214NQZC,2026-09-29
D1302,214NRGP,2026-09-29
D1302,214NRLP,2026-09-30
D1302,214NRTW,2026-09-29
D1302,214NVCB,2026-10-01
D1302,214NVCQ,2026-09-29
D1302,214NVHC,2026-09-29
D1302,214NVNK,2026-09-29
D1302,214NXLD,2026-09-29
D1302,214NXQD,2026-09-30
D1302,214NYDP,2026-09-30
D1302,214NYVG,2026-09-30
D1302,214NZXH,2026-09-30
D1302,214PCHV,2026-09-30
D1302,214PJZG,2026-09-30
D1302,214PJZY,2026-10-02
D1302,214PKDQ,2026-10-02
D1302,214PKFW,2026-10-02
D1302,214PKGZ,2026-09-30
D1302,214PKJT,2026-10-02
D1302,214PKLM,2026-10-02
D1302,214PKPH,2026-09-30
D1302,214PKTQ,2026-09-30
D1302,214PKXB,2026-09-30
D1302,214PNJC,2026-09-30
D1302,214PNKP,2026-09-30
D1302,214PPSN,2026-09-30
D1302,214PPTR,2026-09-30
D1302,214PPVT,2026-09-30
D1302,214PPWY,2026-09-30
D1302,214PPYJ,2026-09-30
D1302,214PPYZ,2026-09-30
D1302,214PSWM,2026-09-30
D1302,214PSZZ,2026-09-30
D1302,214PWHL,2026-09-30
D1302,214PXCN,2026-10-01
D1302,214PXLB,2026-09-30
D1302,214PXNB,2026-09-30
D1302,214PXZH,2026-09-30
D1302,214PYHC,2026-10-02
D1302,214PYHL,2026-10-01
D1302,214QCFR,2026-09-30
D1302,214QDJS,2026-10-02
D1302,214QJKW,2026-10-01
D1302,214QJNL,2026-10-01
D1302,214QMFL,2026-10-01
D1302,214QNKT,2026-10-01
D1302,214QPYX,2026-10-01
D1302,214QPZF,2026-10-01
D1302,214QQJF,2026-10-01
D1302,214QQMX,2026-10-01
D1302,214QSJT,2026-10-01
D1302,214QSTH,2026-10-01
D1302,214QTBJ,2026-10-01
D1302,214QTFQ,2026-10-01
D1302,214QWDF,2026-10-01
D1302,214QWRG,2026-10-01
D1302,214QXWB,2026-10-01
D1302,214QYDK,2026-10-01
D1302,214QYDV,2026-10-01
D1302,214QYFL,2026-10-01
D1302,214QYHW,2026-10-01
D1302,214QYKN,2026-10-01
D1302,214QYMR,2026-10-01
D1302,214RFMD,2026-10-01
D1302,214RFNP,2026-10-01
D1302,214RFQJ,2026-10-02
D1302,214RGBL,2026-10-01
D1302,214RGZF,2026-10-01
D1302,214RJHG,2026-10-02
D1302,214RKWX,2026-10-01
D1302,214RKWY,2026-10-02
D1302,214RKXQ,2026-10-02
D1302,214RLKG,2026-10-02
D1302,214RPKS,2026-10-02
D1302,214RTRF,2026-10-02
D1302,214RTTV,2026-10-02
D1302,214RVPN,2026-10-02
D1302,214SBCR,2026-10-02
D1302,214SCFG,2026-10-02
D1302,214SCNS,2026-10-02
D1302,214SGDH,2026-10-02
D1302,214SGDJ,2026-10-02
D1302,214SGHV,2026-10-02
D1302,214SHHL,2026-10-02
D1302,214SJKY,2026-10-02
D1302,214SKZV,2026-10-02
D1302,214SLHK,2026-10-02
D1302,214SNLF,2026-10-02
D1302,214SNMT,2026-10-02
D1302,214SNQT,2026-10-02
D1302,214SQJG,2026-10-02
D1302,214SRMC,2026-10-02
D1302,214SRWS,2026-10-02
D1302,214SSHZ,2026-10-02
D1302,214SWDL,2026-10-02
D1302,214SXVT,2026-10-03
D1302,214SYCW,2026-10-03
D1302,214SYRC,2026-10-03
D1302,214SZDH,2026-10-03
D1302,214SZDK,2026-10-03
D1302,214SZDN,2026-10-03
D1302,6963930,2026-09-17
D1302,6963953,2026-09-17
D1302,6968643,2026-09-18
D1302,6969567,2026-09-18
D1302,6969569,2026-09-18
D1302,6969572,2026-09-18
D1302,6971461,2026-09-18
D1302,6971534,2026-09-18
D1302,6972524,2026-09-18
D1302,6985939,2026-09-18
D1302,6993113,2026-09-18
D1302,6994735,2026-09-18
D1302,6995466,2026-09-18
D1302,6996727,2026-09-18
D1302,7001735,2026-09-18
D1302,7010514,2026-09-19
D1302,7010689,2026-09-19
D1302,7010690,2026-09-19
D1302,7010715,2026-09-19
D1302,7010717,2026-09-19
D1302,7012163,2026-09-19
D1302,7013032,2026-09-19
D1302,7013311,2026-09-19
D1302,7013926,2026-09-19
D1302,7013971,2026-09-19
D1302,7013986,2026-09-19
D1302,7014766,2026-09-19
D1302,7015259,2026-09-19
D1302,7015399,2026-10-01
D1302,7015403,2026-10-01
D1302,7015444,2026-10-01
D1302,7030805,2026-09-19
D1302,7030806,2026-09-19
D1302,7032512,2026-09-19
D1302,7038517,2026-09-20
D1302,7038729,2026-09-20
D1302,7039547,2026-09-20
D1302,7039742,2026-10-02
D1302,7039773,2026-10-02
D1302,7042569,2026-09-20
D1302,7044967,2026-09-20
D1302,7046118,2026-09-21
D1302,7053408,2026-09-21
D1302,7053467,2026-09-21
D1302,7053722,2026-09-22
D1302,7053725,2026-09-21
D1302,7053765,2026-09-21
D1302,7057328,2026-09-21
D1302,7057354,2026-09-21
D1302,7059224,2026-10-04
D1302,7061922,2026-09-21
D1302,7062657,2026-09-21
D1302,7066369,2026-09-21
D1302,7066406,2026-10-01
D1302,7067980,2026-09-22
D1302,7068282,2026-09-22
D1302,7068285,2026-09-22
D1302,7068292,2026-09-22
D1302,7068303,2026-09-22
D1302,7068370,2026-09-22
D1302,7068376,2026-09-22
D1302,7068671,2026-09-25
D1302,7070498,2026-09-22
D1302,7071143,2026-09-22
D1302,7071457,2026-10-04
D1302,7072323,2026-09-22
D1302,7072354,2026-09-22
D1302,7072356,2026-09-22
D1302,7072743,2026-09-22
D1302,7072791,2026-10-04
D1302,7074702,2026-09-22
D1302,7094108,2026-09-22
D1302,7094657,2026-09-22
D1302,7096147,2026-09-22
D1302,7102893,2026-09-22
D1302,7104321,2026-09-22
D1302,7104336,2026-09-22
D1302,7104811,2026-09-23
D1302,7104812,2026-09-23
D1302,7104828,2026-09-23
D1302,7105580,2026-09-23
D1302,7105593,2026-09-23
D1302,7106603,2026-09-23
D1302,7108130,2026-09-26
D1302,7111026,2026-09-23
D1302,7112005,2026-09-23
D1302,7112365,2026-09-23
D1302,7112690,2026-09-23
D1302,7112718,2026-10-02
D1302,7112813,2026-09-23
D1302,7113008,2026-09-23
D1302,7113167,2026-09-23
D1302,7113238,2026-09-23
D1302,7115118,2026-09-23
D1302,7116046,2026-09-23
D1302,7117681,2026-09-23
D1302,7117713,2026-09-23
D1302,7117747,2026-09-23
D1302,7117777,2026-09-23
D1302,7126119,2026-09-23
D1302,7133433,2026-09-23
D1302,7136183,2026-09-25
D1302,7137710,2026-09-23
D1302,7137885,2026-09-23
D1302,7137911,2026-09-23
D1302,7137927,2026-09-23
D1302,7137934,2026-09-23
D1302,7137976,2026-09-23
D1302,7138008,2026-09-23
D1302,7138018,2026-09-23
D1302,7138047,2026-09-23
D1302,7138102,2026-09-23
D1302,7138140,2026-09-23
D1302,7138157,2026-09-23
D1302,7138168,2026-09-23
D1302,7138197,2026-09-23
D1302,7148057,2026-09-23
D1302,7151283,2026-09-23
D1302,7152093,2026-09-28
D1302,7155124,2026-09-24
D1302,7155161,2026-09-24
D1302,7155435,2026-09-24
D1302,7155448,2026-09-24
D1302,7155889,2026-09-24
D1302,7155967,2026-09-24
D1302,7158160,2026-09-24
D1302,7158324,2026-09-24
D1302,7158343,2026-09-24
D1302,7158444,2026-09-24
D1302,7158539,2026-09-24
D1302,7158540,2026-09-24
D1302,7162737,2026-09-24
D1302,7162765,2026-09-24
D1302,7163644,2026-09-24
D1302,7165384,2026-09-24
D1302,7168270,2026-09-24
D1302,7168673,2026-09-24
D1302,7347008,2026-09-25
D1302,7347013,2026-09-25
D1302,7347018,2026-09-25
D1302,7347313,2026-09-25
D1302,7347514,2026-10-03
D1302,7347798,2026-09-29
D1302,7349531,2026-09-25
D1302,7349537,2026-09-25
D1302,7349572,2026-09-25
D1302,7349756,2026-09-25
D1302,7349843,2026-09-25
D1302,7352045,2026-09-25
D1302,7352308,2026-09-25
D1302,7355287,2026-10-04
D1302,7363029,2026-09-25
D1302,7363071,2026-09-25
D1302,7380917,2026-09-25
D1302,7385219,2026-09-25
D1302,7389350,2026-09-25
D1302,7395010,2026-09-25
D1302,7395237,2026-09-25
D1302,7396844,2026-09-25
D1302,7398331,2026-10-03
D1302,7398380,2026-10-03
D1302,7398413,2026-10-03
D1302,7398547,2026-10-03
D1302,7398629,2026-10-03
D1302,7398638,2026-10-03
D1302,7398659,2026-10-03
D1302,7399923,2026-09-25
D1302,7400256,2026-09-25
D1302,7400980,2026-09-26
D1302,7400995,2026-09-26
D1302,7401135,2026-09-26
D1302,7401137,2026-09-26
D1302,7401139,2026-09-26
D1302,7401162,2026-09-26
D1302,7402427,2026-09-26
D1302,7402627,2026-09-26
D1302,7402635,2026-09-26
D1302,7403208,2026-09-26
D1302,7403222,2026-09-26
D1302,7403227,2026-09-26
D1302,7403302,2026-09-26
D1302,7403313,2026-09-26
D1302,7403327,2026-09-26
D1302,7403340,2026-09-26
D1302,7403341,2026-09-26
D1302,7403345,2026-09-26
D1302,7403350,2026-09-26
D1302,7403352,2026-09-26
D1302,7403357,2026-09-26
D1302,7403358,2026-09-26
D1302,7403660,2026-09-26
D1302,7403665,2026-09-26
D1302,7403852,2026-09-26
D1302,7403877,2026-09-26
D1302,7404276,2026-09-26
D1302,7404623,2026-09-26
D1302,7404641,2026-09-26
D1302,7404656,2026-09-26
D1302,7404659,2026-09-26
D1302,7404679,2026-09-26
D1302,7404684,2026-09-26
D1302,7404701,2026-09-26
D1302,7404703,2026-09-26
D1302,7405259,2026-10-02
D1302,7405266,2026-09-26
D1302,7405345,2026-09-26
D1302,7406972,2026-10-04
D1302,7407990,2026-09-26
D1302,7407991,2026-09-26
D1302,7408236,2026-09-26
D1302,7420629,2026-09-26
D1302,7421880,2026-09-26
D1302,7421881,2026-09-26
D1302,7421883,2026-09-26
D1302,7421884,2026-09-26
D1302,7421891,2026-09-26
D1302,7421914,2026-09-26
D1302,7424480,2026-09-26
D1302,7424884,2026-09-26
D1302,7424887,2026-09-26
D1302,7430150,2026-09-26
D1302,7430713,2026-10-03
D1302,7431007,2026-10-03
D1302,7431063,2026-10-03
D1302,7431844,2026-09-26
D1302,7435526,2026-09-27
D1302,7436128,2026-10-01
D1302,7452024,2026-09-27
D1302,7452741,2026-10-04
D1302,7453760,2026-09-28
D1302,7453763,2026-09-28
D1302,7453770,2026-09-28
D1302,7453898,2026-09-28
D1302,7456691,2026-10-01
D1302,7465002,2026-09-29
D1302,7465206,2026-09-29
D1302,7470949,2026-10-03
D1302,7470984,2026-10-03
D1302,7471154,2026-09-28
D1302,7471552,2026-10-03
D1302,7471708,2026-09-28
D1302,7471709,2026-09-28
D1302,7471710,2026-09-28
D1302,7471713,2026-09-28
D1302,7471773,2026-09-28
D1302,7472696,2026-09-29
D1302,7472890,2026-09-29
D1302,7472902,2026-09-29
D1302,7472906,2026-09-29
D1302,7472911,2026-09-29
D1302,7472920,2026-09-29
D1302,7472924,2026-09-29
D1302,7472929,2026-09-29
D1302,7472934,2026-09-29
D1302,7472936,2026-09-29
D1302,7472942,2026-09-29
D1302,7472943,2026-09-29
D1302,7472944,2026-09-29
D1302,7472946,2026-09-29
D1302,7472948,2026-09-29
D1302,7472961,2026-09-29
D1302,7472965,2026-09-29
D1302,7472966,2026-09-29
D1302,7473033,2026-09-29
D1302,7473122,2026-09-29
D1302,7473699,2026-09-29
D1302,7473746,2026-09-29
D1302,7473840,2026-09-29
D1302,7474216,2026-09-29
D1302,7474217,2026-09-29
D1302,7474253,2026-09-29
D1302,7474600,2026-09-29
D1302,7475834,2026-09-29
D1302,7475919,2026-09-29
D1302,7476050,2026-09-29
D1302,7476760,2026-10-01
D1302,7477273,2026-09-29
D1302,7477645,2026-09-29
D1302,7477667,2026-09-29
D1302,7477951,2026-09-29
D1302,7477955,2026-09-29
D1302,7478104,2026-09-29
D1302,7479609,2026-10-01
D1302,7479920,2026-09-29
D1302,7489584,2026-10-02
D1302,7489603,2026-10-01
D1302,7490263,2026-09-29
D1302,7492234,2026-09-29
D1302,7492961,2026-09-29
D1302,7493917,2026-09-29
D1302,7494025,2026-09-29
D1302,7494886,2026-10-03
D1302,7495810,2026-09-29
D1302,7495926,2026-09-29
D1302,7495943,2026-09-29
D1302,7496072,2026-09-29
D1302,7496359,2026-09-30
D1302,7496377,2026-09-30
D1302,7497120,2026-09-30
D1302,7497352,2026-09-30
D1302,7497367,2026-09-30
D1302,7497372,2026-09-30
D1302,7497378,2026-09-30
D1302,7498614,2026-10-04
D1302,7498861,2026-09-30
D1302,7499694,2026-09-30
D1302,7499865,2026-09-30
D1302,7499951,2026-09-30
D1302,7515086,2026-10-01
D1302,7516205,2026-10-01
D1302,7516452,2026-09-30
D1302,7517934,2026-09-30
D1302,7533802,2026-10-03
D1302,7533904,2026-10-03
D1302,7534411,2026-09-30
D1302,7534418,2026-09-30
D1302,7534420,2026-09-30
D1302,7534421,2026-09-30
D1302,7534433,2026-09-30
D1302,7534438,2026-09-30
D1302,7534441,2026-09-30
D1302,7534443,2026-09-30
D1302,7534513,2026-09-30
D1302,7534547,2026-09-30
D1302,7534594,2026-09-30
D1302,7534946,2026-09-30
D1302,7534999,2026-09-30
D1302,7535001,2026-09-30
D1302,7535305,2026-10-01
D1302,7535332,2026-10-01
D1302,7536484,2026-10-01
D1302,7536520,2026-10-01
D1302,7536521,2026-10-01
D1302,7536524,2026-10-01
D1302,7536811,2026-10-01
D1302,7536926,2026-10-01
D1302,7536927,2026-10-01
D1302,7536929,2026-10-01
D1302,7538751,2026-10-01
D1302,7538804,2026-10-01
D1302,7539625,2026-10-01
D1302,7539631,2026-10-01
D1302,7539638,2026-10-02
D1302,7539646,2026-10-01
D1302,7539697,2026-10-01
D1302,7540012,2026-10-04
D1302,7540516,2026-10-04
D1302,7543674,2026-10-01
D1302,7543688,2026-10-01
D1302,7543691,2026-10-01
D1302,7543695,2026-10-01
D1302,7543705,2026-10-01
D1302,7553290,2026-10-01
D1302,7556024,2026-10-01
D1302,7557605,2026-10-01
D1302,7559322,2026-10-01
D1302,7559337,2026-10-01
D1302,7560637,2026-10-01
D1302,7564567,2026-10-03
D1302,7564577,2026-10-03
D1302,7564590,2026-10-03
D1302,7564969,2026-10-01
D1302,7565392,2026-10-01
D1302,7565473,2026-10-01
D1302,7565485,2026-10-01
D1302,7565522,2026-10-01
D1302,7565545,2026-10-01
D1302,7565576,2026-10-01
D1302,7565621,2026-10-01
D1302,7565923,2026-10-01
D1302,7566078,2026-10-01
D1302,7566113,2026-10-01
D1302,7566144,2026-10-01
D1302,7566281,2026-10-01
D1302,7566282,2026-10-01
D1302,7566751,2026-10-01
D1302,7567189,2026-10-01
D1302,7567665,2026-10-02
D1302,7567677,2026-10-02
D1302,7567680,2026-10-02
D1302,7567681,2026-10-02
D1302,7567696,2026-10-02
D1302,7567700,2026-10-02
D1302,7567705,2026-10-02
D1302,7567795,2026-10-02
D1302,7568014,2026-10-02
D1302,7569824,2026-10-02
D1302,7569932,2026-10-02
D1302,7569957,2026-10-02
D1302,7570048,2026-10-02
D1302,7570900,2026-10-02
D1302,7570912,2026-10-02
D1302,7570946,2026-10-02
D1302,7570954,2026-10-02
D1302,7571426,2026-10-02
D1302,7571726,2026-10-04
D1302,7572370,2026-10-02
D1302,7573774,2026-10-04
D1302,7577315,2026-10-02
D1302,7577327,2026-10-02
D1302,7586549,2026-10-02
D1302,7586625,2026-10-02
D1302,7586772,2026-10-02
D1302,7588711,2026-10-02
D1302,7590448,2026-10-02
D1302,7590604,2026-10-02
D1302,7595904,2026-10-02
D1302,7597227,2026-10-02
D1302,7598906,2026-10-02
D1302,7599297,2026-10-02
D1302,7600387,2026-10-02
D1302,7600451,2026-10-02
D1302,7600509,2026-10-02
D1302,7600514,2026-10-02
D1302,7600516,2026-10-02
D1302,7600518,2026-10-02
D1302,7600556,2026-10-02
D1302,7600641,2026-10-02
D1302,7600870,2026-10-02
D1302,7601332,2026-10-03
D1302,7601342,2026-10-03
D1302,7601360,2026-10-03
D1302,7601513,2026-10-03
D1302,7601592,2026-10-03
D1302,7601734,2026-10-03
D1302,7601843,2026-10-03
D1302,7601844,2026-10-03
D1302,7601845,2026-10-04
D1302,7601847,2026-10-04
D1302,7602553,2026-10-03
D1302,7602935,2026-10-03
D1302,7602937,2026-10-03
D1302,7602952,2026-10-03
D1302,7602968,2026-10-03
D1302,7602982,2026-10-03
D1302,7603080,2026-10-03
D1302,7603122,2026-10-03
D1302,7603185,2026-10-03
D1302,7603220,2026-10-03
D1302,7603226,2026-10-03
D1302,7603230,2026-10-03
D1302,7603236,2026-10-03
D1302,7603245,2026-10-03
D1302,7603249,2026-10-03
D1302,7603264,2026-10-03
D1302,7603273,2026-10-03
D1302,7603276,2026-10-03
D1302,7603635,2026-10-03
D1302,7604032,2026-10-03
D1302,7604475,2026-10-03
D1302,7607198,2026-10-03
D1302,7607199,2026-10-03
D1302,7607205,2026-10-03
D1302,7607214,2026-10-03
D1302,7624487,2026-10-03
D1302,7624986,2026-10-03
D1302,7626366,2026-10-03
D1302,7627111,2026-10-03
D1302,7630184,2026-10-03
D1302,7632614,2026-10-03
D1302,7635522,2026-10-03
D1302,7635680,2026-10-03
D1302,7635735,2026-10-03
D1302,7635766,2026-10-03
D1302,7635818,2026-10-03
D1302,7635940,2026-10-03
D1302,7635959,2026-10-03
D1302,7636934,2026-10-04
D1302,7639641,2026-10-04
D1302,7639902,2026-10-04
D1302,7655922,2026-10-04
D1305,212XKXC,2026-09-21
D1305,214JMCW,2026-09-24
D1305,214KYQF,2026-09-25
D1305,3867866,2026-07-22
D1305,5045766,2026-07-22
D1305,5144703,2026-07-23
D1305,5489614,2026-08-25
D1305,6577531,2026-09-03
D1305,6832704,2026-09-12
D1305,6832748,2026-09-12
D1305,6933585,2026-09-16
D1305,6962387,2026-09-26
D1305,6989197,2026-09-18
D1305,7138093,2026-09-23
D1305,7138158,2026-09-23
D1305,7521097,2026-09-30
D1305,7590619,2026-10-02
D1417,207MHYS,2026-10-01
D1417,209FYWL,2026-09-30
D1417,211GBHC,2026-09-10
D1417,211GBHD,2026-09-10
D1417,211HJNY,2026-09-11
D1417,211YXVZ,2026-09-11
D1417,212SJND,2026-09-17
D1417,212SKFL,2026-09-17
D1417,212XBQC,2026-09-22
D1417,212ZBVS,2026-09-17
D1417,213GBFD,2026-09-28
D1417,213HXLT,2026-10-02
D1417,213LCHB,2026-10-02
D1417,213MSQR,2026-09-11
D1417,213NYLN,2026-09-21
D1417,213PPBK,2026-10-02
D1417,213QBHT,2026-09-25
D1417,213QGTY,2026-09-25
D1417,213RBFQ,2026-09-10
D1417,213SSBL,2026-09-28
D1417,213TJKM,2026-09-27
D1417,213YCKN,2026-10-02
D1417,213YJRH,2026-10-02
D1417,213ZJYM,2026-10-02
D1417,213ZQGN,2026-10-02
D1417,214DRYB,2026-10-01
D1417,214DXLC,2026-09-22
D1417,214FDHP,2026-09-30
D1417,214FTVZ,2026-09-22
D1417,214FXDN,2026-09-23
D1417,214JHDW,2026-10-03
D1417,214JYRN,2026-09-25
D1417,214JZLY,2026-09-25
D1417,214JZMK,2026-09-25
D1417,214JZMP,2026-09-25
D1417,214KNKF,2026-09-25
D1417,214LGSB,2026-09-28
D1417,214LQVP,2026-09-28
D1417,214NCHL,2026-09-29
D1417,214PCHK,2026-10-02
D1417,214RHBG,2026-10-02
D1417,214RJTF,2026-10-01
D1417,214RLXH,2026-10-01
D1417,214RVYJ,2026-10-02
D1417,214SLDQ,2026-10-02
D1417,214SLXL,2026-10-02
D1417,3517081,2026-08-31
D1417,3863815,2026-09-02
D1417,3866219,2026-07-07
D1417,4399840,2026-07-29
D1417,4709856,2026-09-30
D1417,4710267,2026-09-29
D1417,4710297,2026-09-29
D1417,4813081,2026-08-12
D1417,4936152,2026-10-03
D1417,5069176,2026-07-17
D1417,5188232,2026-09-17
D1417,5223981,2026-09-18
D1417,5224027,2026-09-18
D1417,5361835,2026-08-31
D1417,5494026,2026-07-27
D1417,5568384,2026-09-09
D1417,5629269,2026-08-31
D1417,5707756,2026-08-18
D1417,5707889,2026-08-18
D1417,5715941,2026-08-06
D1417,5715952,2026-08-06
D1417,5715970,2026-08-06
D1417,5963143,2026-08-13
D1417,5963179,2026-08-13
D1417,5965303,2026-08-13
D1417,6051132,2026-09-11
D1417,6051134,2026-09-11
D1417,6051147,2026-09-11
D1417,6051149,2026-09-11
D1417,6051154,2026-09-11
D1417,6117257,2026-09-11
D1417,6149243,2026-09-11
D1417,6170664,2026-08-21
D1417,6180530,2026-08-21
D1417,6236546,2026-09-11
D1417,6318568,2026-09-11
D1417,6352697,2026-08-27
D1417,6428911,2026-09-28
D1417,6430594,2026-09-11
D1417,6430605,2026-09-11
D1417,6467813,2026-09-11
D1417,6467818,2026-09-11
D1417,6467822,2026-09-11
D1417,6467828,2026-09-11
D1417,6467831,2026-09-11
D1417,6500267,2026-09-11
D1417,6505643,2026-10-01
D1417,6508217,2026-09-02
D1417,6532999,2026-09-02
D1417,6534206,2026-09-11
D1417,6589012,2026-09-03
D1417,6589038,2026-09-03
D1417,6589149,2026-09-03
D1417,6590017,2026-09-03
D1417,6593070,2026-10-03
D1417,6593081,2026-10-03
D1417,6622546,2026-09-28
D1417,6622812,2026-10-04
D1417,6638258,2026-09-11
D1417,6697449,2026-09-07
D1417,6697487,2026-09-07
D1417,6697962,2026-09-07
D1417,6735843,2026-09-08
D1417,6735946,2026-09-08
D1417,6738269,2026-09-11
D1417,6738270,2026-09-11
D1417,6738275,2026-09-11
D1417,6766247,2026-09-09
D1417,6774709,2026-09-09
D1417,6830185,2026-09-11
D1417,6830221,2026-09-11
D1417,6884716,2026-09-15
D1417,6994917,2026-09-18
D1417,6994940,2026-09-18
D1417,6995008,2026-09-18
D1417,6995676,2026-09-18
D1417,6995693,2026-09-18
D1417,6996052,2026-09-18
D1417,6997416,2026-09-18
D1417,7057383,2026-09-21
D1417,7057437,2026-09-21
D1417,7068680,2026-09-25
D1417,7112671,2026-09-23
D1417,7164881,2026-09-24
D1417,7168277,2026-09-24
D1417,7395080,2026-09-25
D1417,7422056,2026-09-26
D1417,7422776,2026-09-26
D1417,7428272,2026-09-26
D1417,7430776,2026-10-03
D1417,7471730,2026-09-28
D1417,7471738,2026-09-28
D1417,7471746,2026-09-28
D1417,7471786,2026-09-28
D1417,7471789,2026-10-01
D1417,7471793,2026-09-28
D1417,7489630,2026-10-01
D1417,7531673,2026-09-30
D1417,7531861,2026-09-30
D1417,7536523,2026-10-01
D1417,7553416,2026-10-04
D1417,7565385,2026-10-01
D1417,7595358,2026-10-02
D1417,7595410,2026-10-02
D1417,7604034,2026-10-03
D1417,7636996,2026-10-04
D1502,205NNCL,2026-09-28
D1502,205ZWYF,2026-09-24
D1502,206XNPZ,2026-09-14
D1502,206ZGCW,2026-09-25
D1502,207PDKS,2026-09-28
D1502,207PDST,2026-09-28
D1502,207PDZT,2026-09-28
D1502,209NLSJ,2026-09-16
D1502,209PVJH,2026-09-09
D1502,209PWZK,2026-09-23
D1502,209VNLF,2026-09-29
D1502,210GBSG,2026-09-22
D1502,210XLZB,2026-09-21
D1502,211HSWF,2026-09-18
D1502,211MBBM,2026-10-02
D1502,211NNSV,2026-09-28
D1502,211PJWN,2026-09-25
D1502,211PQCF,2026-09-14
D1502,211QYDP,2026-09-23
D1502,211TBLF,2026-09-28
D1502,211TCGW,2026-09-23
D1502,211WDYV,2026-09-28
D1502,212BSJY,2026-09-30
D1502,212BVMV,2026-09-29
D1502,212BVWD,2026-09-29
D1502,212KDZK,2026-09-14
D1502,212MFDX,2026-09-22
D1502,212MFLK,2026-10-02
D1502,212NGWY,2026-10-01
D1502,212NHFT,2026-10-01
D1502,212NJGC,2026-10-01
D1502,212PTPM,2026-10-01
D1502,212PVBQ,2026-10-01
D1502,212SKDZ,2026-09-30
D1502,212SPZQ,2026-10-01
D1502,212TCSJ,2026-09-28
D1502,212VKLF,2026-09-30
D1502,212VTGC,2026-10-02
D1502,212VTHV,2026-09-15
D1502,212WVNH,2026-09-11
D1502,212XWHX,2026-09-22
D1502,212YHSR,2026-10-01
D1502,213BJPK,2026-09-29
D1502,213BJRP,2026-09-29
D1502,213CCNR,2026-09-30
D1502,213CHDD,2026-09-25
D1502,213CRVL,2026-09-30
D1502,213CVRM,2026-09-24
D1502,213CZLB,2026-09-25
D1502,213DNFQ,2026-09-21
D1502,213FRYY,2026-09-17
D1502,213FTXV,2026-09-28
D1502,213FZMJ,2026-09-25
D1502,213GKZQ,2026-09-18
D1502,213GNSV,2026-09-18
D1502,213GRQV,2026-09-24
D1502,213JDVN,2026-10-01
D1502,213JFVK,2026-10-01
D1502,213JTRF,2026-09-21
D1502,213KDMX,2026-09-30
D1502,213KDSV,2026-09-30
D1502,213KGVG,2026-10-01
D1502,213KXZD,2026-09-29
D1502,213KYQN,2026-09-30
D1502,213LBYN,2026-10-02
D1502,213LCRF,2026-10-01
D1502,213LGCT,2026-09-21
D1502,213LGFX,2026-09-29
D1502,213MJKS,2026-09-23
D1502,213MLHP,2026-09-30
D1502,213NKJZ,2026-10-02
D1502,213NMWW,2026-09-29
D1502,213NNFW,2026-09-30
D1502,213PBMF,2026-10-01
D1502,213PCGP,2026-09-24
D1502,213PTSF,2026-09-30
D1502,213PTTH,2026-09-30
D1502,213QKMZ,2026-10-01
D1502,213QLGZ,2026-09-28
D1502,213QLPV,2026-09-30
D1502,213QQLN,2026-10-02
D1502,213QSVL,2026-09-30
D1502,213RJFW,2026-09-14
D1502,213RKNQ,2026-09-26
D1502,213SQJP,2026-09-27
D1502,213SRHQ,2026-09-27
D1502,213SZTW,2026-09-14
D1502,213TGPN,2026-09-27
D1502,213TKTC,2026-10-01
D1502,213TMHL,2026-09-30
D1502,213TQJB,2026-09-21
D1502,213TQZY,2026-09-14
D1502,213TXBV,2026-09-30
D1502,213VFWS,2026-09-16
D1502,213VJJT,2026-09-14
D1502,213VKSH,2026-09-30
D1502,213VLVH,2026-09-30
D1502,213VMWZ,2026-09-30
D1502,213VNHW,2026-09-30
D1502,213VNSZ,2026-09-30
D1502,213VVSF,2026-10-02
D1502,213VYRB,2026-09-14
D1502,213WQFJ,2026-09-16
D1502,213WSVY,2026-09-15
D1502,213WVVH,2026-09-25
D1502,213XDGD,2026-10-02
D1502,213XFCS,2026-09-15
D1502,213XQCX,2026-09-15
D1502,213XQGG,2026-09-28
D1502,213XQKV,2026-09-28
D1502,213XYVQ,2026-09-29
D1502,213XZCC,2026-09-29
D1502,213YFLS,2026-10-02
D1502,213YGPD,2026-09-30
D1502,213YGPZ,2026-10-02
D1502,213YJVZ,2026-10-02
D1502,213ZCKB,2026-10-03
D1502,213ZFZM,2026-10-03
D1502,213ZGBC,2026-10-03
D1502,213ZGGH,2026-10-03
D1502,213ZGGY,2026-10-03
D1502,213ZHPN,2026-09-30
D1502,213ZMKD,2026-09-24
D1502,213ZNNY,2026-10-03
D1502,213ZXQK,2026-09-17
D1502,214BCJJ,2026-10-01
D1502,214BKJG,2026-09-18
D1502,214BKXG,2026-09-18
D1502,214BSJR,2026-10-02
D1502,214BSSP,2026-09-21
D1502,214BTQF,2026-10-02
D1502,214BTZW,2026-09-18
D1502,214BWJY,2026-09-18
D1502,214BWZT,2026-09-22
D1502,214BXWS,2026-09-22
D1502,214BYMS,2026-10-03
D1502,214CBWH,2026-09-18
D1502,214CGPT,2026-09-29
D1502,214CQMW,2026-09-21
D1502,214CTNK,2026-09-21
D1502,214CZMB,2026-09-21
D1502,214DFPY,2026-09-21
D1502,214DGNR,2026-09-22
D1502,214DHBY,2026-09-21
D1502,214DHFQ,2026-09-21
D1502,214DKHW,2026-09-22
D1502,214DLWQ,2026-09-22
D1502,214DNQN,2026-09-21
D1502,214DNXK,2026-09-21
D1502,214DQBT,2026-10-02
D1502,214DQPD,2026-09-21
D1502,214DSLN,2026-09-21
D1502,214DTLD,2026-09-23
D1502,214DTQM,2026-09-22
D1502,214DZFF,2026-09-21
D1502,214FCKF,2026-09-22
D1502,214FDFZ,2026-09-23
D1502,214FPXP,2026-09-22
D1502,214FQGP,2026-10-02
D1502,214FWNH,2026-09-22
D1502,214FYTZ,2026-10-01
D1502,214GBJN,2026-09-23
D1502,214GCXM,2026-09-22
D1502,214GGTR,2026-09-22
D1502,214GNQJ,2026-09-24
D1502,214GSXK,2026-09-23
D1502,214GZKL,2026-09-23
D1502,214HFBC,2026-09-24
D1502,214HHNS,2026-10-01
D1502,214HRXK,2026-09-23
D1502,214HRXN,2026-09-29
D1502,214HTTL,2026-09-23
D1502,214HWLR,2026-10-01
D1502,214HWZR,2026-09-25
D1502,214JDYL,2026-09-24
D1502,214JHRQ,2026-09-24
D1502,214JJBR,2026-10-03
D1502,214JQSL,2026-09-25
D1502,214KFTQ,2026-09-25
D1502,214KGSS,2026-09-25
D1502,214KHJP,2026-09-25
D1502,214KHZS,2026-09-25
D1502,214KKLK,2026-09-25
D1502,214KLCK,2026-09-28
D1502,214KLRK,2026-09-25
D1502,214KMSL,2026-09-25
D1502,214KNCN,2026-09-25
D1502,214KRJM,2026-09-25
D1502,214KRKV,2026-09-25
D1502,214KRNZ,2026-09-25
D1502,214KRPQ,2026-09-25
D1502,214KRRC,2026-09-25
D1502,214KRWB,2026-09-25
D1502,214KSSW,2026-09-30
D1502,214KSYN,2026-09-25
D1502,214KYYS,2026-09-28
D1502,214KZMF,2026-09-25
D1502,214LCSL,2026-10-02
D1502,214LFVD,2026-09-25
D1502,214LLXW,2026-10-01
D1502,214LQCQ,2026-09-28
D1502,214LQDJ,2026-09-28
D1502,214LTLX,2026-10-03
D1502,214LWNF,2026-09-28
D1502,214LYKJ,2026-09-28
D1502,214MFCB,2026-09-28
D1502,214MFPX,2026-09-28
D1502,214MJQR,2026-09-28
D1502,214MJXV,2026-09-28
D1502,214MLKW,2026-09-28
D1502,214MLWX,2026-09-28
D1502,214MNHY,2026-09-28
D1502,214NFZQ,2026-09-29
D1502,214NHSH,2026-09-29
D1502,214NJHD,2026-10-01
D1502,214NKKB,2026-10-02
D1502,214NKVL,2026-09-29
D1502,214NLHL,2026-09-30
D1502,214NMXG,2026-09-29
D1502,214NWJW,2026-10-01
D1502,214NWMN,2026-09-29
D1502,214NYCF,2026-09-29
D1502,214NZNN,2026-10-01
D1502,214PBWG,2026-09-30
D1502,214PKSW,2026-10-02
D1502,214PNWP,2026-09-30
D1502,214QDMH,2026-09-30
D1502,214QLPD,2026-10-01
D1502,214QPLX,2026-10-01
D1502,214QTSG,2026-10-01
D1502,214QWMQ,2026-10-02
D1502,214QXGD,2026-10-01
D1502,214RCCT,2026-10-01
D1502,214RGWF,2026-10-01
D1502,214RSGW,2026-10-02
D1502,214RSRF,2026-10-02
D1502,214RZHR,2026-10-02
D1502,214SGSM,2026-10-02
D1502,214SNXS,2026-10-02
D1502,214SVNB,2026-10-02
D1502,214SYKH,2026-10-03
D1502,214SYKK,2026-10-03
D1502,5368446,2026-09-21
D1502,5368462,2026-09-21
D1502,5368485,2026-10-01
D1502,5368490,2026-09-21
D1502,5368505,2026-09-21
D1502,5368507,2026-10-01
D1502,5368523,2026-10-01
D1502,5368527,2026-09-21
D1502,5368537,2026-09-21
D1502,5368541,2026-09-21
D1502,5368542,2026-09-21
D1502,5368548,2026-09-21
D1502,5368551,2026-09-21
D1502,5368567,2026-09-21
D1502,5368578,2026-09-08
D1502,5368579,2026-09-21
D1502,5368597,2026-09-21
D1502,5368601,2026-09-21
D1502,5368607,2026-09-21
D1502,5368627,2026-09-21
D1502,5368630,2026-10-01
D1502,5368658,2026-09-21
D1502,5368659,2026-09-21
D1502,5368668,2026-09-21
D1502,5368672,2026-09-21
D1502,5368688,2026-09-21
D1502,5368718,2026-09-21
D1502,5368723,2026-09-21
D1502,5368727,2026-09-21
D1502,5368728,2026-09-21
D1502,5368732,2026-09-21
D1502,5368734,2026-09-21
D1502,5368740,2026-09-21
D1502,5368745,2026-09-21
D1502,5368751,2026-09-23
D1502,5368770,2026-09-21
D1502,5368779,2026-09-23
D1502,5368794,2026-09-21
D1502,5368795,2026-09-23
D1502,5368798,2026-09-23
D1502,5368812,2026-10-01
D1502,5368820,2026-09-21
D1502,5368826,2026-09-23
D1502,5368828,2026-09-21
D1502,5368832,2026-09-21
D1502,5368834,2026-09-21
D1502,5368839,2026-09-21
D1502,5368844,2026-09-21
D1502,5368848,2026-09-21
D1502,5368849,2026-10-01
D1502,5368859,2026-09-21
D1502,5368869,2026-09-21
D1502,5368873,2026-09-21
D1502,5368879,2026-09-23
D1502,5368918,2026-09-23
D1502,5368924,2026-09-21
D1502,5368931,2026-09-21
D1502,5368935,2026-10-01
D1502,5368936,2026-09-21
D1502,5368953,2026-09-23
D1502,5369027,2026-09-21
D1502,5369036,2026-09-28
D1502,5369092,2026-09-22
D1502,5405840,2026-09-21
D1502,5405843,2026-09-21
D1502,5405867,2026-09-21
D1502,5405869,2026-09-21
D1502,5473338,2026-09-08
D1502,5489512,2026-07-27
D1502,5504742,2026-09-08
D1502,5504801,2026-09-08
D1502,5504805,2026-09-08
D1502,5505065,2026-09-08
D1502,5505067,2026-09-05
D1502,5505118,2026-09-08
D1502,5505148,2026-09-21
D1502,5505170,2026-09-26
D1502,5505178,2026-09-26
D1502,5505195,2026-09-08
D1502,5505204,2026-09-08
D1502,5505209,2026-09-08
D1502,5505222,2026-09-23
D1502,5505228,2026-09-08
D1502,5505229,2026-09-08
D1502,5505261,2026-09-08
D1502,5526481,2026-09-08
D1502,5572461,2026-09-08
D1502,5604710,2026-09-08
D1502,5631752,2026-09-28
D1502,5640653,2026-09-21
D1502,5640704,2026-09-30
D1502,5661533,2026-08-01
D1502,5690862,2026-08-04
D1502,5697306,2026-08-05
D1502,5706383,2026-08-05
D1502,5723200,2026-09-08
D1502,5723298,2026-09-08
D1502,5739555,2026-09-18
D1502,5739557,2026-09-18
D1502,5739561,2026-09-18
D1502,5739567,2026-09-18
D1502,5741433,2026-10-03
D1502,5742588,2026-10-03
D1502,5745525,2026-09-05
D1502,5779500,2026-09-08
D1502,5796096,2026-10-04
D1502,5835565,2026-08-31
D1502,5836297,2026-09-08
D1502,5852263,2026-09-08
D1502,5862265,2026-09-08
D1502,5873087,2026-09-08
D1502,5877802,2026-08-10
D1502,5886745,2026-08-31
D1502,5886751,2026-08-31
D1502,5887483,2026-09-10
D1502,5901134,2026-08-11
D1502,5901246,2026-08-11
D1502,5904191,2026-08-11
D1502,5909443,2026-08-11
D1502,5933018,2026-08-12
D1502,5933878,2026-08-12
D1502,5938537,2026-08-12
D1502,5947409,2026-10-01
D1502,5947431,2026-09-21
D1502,5947511,2026-09-21
D1502,5947526,2026-09-21
D1502,5947594,2026-10-01
D1502,5947659,2026-10-01
D1502,5958787,2026-08-13
D1502,5963172,2026-08-15
D1502,5976241,2026-09-21
D1502,5976250,2026-09-21
D1502,5976324,2026-09-21
D1502,5976330,2026-10-01
D1502,6021141,2026-08-15
D1502,6025874,2026-08-15
D1502,6025883,2026-08-15
D1502,6025886,2026-08-15
D1502,6025896,2026-08-15
D1502,6025898,2026-08-15
D1502,6030798,2026-09-21
D1502,6030815,2026-09-21
D1502,6030826,2026-09-21
D1502,6030863,2026-10-02
D1502,6030872,2026-10-01
D1502,6030879,2026-10-02
D1502,6043251,2026-08-17
D1502,6063069,2026-09-21
D1502,6063334,2026-09-21
D1502,6063360,2026-09-21
D1502,6063397,2026-09-09
D1502,6092817,2026-09-21
D1502,6092857,2026-09-21
D1502,6092964,2026-09-21
D1502,6093032,2026-09-21
D1502,6114167,2026-08-19
D1502,6114173,2026-08-19
D1502,6125365,2026-09-21
D1502,6125419,2026-08-20
D1502,6143643,2026-08-20
D1502,6156273,2026-08-21
D1502,6156275,2026-08-21
D1502,6156577,2026-09-21
D1502,6156623,2026-09-21
D1502,6156678,2026-09-21
D1502,6156701,2026-09-08
D1502,6156704,2026-09-21
D1502,6178318,2026-08-21
D1502,6189083,2026-09-21
D1502,6189215,2026-09-21
D1502,6189218,2026-09-21
D1502,6189231,2026-09-21
D1502,6189236,2026-09-21
D1502,6189268,2026-09-21
D1502,6189279,2026-09-08
D1502,6189303,2026-09-08
D1502,6189304,2026-09-08
D1502,6189308,2026-09-30
D1502,6189313,2026-09-21
D1502,6190153,2026-09-21
D1502,6190171,2026-09-21
D1502,6190172,2026-09-05
D1502,6190194,2026-09-21
D1502,6190198,2026-09-21
D1502,6190199,2026-09-08
D1502,6190221,2026-09-05
D1502,6190243,2026-09-21
D1502,6190245,2026-09-21
D1502,6190259,2026-09-08
D1502,6190278,2026-09-21
D1502,6190303,2026-09-21
D1502,6190315,2026-09-08
D1502,6190317,2026-09-21
D1502,6190354,2026-09-08
D1502,6190431,2026-09-08
D1502,6190439,2026-09-08
D1502,6190458,2026-09-09
D1502,6190463,2026-09-08
D1502,6190467,2026-09-08
D1502,6190478,2026-08-22
D1502,6190480,2026-09-21
D1502,6190505,2026-10-01
D1502,6190516,2026-09-21
D1502,6190533,2026-09-08
D1502,6205301,2026-08-22
D1502,6206178,2026-09-11
D1502,6211752,2026-08-22
D1502,6211766,2026-09-01
D1502,6211768,2026-08-22
D1502,6211769,2026-08-22
D1502,6233931,2026-09-02
D1502,6246936,2026-10-03
D1502,6247103,2026-09-08
D1502,6247125,2026-09-21
D1502,6247181,2026-09-08
D1502,6247198,2026-09-09
D1502,6247202,2026-09-24
D1502,6266671,2026-08-25
D1502,6273475,2026-08-25
D1502,6273477,2026-08-25
D1502,6273490,2026-08-25
D1502,6273495,2026-08-25
D1502,6277149,2026-08-25
D1502,6280944,2026-09-24
D1502,6288627,2026-09-08
D1502,6289462,2026-09-08
D1502,6306390,2026-08-26
D1502,6313477,2026-08-26
D1502,6313498,2026-08-26
D1502,6313505,2026-08-26
D1502,6313525,2026-08-26
D1502,6313530,2026-08-26
D1502,6313575,2026-08-26
D1502,6316250,2026-08-26
D1502,6326359,2026-09-26
D1502,6327417,2026-08-27
D1502,6344815,2026-09-08
D1502,6350582,2026-08-27
D1502,6350622,2026-08-27
D1502,6365236,2026-09-27
D1502,6365238,2026-09-27
D1502,6383506,2026-08-28
D1502,6391275,2026-08-28
D1502,6395813,2026-09-27
D1502,6402846,2026-09-08
D1502,6402852,2026-09-08
D1502,6402867,2026-09-08
D1502,6418541,2026-08-29
D1502,6424313,2026-08-29
D1502,6425725,2026-09-19
D1502,6431126,2026-09-08
D1502,6431241,2026-09-29
D1502,6431243,2026-09-29
D1502,6431248,2026-09-08
D1502,6436343,2026-08-30
D1502,6437416,2026-08-30
D1502,6444899,2026-08-31
D1502,6444903,2026-08-31
D1502,6444905,2026-08-31
D1502,6444964,2026-08-31
D1502,6445008,2026-08-31
D1502,6445052,2026-08-31
D1502,6445063,2026-08-31
D1502,6462467,2026-09-02
D1502,6465362,2026-08-31
D1502,6465372,2026-08-31
D1502,6480767,2026-10-01
D1502,6480775,2026-10-01
D1502,6495881,2026-09-29
D1502,6498250,2026-09-07
D1502,6498323,2026-09-01
D1502,6498332,2026-09-01
D1502,6504316,2026-10-01
D1502,6504717,2026-10-01
D1502,6505364,2026-10-01
D1502,6508222,2026-09-02
D1502,6513604,2026-10-02
D1502,6513816,2026-10-02
D1502,6513832,2026-09-08
D1502,6513863,2026-10-02
D1502,6513865,2026-10-02
D1502,6517543,2026-09-03
D1502,6517546,2026-09-03
D1502,6519969,2026-09-02
D1502,6519987,2026-09-02
D1502,6520577,2026-09-02
D1502,6520677,2026-09-02
D1502,6520681,2026-09-02
D1502,6531321,2026-09-02
D1502,6531327,2026-09-02
D1502,6531346,2026-09-02
D1502,6533660,2026-09-02
D1502,6537842,2026-09-24
D1502,6543853,2026-09-08
D1502,6544066,2026-10-03
D1502,6544213,2026-10-03
D1502,6544242,2026-10-03
D1502,6544248,2026-10-03
D1502,6575932,2026-09-03
D1502,6576137,2026-09-03
D1502,6576151,2026-09-03
D1502,6581669,2026-09-03
D1502,6581671,2026-09-07
D1502,6581676,2026-09-03
D1502,6581705,2026-09-03
D1502,6581727,2026-09-03
D1502,6581728,2026-09-03
D1502,6581732,2026-09-03
D1502,6581739,2026-09-07
D1502,6581746,2026-09-03
D1502,6595012,2026-09-24
D1502,6595633,2026-10-03
D1502,6602679,2026-10-04
D1502,6602688,2026-10-04
D1502,6602699,2026-10-04
D1502,6602716,2026-09-04
D1502,6602757,2026-10-04
D1502,6602764,2026-10-04
D1502,6602788,2026-09-08
D1502,6602789,2026-09-08
D1502,6634278,2026-09-04
D1502,6634313,2026-09-04
D1502,6634321,2026-09-04
D1502,6634327,2026-09-04
D1502,6634338,2026-09-04
D1502,6635533,2026-09-04
D1502,6637774,2026-09-05
D1502,6642316,2026-09-09
D1502,6645315,2026-09-05
D1502,6645318,2026-09-05
D1502,6645320,2026-09-05
D1502,6645321,2026-09-05
D1502,6645322,2026-09-05
D1502,6645645,2026-09-05
D1502,6645668,2026-09-05
D1502,6645675,2026-09-05
D1502,6645741,2026-09-05
D1502,6645758,2026-09-05
D1502,6645786,2026-09-08
D1502,6645789,2026-09-08
D1502,6667090,2026-09-05
D1502,6672978,2026-09-05
D1502,6672993,2026-09-05
D1502,6677723,2026-09-06
D1502,6677728,2026-09-06
D1502,6677733,2026-09-06
D1502,6677760,2026-09-08
D1502,6682212,2026-09-06
D1502,6684044,2026-09-08
D1502,6684045,2026-09-06
D1502,6688714,2026-09-07
D1502,6688715,2026-09-07
D1502,6688739,2026-09-07
D1502,6692536,2026-09-07
D1502,6692549,2026-09-08
D1502,6693089,2026-09-08
D1502,6694869,2026-09-07
D1502,6704189,2026-10-01
D1502,6704543,2026-10-01
D1502,6704643,2026-10-01
D1502,6706549,2026-09-09
D1502,6710535,2026-09-08
D1502,6710536,2026-09-08
D1502,6710898,2026-09-08
D1502,6710899,2026-09-08
D1502,6711061,2026-09-08
D1502,6711115,2026-09-08
D1502,6711171,2026-09-08
D1502,6711177,2026-09-08
D1502,6711351,2026-09-08
D1502,6729095,2026-09-08
D1502,6729129,2026-09-08
D1502,6731026,2026-09-15
D1502,6731036,2026-09-15
D1502,6734755,2026-09-08
D1502,6734776,2026-09-08
D1502,6734778,2026-09-08
D1502,6734796,2026-09-08
D1502,6736171,2026-09-08
D1502,6740177,2026-10-02
D1502,6740749,2026-10-02
D1502,6741338,2026-09-09
D1502,6742400,2026-09-09
D1502,6743909,2026-10-02
D1502,6743984,2026-10-02
D1502,6744717,2026-09-09
D1502,6744754,2026-10-02
D1502,6744916,2026-10-02
D1502,6744919,2026-10-02
D1502,6745555,2026-09-09
D1502,6745636,2026-10-02
D1502,6746132,2026-10-02
D1502,6747199,2026-10-02
D1502,6748158,2026-09-09
D1502,6753187,2026-09-09
D1502,6753216,2026-09-09
D1502,6766822,2026-09-09
D1502,6766905,2026-09-09
D1502,6766920,2026-09-09
D1502,6766921,2026-09-09
D1502,6774466,2026-09-09
D1502,6774655,2026-09-09
D1502,6774686,2026-09-09
D1502,6774707,2026-09-09
D1502,6774733,2026-09-09
D1502,6774737,2026-09-09
D1502,6774738,2026-09-09
D1502,6778409,2026-10-02
D1502,6778713,2026-10-02
D1502,6779634,2026-10-02
D1502,6779650,2026-10-03
D1502,6779978,2026-10-03
D1502,6780133,2026-10-03
D1502,6780160,2026-10-03
D1502,6780198,2026-09-10
D1502,6780213,2026-09-10
D1502,6780330,2026-10-03
D1502,6783413,2026-09-10
D1502,6783446,2026-09-10
D1502,6783450,2026-09-21
D1502,6783451,2026-09-10
D1502,6783481,2026-09-10
D1502,6783496,2026-09-10
D1502,6798259,2026-09-10
D1502,6799486,2026-09-11
D1502,6799755,2026-09-10
D1502,6799869,2026-09-10
D1502,6826474,2026-09-11
D1502,6831707,2026-09-26
D1502,6831820,2026-09-12
D1502,6831942,2026-09-12
D1502,6831946,2026-09-12
D1502,6832012,2026-09-12
D1502,6832193,2026-09-26
D1502,6832291,2026-09-12
D1502,6832316,2026-09-12
D1502,6832325,2026-09-12
D1502,6832396,2026-09-12
D1502,6832503,2026-09-12
D1502,6832650,2026-09-12
D1502,6832753,2026-09-12
D1502,6862760,2026-09-15
D1502,6862914,2026-09-15
D1502,6865685,2026-09-14
D1502,6881865,2026-09-15
D1502,6882160,2026-09-21
D1502,6882772,2026-10-02
D1502,6883924,2026-09-15
D1502,6884842,2026-09-15
D1502,6884866,2026-09-15
D1502,6884891,2026-09-15
D1502,6885007,2026-09-15
D1502,6885021,2026-09-15
D1502,6885362,2026-09-15
D1502,6885524,2026-09-15
D1502,6896311,2026-09-15
D1502,6896811,2026-09-15
D1502,6896832,2026-09-15
D1502,6897537,2026-09-15
D1502,6898365,2026-09-15
D1502,6908786,2026-09-16
D1502,6909749,2026-09-16
D1502,6909816,2026-09-16
D1502,6910042,2026-09-16
D1502,6910765,2026-09-16
D1502,6910845,2026-09-16
D1502,6910892,2026-09-16
D1502,6944703,2026-09-17
D1502,6946390,2026-09-17
D1502,6946636,2026-09-17
D1502,6947184,2026-09-17
D1502,6947436,2026-09-17
D1502,6947442,2026-09-17
D1502,6965884,2026-09-18
D1502,6966142,2026-09-17
D1502,6968768,2026-09-17
D1502,6968824,2026-09-17
D1502,6971426,2026-09-18
D1502,6971501,2026-09-18
D1502,6987339,2026-09-18
D1502,6987413,2026-09-18
D1502,6993500,2026-09-18
D1502,6993542,2026-09-18
D1502,6993637,2026-09-18
D1502,6994060,2026-09-18
D1502,6999870,2026-09-18
D1502,7000465,2026-09-18
D1502,7006788,2026-09-18
D1502,7006882,2026-09-18
D1502,7011244,2026-09-19
D1502,7011621,2026-09-19
D1502,7011761,2026-09-25
D1502,7011782,2026-09-25
D1502,7012167,2026-09-19
D1502,7012950,2026-09-19
D1502,7013101,2026-09-19
D1502,7013111,2026-09-19
D1502,7015835,2026-09-19
D1502,7032547,2026-09-19
D1502,7033108,2026-09-19
D1502,7034021,2026-09-19
D1502,7042798,2026-09-20
D1502,7061158,2026-09-21
D1502,7061161,2026-09-21
D1502,7061180,2026-09-21
D1502,7061190,2026-09-21
D1502,7061194,2026-09-21
D1502,7061205,2026-09-21
D1502,7061230,2026-09-21
D1502,7061231,2026-09-21
D1502,7061251,2026-09-21
D1502,7061253,2026-09-21
D1502,7061255,2026-09-21
D1502,7061257,2026-09-21
D1502,7061293,2026-09-21
D1502,7061298,2026-09-21
D1502,7061304,2026-09-21
D1502,7061308,2026-09-21
D1502,7061319,2026-09-21
D1502,7061355,2026-09-21
D1502,7061382,2026-09-21
D1502,7061413,2026-09-21
D1502,7061416,2026-09-21
D1502,7061438,2026-09-21
D1502,7061452,2026-09-21
D1502,7061455,2026-09-21
D1502,7061459,2026-09-21
D1502,7061462,2026-09-21
D1502,7061477,2026-09-21
D1502,7061484,2026-09-21
D1502,7061519,2026-09-21
D1502,7061580,2026-09-21
D1502,7061821,2026-09-21
D1502,7061824,2026-09-21
D1502,7061826,2026-09-21
D1502,7061831,2026-09-21
D1502,7061841,2026-09-21
D1502,7061847,2026-09-21
D1502,7061851,2026-09-21
D1502,7061862,2026-09-21
D1502,7061867,2026-09-21
D1502,7061868,2026-09-21
D1502,7061876,2026-09-21
D1502,7061885,2026-09-21
D1502,7061914,2026-09-21
D1502,7061915,2026-09-21
D1502,7061981,2026-09-21
D1502,7062166,2026-09-21
D1502,7062178,2026-09-21
D1502,7062186,2026-09-21
D1502,7062515,2026-09-21
D1502,7062554,2026-09-21
D1502,7062557,2026-09-21
D1502,7062655,2026-09-21
D1502,7062667,2026-09-21
D1502,7062671,2026-09-21
D1502,7066857,2026-09-21
D1502,7066871,2026-09-21
D1502,7066999,2026-09-21
D1502,7067610,2026-09-21
D1502,7068653,2026-09-22
D1502,7068735,2026-09-28
D1502,7068736,2026-09-28
D1502,7070335,2026-09-22
D1502,7070536,2026-09-22
D1502,7070630,2026-09-22
D1502,7071009,2026-09-22
D1502,7071417,2026-09-22
D1502,7071563,2026-09-22
D1502,7071793,2026-09-22
D1502,7071928,2026-09-22
D1502,7072075,2026-09-22
D1502,7074653,2026-09-22
D1502,7074665,2026-09-22
D1502,7074695,2026-09-22
D1502,7074697,2026-09-22
D1502,7074700,2026-09-22
D1502,7074703,2026-09-22
D1502,7074707,2026-09-22
D1502,7074714,2026-09-22
D1502,7074717,2026-09-22
D1502,7074742,2026-09-22
D1502,7074746,2026-09-22
D1502,7074750,2026-09-22
D1502,7074778,2026-09-22
D1502,7092819,2026-10-01
D1502,7096386,2026-09-22
D1502,7097557,2026-09-25
D1502,7103645,2026-09-22
D1502,7103882,2026-09-22
D1502,7105192,2026-09-29
D1502,7107836,2026-09-23
D1502,7107952,2026-09-23
D1502,7108185,2026-09-23
D1502,7110285,2026-09-23
D1502,7110556,2026-09-23
D1502,7110603,2026-09-23
D1502,7110639,2026-09-23
D1502,7110666,2026-09-23
D1502,7110715,2026-09-23
D1502,7110792,2026-09-23
D1502,7111945,2026-09-23
D1502,7113148,2026-09-23
D1502,7113203,2026-09-23
D1502,7117688,2026-09-23
D1502,7117692,2026-09-23
D1502,7117734,2026-09-23
D1502,7117760,2026-09-23
D1502,7117762,2026-09-23
D1502,7117780,2026-09-23
D1502,7117795,2026-09-23
D1502,7117803,2026-09-23
D1502,7117826,2026-09-23
D1502,7117853,2026-09-23
D1502,7132324,2026-09-23
D1502,7132645,2026-09-23
D1502,7132656,2026-09-23
D1502,7148703,2026-09-23
D1502,7151226,2026-09-23
D1502,7153357,2026-09-24
D1502,7153805,2026-09-24
D1502,7154804,2026-09-24
D1502,7155141,2026-09-24
D1502,7155147,2026-09-24
D1502,7155174,2026-09-24
D1502,7155196,2026-09-24
D1502,7158492,2026-09-24
D1502,7158525,2026-09-24
D1502,7158532,2026-09-24
D1502,7158541,2026-09-24
D1502,7164973,2026-09-24
D1502,7165172,2026-09-24
D1502,7165955,2026-09-24
D1502,7346883,2026-09-25
D1502,7346905,2026-09-25
D1502,7347033,2026-09-25
D1502,7349559,2026-09-25
D1502,7349604,2026-09-25
D1502,7350101,2026-09-25
D1502,7350123,2026-09-25
D1502,7350753,2026-09-25
D1502,7362948,2026-09-25
D1502,7362982,2026-09-25
D1502,7362998,2026-09-25
D1502,7363019,2026-09-25
D1502,7363022,2026-09-25
D1502,7363038,2026-09-25
D1502,7363039,2026-09-25
D1502,7363064,2026-09-25
D1502,7363073,2026-09-25
D1502,7380042,2026-10-01
D1502,7380680,2026-10-04
D1502,7380838,2026-09-26
D1502,7384674,2026-09-25
D1502,7384967,2026-09-25
D1502,7386849,2026-09-25
D1502,7387712,2026-09-25
D1502,7388535,2026-09-25
D1502,7400854,2026-09-26
D1502,7401738,2026-09-26
D1502,7401791,2026-09-26
D1502,7401814,2026-09-26
D1502,7401881,2026-09-26
D1502,7401931,2026-09-26
D1502,7401956,2026-09-26
D1502,7402779,2026-09-26
D1502,7402784,2026-09-26
D1502,7402829,2026-09-26
D1502,7402926,2026-09-26
D1502,7402976,2026-09-26
D1502,7403377,2026-09-26
D1502,7404270,2026-09-26
D1502,7404275,2026-09-26
D1502,7404616,2026-09-26
D1502,7404620,2026-09-26
D1502,7404813,2026-09-26
D1502,7404864,2026-09-26
D1502,7404874,2026-09-26
D1502,7404907,2026-09-26
D1502,7404925,2026-09-26
D1502,7407929,2026-09-26
D1502,7408158,2026-09-26
D1502,7408169,2026-09-26
D1502,7408176,2026-09-26
D1502,7408196,2026-09-26
D1502,7408200,2026-09-26
D1502,7408203,2026-09-26
D1502,7408210,2026-09-26
D1502,7408225,2026-09-26
D1502,7408232,2026-09-26
D1502,7408248,2026-09-26
D1502,7408250,2026-09-26
D1502,7408254,2026-09-26
D1502,7422471,2026-09-26
D1502,7425994,2026-09-26
D1502,7429772,2026-09-26
D1502,7429838,2026-09-26
D1502,7431297,2026-09-26
D1502,7431306,2026-09-26
D1502,7431313,2026-09-26
D1502,7431747,2026-09-26
D1502,7431885,2026-09-27
D1502,7436118,2026-10-03
D1502,7437403,2026-09-27
D1502,7437414,2026-09-27
D1502,7437430,2026-09-27
D1502,7437437,2026-09-27
D1502,7449532,2026-09-27
D1502,7453756,2026-09-28
D1502,7456707,2026-10-01
D1502,7456815,2026-09-28
D1502,7456816,2026-09-28
D1502,7456848,2026-09-28
D1502,7456897,2026-09-28
D1502,7461706,2026-09-28
D1502,7465128,2026-09-28
D1502,7465141,2026-09-28
D1502,7465287,2026-09-29
D1502,7465288,2026-09-29
D1502,7465298,2026-09-29
D1502,7465310,2026-09-29
D1502,7465315,2026-09-29
D1502,7465320,2026-09-29
D1502,7465323,2026-09-29
D1502,7465324,2026-09-29
D1502,7465337,2026-09-29
D1502,7465339,2026-09-29
D1502,7465342,2026-09-29
D1502,7465347,2026-09-29
D1502,7465351,2026-09-29
D1502,7471294,2026-09-28
D1502,7472044,2026-09-28
D1502,7477177,2026-09-29
D1502,7477226,2026-09-29
D1502,7479806,2026-09-29
D1502,7479822,2026-09-29
D1502,7479826,2026-09-29
D1502,7479831,2026-09-29
D1502,7479877,2026-09-29
D1502,7479905,2026-09-29
D1502,7479908,2026-09-29
D1502,7479923,2026-09-29
D1502,7479927,2026-09-29
D1502,7479938,2026-09-29
D1502,7479967,2026-09-29
D1502,7479978,2026-09-29
D1502,7492722,2026-09-29
D1502,7493820,2026-09-29
D1502,7495304,2026-09-29
D1502,7495457,2026-09-29
D1502,7496012,2026-09-29
D1502,7497658,2026-09-30
D1502,7499874,2026-09-30
D1502,7499904,2026-09-30
D1502,7499907,2026-09-30
D1502,7499919,2026-09-30
D1502,7499928,2026-09-30
D1502,7499929,2026-09-30
D1502,7499936,2026-09-30
D1502,7499944,2026-09-30
D1502,7499967,2026-09-30
D1502,7516927,2026-09-30
D1502,7519976,2026-09-30
D1502,7535192,2026-10-01
D1502,7535298,2026-10-01
D1502,7536500,2026-10-01
D1502,7536653,2026-10-01
D1502,7536764,2026-10-01
D1502,7536868,2026-10-01
D1502,7536932,2026-10-01
D1502,7537914,2026-10-01
D1502,7538107,2026-10-01
D1502,7538225,2026-10-01
D1502,7538300,2026-10-01
D1502,7538352,2026-10-01
D1502,7538442,2026-10-01
D1502,7538497,2026-10-01
D1502,7538788,2026-10-01
D1502,7538961,2026-10-01
D1502,7538975,2026-10-01
D1502,7539019,2026-10-01
D1502,7539022,2026-10-01
D1502,7539093,2026-10-01
D1502,7539094,2026-10-01
D1502,7539108,2026-10-01
D1502,7539109,2026-10-01
D1502,7539484,2026-10-01
D1502,7539494,2026-10-01
D1502,7539506,2026-10-01
D1502,7539648,2026-10-01
D1502,7543644,2026-10-01
D1502,7543650,2026-10-01
D1502,7543658,2026-10-01
D1502,7543664,2026-10-01
D1502,7543703,2026-10-01
D1502,7551666,2026-10-01
D1502,7551669,2026-10-01
D1502,7556516,2026-10-01
D1502,7557532,2026-10-01
D1502,7557547,2026-10-01
D1502,7564913,2026-10-01
D1502,7564942,2026-10-01
D1502,7564993,2026-10-01
D1502,7565078,2026-10-01
D1502,7565457,2026-10-01
D1502,7565830,2026-10-01
D1502,7566090,2026-10-01
D1502,7566627,2026-10-01
D1502,7566702,2026-10-01
D1502,7567172,2026-10-01
D1502,7568002,2026-10-02
D1502,7569946,2026-10-02
D1502,7569956,2026-10-02
D1502,7569977,2026-10-02
D1502,7570069,2026-10-02
D1502,7570609,2026-10-02
D1502,7570736,2026-10-02
D1502,7570820,2026-10-02
D1502,7570973,2026-10-02
D1502,7570974,2026-10-02
D1502,7571073,2026-10-02
D1502,7571096,2026-10-02
D1502,7571166,2026-10-02
D1502,7571170,2026-10-02
D1502,7571429,2026-10-02
D1502,7576779,2026-10-02
D1502,7576797,2026-10-02
D1502,7576804,2026-10-02
D1502,7577205,2026-10-02
D1502,7577226,2026-10-02
D1502,7577243,2026-10-02
D1502,7577244,2026-10-02
D1502,7577251,2026-10-02
D1502,7577257,2026-10-02
D1502,7577271,2026-10-02
D1502,7577273,2026-10-02
D1502,7577278,2026-10-02
D1502,7577292,2026-10-02
D1502,7577300,2026-10-02
D1502,7577302,2026-10-02
D1502,7577305,2026-10-02
D1502,7577323,2026-10-02
D1502,7577345,2026-10-02
D1502,7577348,2026-10-02
D1502,7587742,2026-10-02
D1502,7588023,2026-10-03
D1502,7589131,2026-10-02
D1502,7597178,2026-10-02
D1502,7597917,2026-10-02
D1502,7599311,2026-10-03
D1502,7599746,2026-10-02
D1502,7599908,2026-10-02
D1502,7600163,2026-10-02
D1502,7600521,2026-10-02
D1502,7600524,2026-10-02
D1502,7600542,2026-10-02
D1502,7600554,2026-10-02
D1502,7600564,2026-10-02
D1502,7601135,2026-10-03
D1502,7601620,2026-10-03
D1502,7601623,2026-10-03
D1502,7601787,2026-10-03
D1502,7601788,2026-10-03
D1502,7601799,2026-10-03
D1502,7601810,2026-10-03
D1502,7602638,2026-10-03
D1502,7602651,2026-10-03
D1502,7602678,2026-10-03
D1502,7602923,2026-10-03
D1502,7604432,2026-10-03
D1502,7607152,2026-10-03
D1502,7607173,2026-10-03
D1502,7607174,2026-10-03
D1502,7607175,2026-10-03
D1502,7607180,2026-10-03
D1502,7607183,2026-10-03
D1502,7607202,2026-10-03
D1502,7607215,2026-10-03
D1502,7607235,2026-10-03
D1502,7607236,2026-10-03
D1502,7607240,2026-10-03
D1502,7607245,2026-10-03
D1502,7607250,2026-10-03
D1502,7607266,2026-10-03
D1502,7607287,2026-10-03
D1502,7607301,2026-10-03
D1502,7625010,2026-10-03
D1502,7625661,2026-10-03
D1502,7627346,2026-10-03
D1502,7628324,2026-10-03
D1502,7628433,2026-10-03
D1502,7636089,2026-10-04
D1502,7636093,2026-10-04
D1502,7636235,2026-10-04
D1502,7636386,2026-10-04
D1502,7636395,2026-10-04
D1502,7637235,2026-10-04
D1502,7641228,2026-10-04
D1502,7641229,2026-10-04
D1502,7641234,2026-10-04
D1502,7641256,2026-10-04
D1502,7641257,2026-10-04
D1502,7641267,2026-10-04
D1502,7641283,2026-10-04
D1502,7641301,2026-10-04
D1502,7656274,2026-10-04
D1502,7656290,2026-10-04
D1502,7656311,2026-10-04
D1503,2049464,2026-09-30
D1503,208GPWL,2026-09-25
D1503,210GDYB,2026-10-01
D1503,210RWDB,2026-09-30
D1503,210YHYW,2026-09-24
D1503,211JQBS,2026-10-01
D1503,211MRDN,2026-09-21
D1503,211NGLT,2026-09-23
D1503,211SMBF,2026-09-30
D1503,212MYJP,2026-09-16
D1503,212VBPD,2026-09-14
D1503,212VTJZ,2026-09-15
D1503,212ZJGZ,2026-10-02
D1503,213DMDG,2026-09-29
D1503,213DXGP,2026-09-24
D1503,213FXBV,2026-09-17
D1503,213HJZF,2026-09-23
D1503,213KDKQ,2026-09-30
D1503,213KFPV,2026-09-30
D1503,213KHJK,2026-10-01
D1503,213LLMH,2026-09-17
D1503,213MYJN,2026-09-24
D1503,213MYJZ,2026-09-23
D1503,213MYNT,2026-09-24
D1503,213NCFG,2026-09-23
D1503,213NVBP,2026-09-30
D1503,213NWCT,2026-10-01
D1503,213NZGJ,2026-09-08
D1503,213PJNX,2026-09-24
D1503,213SHTP,2026-09-11
D1503,213SKFW,2026-09-29
D1503,213SYMT,2026-09-27
D1503,213TFQC,2026-09-27
D1503,213THKS,2026-09-27
D1503,213VSHY,2026-09-30
D1503,213VXHV,2026-09-30
D1503,213VZCQ,2026-09-30
D1503,213XYWN,2026-10-02
D1503,213YRFV,2026-10-02
D1503,213ZSXY,2026-09-18
D1503,213ZTMN,2026-09-17
D1503,213ZXNW,2026-09-17
D1503,213ZZVT,2026-09-23
D1503,214BPQM,2026-09-19
D1503,214BQFD,2026-09-21
D1503,214CGTC,2026-09-21
D1503,214DHDP,2026-09-22
D1503,214DMSP,2026-09-21
D1503,214DPNZ,2026-10-02
D1503,214FWCL,2026-09-29
D1503,214GDFW,2026-09-25
D1503,214GGBQ,2026-10-02
D1503,214GVCH,2026-09-25
D1503,214HBVS,2026-10-01
D1503,214HHRT,2026-09-23
D1503,214JGPF,2026-09-24
D1503,214JTWP,2026-09-24
D1503,214JXJQ,2026-10-01
D1503,214JYJZ,2026-09-24
D1503,214KCTB,2026-09-24
D1503,214KGRP,2026-09-28
D1503,214KRMQ,2026-09-25
D1503,214KSDF,2026-09-25
D1503,214KWKJ,2026-09-28
D1503,214LSJG,2026-09-28
D1503,214LYXC,2026-09-28
D1503,214MLFV,2026-10-01
D1503,214MNGQ,2026-09-29
D1503,214MSWK,2026-10-01
D1503,214NFGH,2026-09-30
D1503,214NQRZ,2026-09-29
D1503,214NSNH,2026-09-30
D1503,214NYNM,2026-09-29
D1503,214PQTJ,2026-09-30
D1503,214PYQH,2026-09-30
D1503,214QMVD,2026-10-01
D1503,214QPVF,2026-10-01
D1503,214QPWC,2026-10-01
D1503,214QPXB,2026-10-01
D1503,214QPXS,2026-10-02
D1503,214QPYL,2026-10-01
D1503,214QTGX,2026-10-01
D1503,214QWVN,2026-10-01
D1503,214RBXW,2026-10-01
D1503,214RKWJ,2026-10-01
D1503,214RNLC,2026-10-02
D1503,214RRGN,2026-10-02
D1503,214RXDC,2026-10-02
D1503,214RYCN,2026-10-02
D1503,214RZTQ,2026-10-02
D1503,214SJRF,2026-10-02
D1503,214SYWP,2026-10-03
D1503,2709198,2026-09-15
D1503,3333147,2026-08-27
D1503,3461068,2026-07-17
D1503,3768550,2026-07-14
D1503,3837335,2026-09-30
D1503,3857011,2026-07-22
D1503,3875357,2026-07-21
D1503,3878720,2026-07-22
D1503,3879885,2026-07-21
D1503,3879891,2026-07-22
D1503,3879921,2026-07-21
D1503,3882556,2026-07-21
D1503,3883770,2026-07-22
D1503,4155380,2026-09-09
D1503,4485986,2026-09-22
D1503,4563966,2026-09-29
D1503,4567377,2026-07-22
D1503,4605299,2026-09-08
D1503,4703728,2026-07-27
D1503,4711100,2026-09-15
D1503,4712247,2026-10-04
D1503,4776961,2026-10-03
D1503,4780400,2026-09-29
D1503,4813539,2026-07-10
D1503,4818967,2026-08-24
D1503,4818980,2026-08-06
D1503,4871239,2026-07-21
D1503,4872540,2026-09-02
D1503,5042629,2026-07-21
D1503,5065950,2026-08-09
D1503,5113355,2026-09-26
D1503,5184432,2026-10-03
D1503,5184504,2026-10-04
D1503,5184662,2026-10-04
D1503,5227549,2026-08-31
D1503,5363980,2026-07-23
D1503,5364004,2026-09-08
D1503,5364304,2026-09-21
D1503,5364307,2026-09-08
D1503,5364322,2026-09-08
D1503,5364373,2026-09-08
D1503,5364384,2026-09-08
D1503,5364444,2026-07-23
D1503,5364461,2026-09-08
D1503,5364510,2026-08-26
D1503,5364548,2026-09-21
D1503,5364559,2026-09-21
D1503,5364573,2026-10-03
D1503,5364637,2026-09-08
D1503,5364658,2026-09-21
D1503,5364667,2026-09-21
D1503,5364691,2026-09-21
D1503,5364692,2026-09-08
D1503,5364704,2026-09-08
D1503,5364969,2026-09-28
D1503,5365015,2026-09-28
D1503,5365024,2026-09-28
D1503,5365060,2026-09-27
D1503,5365384,2026-09-08
D1503,5365535,2026-09-28
D1503,5365646,2026-09-21
D1503,5365956,2026-07-23
D1503,5366015,2026-09-21
D1503,5366026,2026-09-21
D1503,5366111,2026-09-08
D1503,5366121,2026-09-21
D1503,5366127,2026-09-21
D1503,5366326,2026-08-22
D1503,5366330,2026-09-21
D1503,5366382,2026-09-21
D1503,5366437,2026-09-21
D1503,5366451,2026-09-09
D1503,5366623,2026-09-21
D1503,5366625,2026-09-21
D1503,5366641,2026-09-09
D1503,5366669,2026-09-21
D1503,5366740,2026-09-21
D1503,5366741,2026-09-09
D1503,5366760,2026-09-21
D1503,5366781,2026-09-21
D1503,5366790,2026-09-21
D1503,5366950,2026-09-21
D1503,5366983,2026-09-21
D1503,5367004,2026-09-21
D1503,5367011,2026-09-21
D1503,5367067,2026-09-09
D1503,5367081,2026-09-21
D1503,5367099,2026-09-21
D1503,5367112,2026-07-23
D1503,5367113,2026-09-21
D1503,5367155,2026-09-21
D1503,5367210,2026-07-23
D1503,5367231,2026-09-21
D1503,5367232,2026-09-21
D1503,5367266,2026-09-21
D1503,5367351,2026-09-21
D1503,5367421,2026-09-21
D1503,5367445,2026-09-21
D1503,5367456,2026-09-21
D1503,5367476,2026-09-21
D1503,5367480,2026-09-08
D1503,5367484,2026-09-21
D1503,5367493,2026-09-21
D1503,5367541,2026-09-21
D1503,5367606,2026-09-30
D1503,5367798,2026-09-21
D1503,5367815,2026-09-21
D1503,5367837,2026-09-21
D1503,5367845,2026-09-21
D1503,5367856,2026-09-21
D1503,5367901,2026-09-21
D1503,5367902,2026-10-01
D1503,5367995,2026-09-08
D1503,5368026,2026-09-21
D1503,5368072,2026-09-21
D1503,5368082,2026-09-21
D1503,5368087,2026-09-21
D1503,5368097,2026-09-30
D1503,5368099,2026-09-21
D1503,5368150,2026-09-21
D1503,5368172,2026-10-01
D1503,5368232,2026-09-29
D1503,5368253,2026-09-21
D1503,5368259,2026-09-21
D1503,5368324,2026-09-21
D1503,5368351,2026-09-21
D1503,5368361,2026-09-21
D1503,5368372,2026-09-21
D1503,5368386,2026-09-21
D1503,5368455,2026-09-21
D1503,5368457,2026-09-21
D1503,5368554,2026-09-21
D1503,5368569,2026-09-21
D1503,5368590,2026-09-21
D1503,5368626,2026-09-21
D1503,5368681,2026-09-21
D1503,5368687,2026-09-21
D1503,5368706,2026-09-21
D1503,5368773,2026-07-23
D1503,5368780,2026-09-21
D1503,5368850,2026-09-21
D1503,5368851,2026-09-21
D1503,5368916,2026-09-23
D1503,5368933,2026-09-21
D1503,5368966,2026-09-21
D1503,5368975,2026-09-21
D1503,5368988,2026-09-21
D1503,5369026,2026-09-21
D1503,5369057,2026-09-21
D1503,5369065,2026-09-21
D1503,5504816,2026-09-08
D1503,5505116,2026-09-08
D1503,5505149,2026-09-08
D1503,5505252,2026-09-26
D1503,5505269,2026-09-21
D1503,5519577,2026-07-29
D1503,5521546,2026-07-29
D1503,5552737,2026-07-29
D1503,5594377,2026-08-27
D1503,5603694,2026-08-31
D1503,5604706,2026-09-08
D1503,5635699,2026-09-28
D1503,5640624,2026-09-21
D1503,5640692,2026-09-08
D1503,5691547,2026-08-04
D1503,5706250,2026-08-05
D1503,5730332,2026-10-01
D1503,5739563,2026-09-18
D1503,5740978,2026-10-03
D1503,5820250,2026-08-07
D1503,5836286,2026-08-08
D1503,5887525,2026-09-10
D1503,5887539,2026-09-08
D1503,5942356,2026-09-11
D1503,5947446,2026-09-21
D1503,5947534,2026-09-21
D1503,5947628,2026-09-21
D1503,5964327,2026-10-03
D1503,5966958,2026-09-15
D1503,5976304,2026-09-21
D1503,6002736,2026-09-19
D1503,6060357,2026-09-19
D1503,6062726,2026-09-21
D1503,6063294,2026-09-21
D1503,6063434,2026-09-08
D1503,6088951,2026-09-17
D1503,6092766,2026-09-08
D1503,6092958,2026-09-21
D1503,6122069,2026-09-19
D1503,6122075,2026-08-20
D1503,6122171,2026-08-20
D1503,6122586,2026-09-18
D1503,6125383,2026-09-21
D1503,6125400,2026-09-21
D1503,6125413,2026-09-21
D1503,6143830,2026-08-20
D1503,6152875,2026-09-25
D1503,6156277,2026-08-21
D1503,6156504,2026-09-08
D1503,6156671,2026-09-21
D1503,6156684,2026-09-21
D1503,6187016,2026-08-22
D1503,6187151,2026-08-22
D1503,6189339,2026-09-08
D1503,6190178,2026-09-05
D1503,6190180,2026-10-02
D1503,6190355,2026-09-21
D1503,6190371,2026-09-05
D1503,6190430,2026-09-08
D1503,6190438,2026-09-08
D1503,6190495,2026-09-21
D1503,6190534,2026-09-21
D1503,6245263,2026-08-25
D1503,6282600,2026-09-18
D1503,6304799,2026-08-26
D1503,6316435,2026-08-26
D1503,6321348,2026-09-25
D1503,6327395,2026-09-26
D1503,6327407,2026-09-26
D1503,6364916,2026-09-08
D1503,6395728,2026-09-27
D1503,6424641,2026-09-24
D1503,6444986,2026-09-01
D1503,6445060,2026-08-31
D1503,6460167,2026-09-01
D1503,6478652,2026-09-01
D1503,6480761,2026-09-08
D1503,6501444,2026-09-25
D1503,6513651,2026-10-02
D1503,6532425,2026-09-08
D1503,6538203,2026-09-25
D1503,6592646,2026-10-03
D1503,6602730,2026-10-04
D1503,6639958,2026-10-04
D1503,6645311,2026-09-05
D1503,6645327,2026-09-05
D1503,6645522,2026-09-05
D1503,6645622,2026-09-05
D1503,6677748,2026-09-08
D1503,6682231,2026-09-06
D1503,6682794,2026-09-06
D1503,6700609,2026-09-30
D1503,6704044,2026-10-01
D1503,6710539,2026-09-08
D1503,6711071,2026-09-08
D1503,6711259,2026-10-01
D1503,6711265,2026-09-08
D1503,6711320,2026-09-08
D1503,6711352,2026-09-08
D1503,6732228,2026-10-02
D1503,6748301,2026-09-09
D1503,6748342,2026-09-09
D1503,6778734,2026-10-02
D1503,6779845,2026-10-03
D1503,6783094,2026-09-10
D1503,6783103,2026-09-10
D1503,6783377,2026-09-10
D1503,6783443,2026-09-10
D1503,6783500,2026-09-10
D1503,6805403,2026-10-03
D1503,6847865,2026-09-12
D1503,6862745,2026-09-15
D1503,6862754,2026-09-15
D1503,6862756,2026-09-15
D1503,6862762,2026-09-15
D1503,6862768,2026-09-15
D1503,6862774,2026-09-15
D1503,6862779,2026-09-15
D1503,6862786,2026-09-15
D1503,6882144,2026-09-21
D1503,6882840,2026-10-04
D1503,6884739,2026-09-18
D1503,6884968,2026-09-15
D1503,6885075,2026-09-15
D1503,6885124,2026-09-15
D1503,6886158,2026-09-15
D1503,6893574,2026-09-15
D1503,6909999,2026-09-16
D1503,6930149,2026-09-16
D1503,6945005,2026-09-17
D1503,6945015,2026-09-17
D1503,6946283,2026-09-17
D1503,6947619,2026-09-17
D1503,6969446,2026-09-18
D1503,6970113,2026-09-18
D1503,6971427,2026-09-18
D1503,6993356,2026-09-18
D1503,6994751,2026-09-18
D1503,6994828,2026-09-18
D1503,7004112,2026-09-18
D1503,7004202,2026-09-18
D1503,7004553,2026-09-18
D1503,7006078,2026-09-18
D1503,7006835,2026-09-18
D1503,7011797,2026-09-25
D1503,7035354,2026-09-19
D1503,7053075,2026-09-22
D1503,7060636,2026-09-21
D1503,7061286,2026-09-21
D1503,7061307,2026-09-21
D1503,7061345,2026-09-21
D1503,7061352,2026-09-21
D1503,7061817,2026-09-21
D1503,7061898,2026-09-21
D1503,7062201,2026-09-21
D1503,7062214,2026-09-21
D1503,7062223,2026-09-21
D1503,7062248,2026-09-21
D1503,7062539,2026-09-21
D1503,7062556,2026-09-21
D1503,7062643,2026-09-21
D1503,7066793,2026-09-21
D1503,7071458,2026-09-22
D1503,7071508,2026-09-22
D1503,7072204,2026-09-22
D1503,7072263,2026-09-22
D1503,7074585,2026-09-22
D1503,7074657,2026-09-22
D1503,7074681,2026-09-22
D1503,7100072,2026-09-22
D1503,7102238,2026-09-22
D1503,7107993,2026-09-23
D1503,7108278,2026-09-23
D1503,7110446,2026-09-23
D1503,7110502,2026-09-23
D1503,7110508,2026-09-23
D1503,7110522,2026-09-23
D1503,7112459,2026-09-23
D1503,7117816,2026-09-23
D1503,7117851,2026-09-23
D1503,7132619,2026-09-23
D1503,7137916,2026-09-23
D1503,7137924,2026-09-23
D1503,7154819,2026-09-24
D1503,7155266,2026-09-24
D1503,7348314,2026-10-01
D1503,7348319,2026-10-01
D1503,7349525,2026-09-25
D1503,7349619,2026-09-25
D1503,7350248,2026-09-25
D1503,7362632,2026-09-25
D1503,7362644,2026-09-25
D1503,7386913,2026-09-25
D1503,7386948,2026-09-25
D1503,7396671,2026-09-25
D1503,7398169,2026-10-03
D1503,7399610,2026-09-25
D1503,7402239,2026-09-26
D1503,7402996,2026-09-26
D1503,7403124,2026-09-26
D1503,7404428,2026-09-26
D1503,7408026,2026-09-26
D1503,7421812,2026-10-01
D1503,7425925,2026-09-26
D1503,7429494,2026-09-26
D1503,7430090,2026-09-26
D1503,7437400,2026-09-27
D1503,7437419,2026-09-27
D1503,7456880,2026-09-28
D1503,7464709,2026-09-28
D1503,7465113,2026-09-29
D1503,7471427,2026-09-28
D1503,7471679,2026-09-28
D1503,7477615,2026-09-29
D1503,7478080,2026-09-29
D1503,7479847,2026-09-29
D1503,7479894,2026-09-29
D1503,7479948,2026-09-29
D1503,7479995,2026-09-29
D1503,7479997,2026-09-29
D1503,7479999,2026-09-29
D1503,7490546,2026-09-29
D1503,7492996,2026-09-29
D1503,7493835,2026-09-29
D1503,7497630,2026-09-30
D1503,7499895,2026-09-30
D1503,7517107,2026-09-30
D1503,7517109,2026-09-30
D1503,7519134,2026-09-30
D1503,7531867,2026-09-30
D1503,7536767,2026-10-01
D1503,7536798,2026-10-01
D1503,7536802,2026-10-01
D1503,7536804,2026-10-01
D1503,7536812,2026-10-01
D1503,7536938,2026-10-01
D1503,7538956,2026-10-01
D1503,7543776,2026-10-01
D1503,7543789,2026-10-01
D1503,7554594,2026-10-01
D1503,7558658,2026-10-01
D1503,7559935,2026-10-01
D1503,7566127,2026-10-01
D1503,7569958,2026-10-02
D1503,7570446,2026-10-02
D1503,7570985,2026-10-02
D1503,7571174,2026-10-02
D1503,7571349,2026-10-03
D1503,7572402,2026-10-02
D1503,7573837,2026-10-02
D1503,7577241,2026-10-02
D1503,7577270,2026-10-02
D1503,7577309,2026-10-02
D1503,7577320,2026-10-02
D1503,7577342,2026-10-02
D1503,7601949,2026-10-03
D1503,7603798,2026-10-03
D1503,7626303,2026-10-03
D1503,7637005,2026-10-04
D1503,7637029,2026-10-04
D1503,7641072,2026-10-04
D1503,7641248,2026-10-04
D1503,7641304,2026-10-04
D1503,7641317,2026-10-04
D1504,207RCZY,2026-09-28
D1504,207ZRZS,2026-09-09
D1504,208NWLM,2026-09-16
D1504,208VKPL,2026-09-30
D1504,209GZXS,2026-10-02
D1504,209KGNV,2026-09-29
D1504,209PFDB,2026-09-24
D1504,209SHPG,2026-09-29
D1504,210GZYF,2026-10-02
D1504,210RPFC,2026-09-23
D1504,210SJKR,2026-09-29
D1504,211GBHP,2026-09-10
D1504,211GXRP,2026-10-02
D1504,211HJLK,2026-09-11
D1504,211HJNL,2026-09-24
D1504,211NXKP,2026-09-28
D1504,211QCYX,2026-09-14
D1504,211VKFP,2026-09-17
D1504,212BWBH,2026-10-02
D1504,212DDYZ,2026-10-02
D1504,212FBLB,2026-09-29
D1504,212FCFP,2026-10-01
D1504,212FCPP,2026-09-25
D1504,212JQCV,2026-09-29
D1504,212SJRN,2026-09-30
D1504,212SKDP,2026-09-17
D1504,212SKDY,2026-09-14
D1504,212SKKG,2026-09-17
D1504,212SKKJ,2026-09-17
D1504,212SKKL,2026-09-17
D1504,212SKKP,2026-09-17
D1504,212SXTY,2026-09-21
D1504,212VVXN,2026-09-28
D1504,212VZLF,2026-09-21
D1504,212WBNJ,2026-09-21
D1504,212WBNK,2026-09-30
D1504,212WCRQ,2026-10-02
D1504,212WQWS,2026-10-01
D1504,212WTMG,2026-09-28
D1504,212WTNM,2026-09-22
D1504,212XBQQ,2026-09-29
D1504,212YLVL,2026-10-02
D1504,212YNNP,2026-09-23
D1504,212ZDJL,2026-10-02
D1504,213BMSH,2026-09-24
D1504,213CLZV,2026-10-02
D1504,213DPYX,2026-09-28
D1504,213DZTH,2026-09-24
D1504,213HKCP,2026-09-29
D1504,213HXZN,2026-09-28
D1504,213JXGQ,2026-10-01
D1504,213KCSF,2026-09-04
D1504,213KYTB,2026-09-30
D1504,213LVZN,2026-09-07
D1504,213LYRX,2026-09-23
D1504,213MBDY,2026-10-02
D1504,213MBGF,2026-10-02
D1504,213MBHC,2026-09-23
D1504,213MHSW,2026-09-30
D1504,213MYLF,2026-09-23
D1504,213MYMK,2026-09-24
D1504,213MYSL,2026-09-24
D1504,213NBYK,2026-10-01
D1504,213NBYL,2026-09-23
D1504,213NQDL,2026-09-24
D1504,213NZXQ,2026-09-24
D1504,213PTRS,2026-09-29
D1504,213QJKH,2026-09-29
D1504,213QJKL,2026-09-17
D1504,213QJKM,2026-09-25
D1504,213QJKP,2026-09-30
D1504,213QJKR,2026-09-25
D1504,213QJKS,2026-10-01
D1504,213QJKW,2026-09-25
D1504,213QJKX,2026-09-21
D1504,213QJLB,2026-10-01
D1504,213QJLC,2026-09-10
D1504,213QJLD,2026-09-25
D1504,213QJLF,2026-09-22
D1504,213QJLH,2026-09-15
D1504,213QJLJ,2026-09-26
D1504,213QJLL,2026-09-09
D1504,213QNXQ,2026-10-02
D1504,213RDXJ,2026-09-26
D1504,213RKXW,2026-09-26
D1504,213RKXY,2026-10-02
D1504,213RKYF,2026-09-26
D1504,213RKYH,2026-09-29
D1504,213RKYQ,2026-10-01
D1504,213RKYR,2026-09-29
D1504,213RKYV,2026-10-01
D1504,213SKMW,2026-10-02
D1504,213SNCH,2026-09-28
D1504,213SXLD,2026-09-11
D1504,213SXPM,2026-09-11
D1504,213SXRX,2026-09-11
D1504,213SZVP,2026-09-11
D1504,213TYBN,2026-09-14
D1504,213VNYT,2026-09-14
D1504,213VSVM,2026-09-30
D1504,213VVJH,2026-09-30
D1504,213VWBN,2026-09-15
D1504,213VZSK,2026-09-30
D1504,213WGDN,2026-09-15
D1504,213WXLJ,2026-09-28
D1504,213WXSN,2026-10-01
D1504,213XGXC,2026-10-02
D1504,213XYJK,2026-09-16
D1504,213YBSK,2026-09-16
D1504,213YHMF,2026-10-02
D1504,213YJMG,2026-10-01
D1504,213YNBT,2026-09-16
D1504,213YNWV,2026-10-02
D1504,213YQTR,2026-09-16
D1504,213YRGJ,2026-09-16
D1504,213YWTP,2026-09-28
D1504,213ZQHR,2026-10-03
D1504,213ZQQT,2026-09-17
D1504,213ZQZX,2026-09-28
D1504,213ZXBV,2026-09-17
D1504,213ZXHQ,2026-09-17
D1504,213ZXJK,2026-10-03
D1504,213ZXPP,2026-10-03
D1504,213ZYGQ,2026-09-17
D1504,213ZYQC,2026-09-17
D1504,213ZYQV,2026-10-03
D1504,213ZYTV,2026-09-17
D1504,213ZYWF,2026-10-03
D1504,213ZYXQ,2026-10-03
D1504,213ZYYR,2026-09-17
D1504,214BSTM,2026-09-21
D1504,214BVFR,2026-10-02
D1504,214BWMH,2026-09-22
D1504,214BXRH,2026-09-27
D1504,214CBJJ,2026-09-21
D1504,214CRWQ,2026-09-29
D1504,214DHPZ,2026-09-21
D1504,214DJLM,2026-09-27
D1504,214DJLQ,2026-09-21
D1504,214DVGQ,2026-09-21
D1504,214DZFC,2026-09-21
D1504,214DZRX,2026-09-22
D1504,214FCGK,2026-09-22
D1504,214FJRZ,2026-09-22
D1504,214FPCY,2026-09-22
D1504,214FXFH,2026-09-23
D1504,214GNMR,2026-09-28
D1504,214GPGH,2026-09-25
D1504,214GWLJ,2026-09-28
D1504,214HCMD,2026-09-23
D1504,214HCNW,2026-09-23
D1504,214HCPL,2026-09-23
D1504,214HCQL,2026-09-23
D1504,214HCQW,2026-09-23
D1504,214HCRP,2026-09-23
D1504,214HCRZ,2026-09-23
D1504,214HCTB,2026-09-23
D1504,214HCTL,2026-09-23
D1504,214HCTZ,2026-09-23
D1504,214HCVP,2026-09-23
D1504,214HCWL,2026-09-23
D1504,214HCXF,2026-09-23
D1504,214HCXZ,2026-09-23
D1504,214HDPL,2026-10-01
D1504,214HDPX,2026-09-23
D1504,214HJBZ,2026-09-23
D1504,214HKZV,2026-09-23
D1504,214HNBV,2026-09-24
D1504,214HPPV,2026-09-24
D1504,214HRWS,2026-09-23
D1504,214HSZB,2026-09-24
D1504,214HVCF,2026-09-23
D1504,214HYZY,2026-09-24
D1504,214HZHD,2026-09-24
D1504,214JBSH,2026-09-24
D1504,214JCGZ,2026-09-24
D1504,214JCHB,2026-09-24
D1504,214JFZV,2026-09-28
D1504,214JKDP,2026-09-24
D1504,214JSSG,2026-09-25
D1504,214JSSJ,2026-10-02
D1504,214JZMT,2026-09-24
D1504,214KGDK,2026-09-28
D1504,214KXDX,2026-09-25
D1504,214LHLP,2026-09-28
D1504,214LXKJ,2026-09-28
D1504,214LYZF,2026-09-28
D1504,214LZHB,2026-09-28
D1504,214MDPP,2026-09-28
D1504,214MHRP,2026-09-28
D1504,214MMGM,2026-09-28
D1504,214MVGH,2026-10-02
D1504,214MZWX,2026-09-29
D1504,214NDJY,2026-09-29
D1504,214NKPM,2026-09-29
D1504,214NPJC,2026-09-29
D1504,214NPZN,2026-09-29
D1504,214NQHJ,2026-09-29
D1504,214NQKW,2026-09-29
D1504,214NQSD,2026-09-29
D1504,214NQXD,2026-09-29
D1504,214NRBG,2026-09-29
D1504,214NSGG,2026-09-29
D1504,214NVLQ,2026-10-01
D1504,214NVQJ,2026-10-02
D1504,214PBHD,2026-10-01
D1504,214PMJF,2026-10-02
D1504,214PSBY,2026-09-30
D1504,214PVJD,2026-09-30
D1504,214PWVZ,2026-09-30
D1504,214PYLB,2026-09-30
D1504,214QJDW,2026-10-01
D1504,214QSZM,2026-10-01
D1504,214QXXY,2026-10-01
D1504,214RDMY,2026-10-03
D1504,214RLBB,2026-10-02
D1504,214RSLD,2026-10-02
D1504,214SNWX,2026-10-02
D1504,214SNZX,2026-10-02
D1504,214SPCC,2026-10-02
D1504,214STWM,2026-10-02
D1504,2887520,2026-09-10
D1504,2970828,2026-09-21
D1504,3425606,2026-09-21
D1504,3634035,2026-09-21
D1504,3809207,2026-07-07
D1504,3854919,2026-07-22
D1504,3855009,2026-08-28
D1504,3857508,2026-07-22
D1504,3858675,2026-07-21
D1504,3858923,2026-07-22
D1504,3875013,2026-07-21
D1504,3875088,2026-07-21
D1504,3875105,2026-07-21
D1504,3875171,2026-07-21
D1504,3875206,2026-07-21
D1504,3875275,2026-07-21
D1504,3875310,2026-07-21
D1504,3875437,2026-07-21
D1504,3875499,2026-07-21
D1504,3875508,2026-07-21
D1504,3875888,2026-07-21
D1504,3875959,2026-07-21
D1504,3876100,2026-07-21
D1504,3876452,2026-07-21
D1504,3876627,2026-07-21
D1504,3877103,2026-07-21
D1504,3878493,2026-07-21
D1504,3878584,2026-07-21
D1504,3878604,2026-07-21
D1504,3878786,2026-07-15
D1504,3878881,2026-07-21
D1504,3878927,2026-07-21
D1504,3879262,2026-07-21
D1504,3879281,2026-07-21
D1504,3879343,2026-07-21
D1504,3879430,2026-07-21
D1504,3879525,2026-07-21
D1504,3879654,2026-07-21
D1504,3879715,2026-07-21
D1504,3879806,2026-07-21
D1504,3879817,2026-07-22
D1504,3879858,2026-07-21
D1504,3879943,2026-07-21
D1504,3880117,2026-07-21
D1504,3880218,2026-07-21
D1504,3880249,2026-07-21
D1504,3880322,2026-07-21
D1504,3882632,2026-07-21
D1504,3883509,2026-07-22
D1504,3883731,2026-07-22
D1504,3970625,2026-07-06
D1504,4154297,2026-09-10
D1504,4165875,2026-07-22
D1504,4166206,2026-07-22
D1504,4166565,2026-07-22
D1504,4296586,2026-08-31
D1504,4304937,2026-09-21
D1504,4575867,2026-07-22
D1504,4664137,2026-07-07
D1504,4669543,2026-10-03
D1504,4686066,2026-09-21
D1504,4703752,2026-10-03
D1504,4708213,2026-09-29
D1504,4745781,2026-09-21
D1504,4817812,2026-10-03
D1504,4817925,2026-10-03
D1504,4851522,2026-09-21
D1504,4851531,2026-09-21
D1504,4870539,2026-07-22
D1504,4955090,2026-08-28
D1504,4973617,2026-07-21
D1504,5079757,2026-09-02
D1504,5081519,2026-07-21
D1504,5130844,2026-09-10
D1504,5152709,2026-09-15
D1504,5163028,2026-07-20
D1504,5163056,2026-07-20
D1504,5176722,2026-10-02
D1504,5195593,2026-09-21
D1504,5227562,2026-08-31
D1504,5363910,2026-09-21
D1504,5365523,2026-09-28
D1504,5366854,2026-09-08
D1504,5367237,2026-09-21
D1504,5367997,2026-09-21
D1504,5368242,2026-09-29
D1504,5368564,2026-09-08
D1504,5434224,2026-09-24
D1504,5462371,2026-07-25
D1504,5489513,2026-07-27
D1504,5553321,2026-07-29
D1504,5553369,2026-07-29
D1504,5562822,2026-10-03
D1504,5572482,2026-09-21
D1504,5585798,2026-08-08
D1504,5587119,2026-07-30
D1504,5629095,2026-09-24
D1504,5640644,2026-09-08
D1504,5711263,2026-08-05
D1504,5734260,2026-10-02
D1504,5780633,2026-08-29
D1504,5785072,2026-10-03
D1504,5785214,2026-10-03
D1504,5785454,2026-10-03
D1504,5785460,2026-10-03
D1504,5879310,2026-08-10
D1504,5901229,2026-08-11
D1504,5904173,2026-08-11
D1504,5907444,2026-08-11
D1504,5907463,2026-08-11
D1504,5938431,2026-08-20
D1504,5938463,2026-08-12
D1504,5963081,2026-08-13
D1504,5976291,2026-10-01
D1504,5999570,2026-08-14
D1504,6002733,2026-09-19
D1504,6003563,2026-09-15
D1504,6021165,2026-08-15
D1504,6030873,2026-09-21
D1504,6049415,2026-08-17
D1504,6049442,2026-08-19
D1504,6062420,2026-09-21
D1504,6114195,2026-08-26
D1504,6119360,2026-09-15
D1504,6141991,2026-09-08
D1504,6141994,2026-08-20
D1504,6141996,2026-09-08
D1504,6156274,2026-09-21
D1504,6178279,2026-08-21
D1504,6180462,2026-09-21
D1504,6189122,2026-09-23
D1504,6190128,2026-09-21
D1504,6190466,2026-09-08
D1504,6207951,2026-08-22
D1504,6211764,2026-08-22
D1504,6233899,2026-08-24
D1504,6233954,2026-08-24
D1504,6246763,2026-09-24
D1504,6246765,2026-09-24
D1504,6246778,2026-09-24
D1504,6246782,2026-09-24
D1504,6246783,2026-09-24
D1504,6246784,2026-09-24
D1504,6246786,2026-09-24
D1504,6246788,2026-09-24
D1504,6246789,2026-09-24
D1504,6246790,2026-09-24
D1504,6246791,2026-09-24
D1504,6246793,2026-09-24
D1504,6246803,2026-09-24
D1504,6246807,2026-09-24
D1504,6246808,2026-09-24
D1504,6246814,2026-09-24
D1504,6246815,2026-09-24
D1504,6246819,2026-09-24
D1504,6246858,2026-09-24
D1504,6246872,2026-09-24
D1504,6246885,2026-09-24
D1504,6246886,2026-09-24
D1504,6246910,2026-09-24
D1504,6246911,2026-09-24
D1504,6313535,2026-08-27
D1504,6326243,2026-09-26
D1504,6344321,2026-08-28
D1504,6344529,2026-08-28
D1504,6380950,2026-08-28
D1504,6381008,2026-08-28
D1504,6391259,2026-08-28
D1504,6391264,2026-09-09
D1504,6391276,2026-09-09
D1504,6391298,2026-09-09
D1504,6391311,2026-09-02
D1504,6394201,2026-10-03
D1504,6394216,2026-10-03
D1504,6394225,2026-10-03
D1504,6419859,2026-08-29
D1504,6424322,2026-08-29
D1504,6424334,2026-09-02
D1504,6437415,2026-08-30
D1504,6445088,2026-08-31
D1504,6465334,2026-09-09
D1504,6465366,2026-09-05
D1504,6465367,2026-08-31
D1504,6498233,2026-09-01
D1504,6498234,2026-09-01
D1504,6498248,2026-09-07
D1504,6498257,2026-09-01
D1504,6498807,2026-10-02
D1504,6517931,2026-09-02
D1504,6519150,2026-09-02
D1504,6520693,2026-09-02
D1504,6520867,2026-09-11
D1504,6531328,2026-09-02
D1504,6531375,2026-09-02
D1504,6532638,2026-09-08
D1504,6581714,2026-09-03
D1504,6581734,2026-09-05
D1504,6602317,2026-10-04
D1504,6634273,2026-09-04
D1504,6634307,2026-09-04
D1504,6634354,2026-09-04
D1504,6635141,2026-10-03
D1504,6635365,2026-09-30
D1504,6635827,2026-09-04
D1504,6636228,2026-09-04
D1504,6645309,2026-09-05
D1504,6645314,2026-09-05
D1504,6645323,2026-09-05
D1504,6645324,2026-09-05
D1504,6645589,2026-09-05
D1504,6645774,2026-09-05
D1504,6666028,2026-09-05
D1504,6672945,2026-09-05
D1504,6672946,2026-09-05
D1504,6672977,2026-09-05
D1504,6672983,2026-09-05
D1504,6675923,2026-09-18
D1504,6676052,2026-09-18
D1504,6677770,2026-09-06
D1504,6695562,2026-09-07
D1504,6696883,2026-10-03
D1504,6696988,2026-09-07
D1504,6704332,2026-09-25
D1504,6704536,2026-10-01
D1504,6710834,2026-09-08
D1504,6728227,2026-09-11
D1504,6729130,2026-09-08
D1504,6735333,2026-10-03
D1504,6736290,2026-09-08
D1504,6740886,2026-10-02
D1504,6746528,2026-10-02
D1504,6746739,2026-10-02
D1504,6753100,2026-09-09
D1504,6753101,2026-09-09
D1504,6753105,2026-09-09
D1504,6766003,2026-09-10
D1504,6774649,2026-09-09
D1504,6774661,2026-09-09
D1504,6774684,2026-09-09
D1504,6774688,2026-09-09
D1504,6776932,2026-09-10
D1504,6778421,2026-10-03
D1504,6780974,2026-10-03
D1504,6780975,2026-10-03
D1504,6780986,2026-10-03
D1504,6783092,2026-09-10
D1504,6783093,2026-09-10
D1504,6783292,2026-09-10
D1504,6783294,2026-09-10
D1504,6783295,2026-09-10
D1504,6798073,2026-09-10
D1504,6798238,2026-09-10
D1504,6798242,2026-09-10
D1504,6798262,2026-09-10
D1504,6800263,2026-09-10
D1504,6802739,2026-09-10
D1504,6806102,2026-10-03
D1504,6826058,2026-09-11
D1504,6831719,2026-09-12
D1504,6831751,2026-09-12
D1504,6831785,2026-09-12
D1504,6831877,2026-09-12
D1504,6831930,2026-09-12
D1504,6832053,2026-09-12
D1504,6832088,2026-09-12
D1504,6832100,2026-09-12
D1504,6832116,2026-09-12
D1504,6832204,2026-09-12
D1504,6832274,2026-09-12
D1504,6832598,2026-09-12
D1504,6832624,2026-09-12
D1504,6832664,2026-09-12
D1504,6832667,2026-09-12
D1504,6832693,2026-09-12
D1504,6846806,2026-09-12
D1504,6862730,2026-09-15
D1504,6862742,2026-09-15
D1504,6862764,2026-09-15
D1504,6862773,2026-09-15
D1504,6862776,2026-09-15
D1504,6862790,2026-09-15
D1504,6863142,2026-09-15
D1504,6863286,2026-09-14
D1504,6881525,2026-09-15
D1504,6881529,2026-09-15
D1504,6884364,2026-09-15
D1504,6884388,2026-09-15
D1504,6884591,2026-09-15
D1504,6885184,2026-09-29
D1504,6888133,2026-10-01
D1504,6893529,2026-09-15
D1504,6895405,2026-09-15
D1504,6895612,2026-09-16
D1504,6895621,2026-09-15
D1504,6896819,2026-09-15
D1504,6908443,2026-09-16
D1504,6929149,2026-09-16
D1504,6930648,2026-09-16
D1504,6935370,2026-09-16
D1504,6947284,2026-09-17
D1504,6961767,2026-10-01
D1504,6971517,2026-09-18
D1504,6971650,2026-09-18
D1504,6972435,2026-09-18
D1504,6987829,2026-09-18
D1504,6992334,2026-09-18
D1504,6993379,2026-09-18
D1504,6999483,2026-09-18
D1504,7005130,2026-09-18
D1504,7005835,2026-09-18
D1504,7006315,2026-09-18
D1504,7007084,2026-10-03
D1504,7007097,2026-10-03
D1504,7013091,2026-09-19
D1504,7015248,2026-09-19
D1504,7015257,2026-09-19
D1504,7031086,2026-09-19
D1504,7043219,2026-09-24
D1504,7053492,2026-09-21
D1504,7053773,2026-09-22
D1504,7058193,2026-09-21
D1504,7061578,2026-09-21
D1504,7061866,2026-09-21
D1504,7062281,2026-09-21
D1504,7062670,2026-09-21
D1504,7062674,2026-09-21
D1504,7062675,2026-09-21
D1504,7070716,2026-09-22
D1504,7071090,2026-09-22
D1504,7072202,2026-09-22
D1504,7074724,2026-09-22
D1504,7090071,2026-09-22
D1504,7090944,2026-09-22
D1504,7090976,2026-09-22
D1504,7097181,2026-09-22
D1504,7100022,2026-09-22
D1504,7110266,2026-09-23
D1504,7117839,2026-09-23
D1504,7117854,2026-09-23
D1504,7132629,2026-09-23
D1504,7136104,2026-09-23
D1504,7137888,2026-09-23
D1504,7137986,2026-09-23
D1504,7138040,2026-09-23
D1504,7138044,2026-09-23
D1504,7138066,2026-09-23
D1504,7138098,2026-09-23
D1504,7138099,2026-09-23
D1504,7138122,2026-09-23
D1504,7138133,2026-09-23
D1504,7138205,2026-09-23
D1504,7151121,2026-10-02
D1504,7153525,2026-09-24
D1504,7158209,2026-09-24
D1504,7158378,2026-09-24
D1504,7158379,2026-09-24
D1504,7158380,2026-09-24
D1504,7158382,2026-09-24
D1504,7158389,2026-09-24
D1504,7158392,2026-09-24
D1504,7158393,2026-09-24
D1504,7158395,2026-09-24
D1504,7158396,2026-09-24
D1504,7158397,2026-09-24
D1504,7158398,2026-09-24
D1504,7158400,2026-09-24
D1504,7158402,2026-09-24
D1504,7158403,2026-09-24
D1504,7158404,2026-09-24
D1504,7158405,2026-09-24
D1504,7158406,2026-09-24
D1504,7158407,2026-09-24
D1504,7158408,2026-09-24
D1504,7158412,2026-09-24
D1504,7158413,2026-09-24
D1504,7158439,2026-09-24
D1504,7158440,2026-09-24
D1504,7158453,2026-09-24
D1504,7158515,2026-09-24
D1504,7165197,2026-09-24
D1504,7167231,2026-09-24
D1504,7345667,2026-10-03
D1504,7345740,2026-10-03
D1504,7350038,2026-09-25
D1504,7352129,2026-09-25
D1504,7354737,2026-10-04
D1504,7362869,2026-09-25
D1504,7362880,2026-09-25
D1504,7362881,2026-09-25
D1504,7362882,2026-09-25
D1504,7362884,2026-09-25
D1504,7362886,2026-09-25
D1504,7362887,2026-09-25
D1504,7362888,2026-09-25
D1504,7363017,2026-09-25
D1504,7386910,2026-09-25
D1504,7389357,2026-09-25
D1504,7396112,2026-09-25
D1504,7398520,2026-10-03
D1504,7399968,2026-10-03
D1504,7399970,2026-10-03
D1504,7399971,2026-10-03
D1504,7401940,2026-09-26
D1504,7401978,2026-09-26
D1504,7402835,2026-09-26
D1504,7403183,2026-09-26
D1504,7403334,2026-09-26
D1504,7404449,2026-09-26
D1504,7404658,2026-09-26
D1504,7404662,2026-09-26
D1504,7404664,2026-09-26
D1504,7404665,2026-09-26
D1504,7404670,2026-09-26
D1504,7404682,2026-09-26
D1504,7406845,2026-10-04
D1504,7408272,2026-09-26
D1504,7420613,2026-10-02
D1504,7424950,2026-09-26
D1504,7425093,2026-09-26
D1504,7427900,2026-09-26
D1504,7431004,2026-10-03
D1504,7453755,2026-09-28
D1504,7472993,2026-09-29
D1504,7474245,2026-09-29
D1504,7476854,2026-09-29
D1504,7490049,2026-10-04
D1504,7490231,2026-09-30
D1504,7490510,2026-09-29
D1504,7493829,2026-09-29
D1504,7494811,2026-10-03
D1504,7494827,2026-10-03
D1504,7495140,2026-09-29
D1504,7495215,2026-09-29
D1504,7497148,2026-09-30
D1504,7499842,2026-09-30
D1504,7499843,2026-09-30
D1504,7514487,2026-09-30
D1504,7514689,2026-10-04
D1504,7534550,2026-09-30
D1504,7534579,2026-09-30
D1504,7534583,2026-09-30
D1504,7535814,2026-10-01
D1504,7539126,2026-10-01
D1504,7539501,2026-10-01
D1504,7561262,2026-10-01
D1504,7565516,2026-10-01
D1504,7565939,2026-10-01
D1504,7566165,2026-10-01
D1504,7566580,2026-10-01
D1504,7566927,2026-10-01
D1504,7567416,2026-10-02
D1504,7567893,2026-10-02
D1504,7567900,2026-10-02
D1504,7567940,2026-10-02
D1504,7568007,2026-10-02
D1504,7570049,2026-10-02
D1504,7570162,2026-10-02
D1504,7570230,2026-10-02
D1504,7570686,2026-10-02
D1504,7570716,2026-10-02
D1504,7571147,2026-10-02
D1504,7572602,2026-10-02
D1504,7576878,2026-10-02
D1504,7576991,2026-10-02
D1504,7577295,2026-10-02
D1504,7597198,2026-10-02
D1504,7597904,2026-10-02
D1504,7597906,2026-10-02
D1504,7599349,2026-10-03
D1504,7599373,2026-10-03
D1504,7599772,2026-10-02
D1504,7600866,2026-10-02
D1504,7601414,2026-10-03
D1504,7601798,2026-10-03
D1504,7601803,2026-10-03
D1504,7602947,2026-10-03
D1504,7605304,2026-10-04
D1504,7607147,2026-10-03
D1504,7607172,2026-10-03
D1504,7607192,2026-10-03
D1504,7631076,2026-10-03
D1504,7633454,2026-10-03
D1504,7635732,2026-10-03
D1504,7636236,2026-10-04
D1504,7636388,2026-10-04
D1504,7641201,2026-10-04
D1506,211LGQD,2026-09-24
D1506,212RBSR,2026-10-02
D1506,212XFJV,2026-10-02
D1506,213KDPY,2026-09-30
D1506,213KLCB,2026-09-04
D1506,213LPXR,2026-09-06
D1506,213LPXV,2026-09-06
D1506,213LZVJ,2026-09-07
D1506,213NFJS,2026-09-23
D1506,213QSSF,2026-09-25
D1506,213RFPN,2026-09-22
D1506,213RFRG,2026-09-22
D1506,213RFVQ,2026-09-22
D1506,213RFYJ,2026-09-22
D1506,213RNTW,2026-09-30
D1506,213SCGG,2026-09-23
D1506,213SMCM,2026-10-02
D1506,213SXMR,2026-10-02
D1506,213SXRS,2026-10-02
D1506,213SXTG,2026-10-02
D1506,213SXXB,2026-10-02
D1506,213SXYZ,2026-10-02
D1506,213SZCQ,2026-10-02
D1506,213SZFM,2026-10-02
D1506,213SZGV,2026-10-02
D1506,213SZHM,2026-10-02
D1506,213TVLM,2026-09-12
D1506,213WNXH,2026-10-01
D1506,213WNZD,2026-09-28
D1506,213WPJN,2026-09-15
D1506,213WPKV,2026-10-01
D1506,213WPMB,2026-09-15
D1506,213WPNB,2026-09-15
D1506,213YRNM,2026-09-16
D1506,213ZPNM,2026-10-01
D1506,214BCVK,2026-10-03
D1506,214BPLY,2026-09-18
D1506,214CFFD,2026-09-18
D1506,214CFMT,2026-09-18
D1506,214CFRG,2026-09-18
D1506,214CFVP,2026-09-18
D1506,214CFZM,2026-09-18
D1506,214CGCX,2026-09-18
D1506,214CMKZ,2026-09-21
D1506,214CMNS,2026-09-21
D1506,214CMPZ,2026-09-21
D1506,214CMSV,2026-09-21
D1506,214FCRN,2026-09-22
D1506,214FLDL,2026-09-22
D1506,214FLFN,2026-09-22
D1506,214FLJS,2026-09-22
D1506,214FLLH,2026-09-22
D1506,214FLMM,2026-09-22
D1506,214GZBM,2026-10-02
D1506,214HKSK,2026-09-23
D1506,214JCPL,2026-09-30
D1506,214JVFF,2026-09-25
D1506,214KTXP,2026-09-25
D1506,214LMZS,2026-09-28
D1506,214LRPX,2026-09-28
D1506,214LTBQ,2026-09-28
D1506,214LTGJ,2026-09-28
D1506,214LVBD,2026-10-02
D1506,214MHZV,2026-09-30
D1506,214MQVY,2026-09-29
D1506,214MRRG,2026-09-29
D1506,214MTYZ,2026-09-29
D1506,214MTZH,2026-09-29
D1506,214MTZL,2026-09-29
D1506,214MTZQ,2026-09-29
D1506,214NQWW,2026-09-30
D1506,214NZHD,2026-10-01
D1506,214PDZW,2026-10-02
D1506,214PSFX,2026-09-30
D1506,214PSKT,2026-09-30
D1506,214PWPJ,2026-10-01
D1506,214PZBC,2026-10-01
D1506,214RYTC,2026-10-02
D1506,214SFHX,2026-10-02
D1506,214SYCP,2026-10-03
D1506,3874721,2026-07-21
D1506,3878936,2026-07-21
D1506,3879583,2026-07-22
D1506,4066549,2026-07-21
D1506,4499328,2026-09-02
D1506,4893542,2026-07-22
D1506,5221483,2026-07-22
D1506,5570508,2026-10-02
D1506,5744229,2026-08-31
D1506,5744344,2026-09-11
D1506,5933710,2026-08-12
D1506,6207919,2026-08-28
D1506,6574732,2026-09-11
D1506,6635525,2026-09-04
D1506,6635611,2026-09-04
D1506,6635825,2026-09-04
D1506,6666536,2026-09-05
D1506,6686700,2026-09-10
D1506,6692435,2026-09-08
D1506,6692497,2026-09-08
D1506,6735781,2026-09-08
D1506,6739847,2026-10-02
D1506,6743688,2026-10-03
D1506,6797276,2026-09-10
D1506,6826644,2026-09-11
D1506,6847890,2026-09-12
D1506,6856308,2026-09-13
D1506,6863221,2026-09-14
D1506,7015455,2026-09-19
D1506,7033791,2026-09-19
D1506,7158140,2026-09-24
D1506,7405720,2026-09-26
D1506,7450882,2026-09-27
D1506,7478532,2026-10-04
D1506,7496993,2026-09-30
D1506,7497402,2026-10-04
D1506,7497749,2026-10-03
D1506,7498004,2026-09-30
D1506,7498028,2026-09-30
D1506,7516327,2026-09-30
D1506,7516703,2026-09-30
D1506,7516728,2026-09-30
D1506,7516977,2026-09-30
D1506,7554866,2026-10-01
D1506,7555744,2026-10-01
D1506,7567818,2026-10-02
D1506,7602877,2026-10-03
D1506,7627276,2026-10-03
D1506,7627291,2026-10-03
D1506,7634466,2026-10-03
D1508,1796440,2026-07-27
D1508,207WDSY,2026-09-22
D1508,207WDTJ,2026-09-22
D1508,208NWKW,2026-09-22
D1508,209SHXC,2026-09-22
D1508,210CSMM,2026-10-01
D1508,210MDGT,2026-09-11
D1508,210WWTX,2026-09-29
D1508,211TKML,2026-10-02
D1508,211VHVN,2026-09-22
D1508,211VHWC,2026-09-22
D1508,212DZVB,2026-09-28
D1508,212JPPQ,2026-09-29
D1508,212NKQD,2026-09-21
D1508,212PLTY,2026-09-29
D1508,212PMLJ,2026-09-29
D1508,212SJQM,2026-09-17
D1508,212XBQJ,2026-09-23
D1508,212XGCP,2026-09-29
D1508,212XQBL,2026-09-22
D1508,212ZFQX,2026-09-28
D1508,213BJYS,2026-09-28
D1508,213CDMR,2026-09-25
D1508,213CDMS,2026-09-25
D1508,213GVNV,2026-09-30
D1508,213JBZX,2026-10-01
D1508,213KXNP,2026-09-30
D1508,213LCGV,2026-10-02
D1508,213LKGW,2026-10-02
D1508,213LRST,2026-09-29
D1508,213MDQM,2026-10-02
D1508,213MLMM,2026-09-30
D1508,213MZMW,2026-09-28
D1508,213MZXV,2026-09-30
D1508,213NYKG,2026-09-24
D1508,213PCFH,2026-09-09
D1508,213PPBN,2026-09-24
D1508,213PZTG,2026-09-10
D1508,213QVWM,2026-09-30
D1508,213QVWW,2026-09-25
D1508,213QXWV,2026-09-29
D1508,213RVFW,2026-09-15
D1508,213SDTB,2026-09-29
D1508,213SHTL,2026-10-02
D1508,213SZYR,2026-09-27
D1508,213TGYP,2026-09-27
D1508,213VJZR,2026-10-01
D1508,213VMNB,2026-09-30
D1508,213VTLV,2026-09-30
D1508,213VYLN,2026-09-14
D1508,213VYPC,2026-09-14
D1508,213WCJK,2026-10-02
D1508,213WLKJ,2026-10-01
D1508,213WQBT,2026-09-30
D1508,213WQHZ,2026-09-30
D1508,213WVCC,2026-09-15
D1508,213XFVQ,2026-10-01
D1508,213XRHJ,2026-10-01
D1508,213XVTZ,2026-10-02
D1508,213YWHP,2026-09-16
D1508,213YZGK,2026-10-02
D1508,213ZCJG,2026-10-03
D1508,213ZQZY,2026-10-03
D1508,214BCKZ,2026-09-28
D1508,214BSVQ,2026-09-18
D1508,214BSVX,2026-09-25
D1508,214BTCJ,2026-10-01
D1508,214CFJH,2026-09-18
D1508,214DCDP,2026-09-22
D1508,214DSNP,2026-09-21
D1508,214FXDH,2026-09-22
D1508,214FXDK,2026-09-22
D1508,214FYBH,2026-09-30
D1508,214FZPB,2026-09-22
D1508,214GBPJ,2026-09-23
D1508,214GCGL,2026-09-22
D1508,214GKXS,2026-09-22
D1508,214GMDQ,2026-09-23
D1508,214GYYL,2026-09-23
D1508,214GZRD,2026-09-23
D1508,214GZXJ,2026-10-02
D1508,214HDXF,2026-09-30
D1508,214HQBW,2026-09-23
D1508,214JGDT,2026-09-29
D1508,214JTTT,2026-09-24
D1508,214JZMW,2026-09-24
D1508,214KCBV,2026-09-29
D1508,214KCBW,2026-09-25
D1508,214KJBV,2026-10-02
D1508,214KSFQ,2026-09-28
D1508,214KXYQ,2026-09-29
D1508,214LCDD,2026-10-02
D1508,214LFDH,2026-09-28
D1508,214LLXB,2026-09-28
D1508,214MXZZ,2026-09-29
D1508,214PHLR,2026-09-30
D1508,214PNHP,2026-09-30
D1508,214PSTT,2026-09-30
D1508,214PTZD,2026-09-30
D1508,214PYHH,2026-10-02
D1508,214QJDX,2026-10-01
D1508,214QKNX,2026-10-01
D1508,214QSQG,2026-10-01
D1508,214RCFZ,2026-10-01
D1508,214RZJS,2026-10-02
D1508,214SFKK,2026-10-02
D1508,214SGDF,2026-10-02
D1508,214SVNP,2026-10-02
D1508,214SWDK,2026-10-02
D1508,3559958,2026-09-21
D1508,3577324,2026-07-27
D1508,3752141,2026-07-27
D1508,3854560,2026-07-22
D1508,3858568,2026-07-22
D1508,3858632,2026-07-22
D1508,3858861,2026-07-14
D1508,3860985,2026-07-14
D1508,3874563,2026-07-21
D1508,3874578,2026-07-21
D1508,3874624,2026-07-21
D1508,3874627,2026-07-21
D1508,3874657,2026-07-21
D1508,3874685,2026-07-21
D1508,3874854,2026-07-21
D1508,3874858,2026-07-21
D1508,3874881,2026-07-21
D1508,3874887,2026-07-21
D1508,3874896,2026-07-21
D1508,3874907,2026-07-21
D1508,3874925,2026-07-21
D1508,3874977,2026-07-21
D1508,3874979,2026-07-21
D1508,3875006,2026-07-21
D1508,3875026,2026-07-21
D1508,3875067,2026-07-21
D1508,3875069,2026-07-21
D1508,3875116,2026-07-21
D1508,3875156,2026-07-21
D1508,3875181,2026-07-21
D1508,3875200,2026-07-21
D1508,3875232,2026-07-21
D1508,3875242,2026-07-21
D1508,3875247,2026-07-21
D1508,3875263,2026-07-21
D1508,3875343,2026-07-21
D1508,3875373,2026-07-21
D1508,3875376,2026-07-21
D1508,3875416,2026-07-21
D1508,3875439,2026-07-21
D1508,3875486,2026-07-21
D1508,3875520,2026-07-21
D1508,3875564,2026-07-21
D1508,3875582,2026-07-21
D1508,3875592,2026-07-21
D1508,3875653,2026-07-21
D1508,3875790,2026-07-21
D1508,3875819,2026-07-21
D1508,3875828,2026-07-21
D1508,3875857,2026-07-21
D1508,3875904,2026-07-21
D1508,3875914,2026-07-21
D1508,3875929,2026-07-21
D1508,3875936,2026-07-22
D1508,3875941,2026-07-21
D1508,3875954,2026-07-21
D1508,3876010,2026-07-21
D1508,3876020,2026-07-21
D1508,3876045,2026-07-21
D1508,3876063,2026-07-21
D1508,3876093,2026-07-21
D1508,3876143,2026-07-21
D1508,3876155,2026-07-22
D1508,3876413,2026-07-21
D1508,3877084,2026-07-21
D1508,3877161,2026-07-21
D1508,3877171,2026-07-21
D1508,3877759,2026-07-21
D1508,3877774,2026-07-15
D1508,3878478,2026-07-21
D1508,3878609,2026-07-21
D1508,3878636,2026-07-21
D1508,3878831,2026-07-21
D1508,3878832,2026-07-21
D1508,3878845,2026-07-21
D1508,3878911,2026-07-21
D1508,3879000,2026-07-21
D1508,3879007,2026-07-21
D1508,3879027,2026-07-21
D1508,3879028,2026-07-21
D1508,3879035,2026-07-21
D1508,3879064,2026-07-21
D1508,3879089,2026-07-21
D1508,3879098,2026-07-21
D1508,3879099,2026-07-21
D1508,3879123,2026-07-21
D1508,3879138,2026-07-21
D1508,3879190,2026-07-21
D1508,3879255,2026-07-21
D1508,3879304,2026-07-21
D1508,3879315,2026-07-21
D1508,3879353,2026-07-21
D1508,3879395,2026-07-21
D1508,3879595,2026-07-21
D1508,3879643,2026-07-21
D1508,3879680,2026-07-21
D1508,3879766,2026-07-21
D1508,3879825,2026-07-21
D1508,3879917,2026-07-21
D1508,3879974,2026-07-21
D1508,3880080,2026-07-21
D1508,3880133,2026-07-21
D1508,3880164,2026-07-21
D1508,3880318,2026-07-21
D1508,3880394,2026-07-21
D1508,3880415,2026-07-21
D1508,3880425,2026-07-21
D1508,3880428,2026-07-21
D1508,3882700,2026-07-21
D1508,3882705,2026-07-21
D1508,3882955,2026-07-21
D1508,3883067,2026-07-21
D1508,3883085,2026-07-21
D1508,3883461,2026-07-22
D1508,3883510,2026-07-22
D1508,3883557,2026-07-22
D1508,3976535,2026-07-27
D1508,4242070,2026-07-21
D1508,4244836,2026-07-27
D1508,4296346,2026-08-31
D1508,4296527,2026-08-31
D1508,4414198,2026-07-21
D1508,4414384,2026-07-27
D1508,4516563,2026-07-21
D1508,4518597,2026-07-21
D1508,4518609,2026-07-21
D1508,4524192,2026-09-21
D1508,4602466,2026-10-03
D1508,4606351,2026-07-06
D1508,4670477,2026-09-02
D1508,4670565,2026-09-12
D1508,4703706,2026-10-03
D1508,4770168,2026-07-22
D1508,4770448,2026-07-22
D1508,4808601,2026-07-27
D1508,4873261,2026-07-21
D1508,4878931,2026-07-21
D1508,4965780,2026-07-21
D1508,4973860,2026-09-21
D1508,5042466,2026-07-21
D1508,5042633,2026-07-21
D1508,5054072,2026-07-16
D1508,5058052,2026-07-27
D1508,5069181,2026-09-10
D1508,5079771,2026-07-22
D1508,5184684,2026-09-15
D1508,5203233,2026-07-22
D1508,5227541,2026-08-31
D1508,5364150,2026-09-21
D1508,5364271,2026-09-21
D1508,5364301,2026-09-21
D1508,5364305,2026-09-08
D1508,5364546,2026-09-21
D1508,5364592,2026-10-03
D1508,5365633,2026-09-29
D1508,5365773,2026-09-08
D1508,5366070,2026-09-21
D1508,5366180,2026-09-08
D1508,5366372,2026-09-21
D1508,5366384,2026-09-21
D1508,5366486,2026-09-28
D1508,5366628,2026-09-08
D1508,5366726,2026-09-21
D1508,5366871,2026-09-21
D1508,5367034,2026-09-21
D1508,5367107,2026-09-21
D1508,5367178,2026-09-09
D1508,5367296,2026-09-21
D1508,5367339,2026-09-21
D1508,5367352,2026-09-21
D1508,5367442,2026-09-21
D1508,5367494,2026-09-21
D1508,5367621,2026-09-08
D1508,5367850,2026-09-21
D1508,5367873,2026-09-21
D1508,5367874,2026-09-21
D1508,5367955,2026-09-21
D1508,5368088,2026-09-21
D1508,5368222,2026-09-21
D1508,5368313,2026-09-21
D1508,5368400,2026-09-21
D1508,5368408,2026-09-21
D1508,5368432,2026-09-08
D1508,5368560,2026-09-21
D1508,5368762,2026-09-21
D1508,5368821,2026-09-23
D1508,5368868,2026-09-21
D1508,5368874,2026-09-21
D1508,5368877,2026-09-21
D1508,5368909,2026-09-21
D1508,5504864,2026-09-08
D1508,5505109,2026-07-28
D1508,5505201,2026-09-26
D1508,5620824,2026-07-31
D1508,5691365,2026-08-04
D1508,5691381,2026-09-11
D1508,5723244,2026-09-08
D1508,5723267,2026-09-21
D1508,5725515,2026-08-05
D1508,5791480,2026-08-14
D1508,5820203,2026-08-07
D1508,5820240,2026-08-28
D1508,5827648,2026-08-14
D1508,5887352,2026-09-23
D1508,5901912,2026-08-11
D1508,5908458,2026-08-14
D1508,5908492,2026-08-14
D1508,5912069,2026-09-15
D1508,5933891,2026-09-11
D1508,5947559,2026-09-21
D1508,6049961,2026-09-08
D1508,6050001,2026-10-03
D1508,6063044,2026-09-21
D1508,6114125,2026-09-05
D1508,6116855,2026-08-19
D1508,6156278,2026-09-21
D1508,6156677,2026-09-21
D1508,6170283,2026-08-21
D1508,6180287,2026-08-24
D1508,6190281,2026-09-08
D1508,6211790,2026-09-03
D1508,6247131,2026-09-21
D1508,6266664,2026-08-25
D1508,6273464,2026-08-25
D1508,6289457,2026-09-29
D1508,6306345,2026-08-26
D1508,6306371,2026-09-02
D1508,6313471,2026-08-26
D1508,6327420,2026-09-26
D1508,6344887,2026-08-27
D1508,6383490,2026-09-02
D1508,6462363,2026-09-02
D1508,6462434,2026-09-02
D1508,6465360,2026-08-31
D1508,6480719,2026-10-01
D1508,6513669,2026-10-02
D1508,6519961,2026-09-02
D1508,6519974,2026-09-02
D1508,6520040,2026-09-02
D1508,6531312,2026-09-02
D1508,6532405,2026-09-08
D1508,6533648,2026-09-02
D1508,6544238,2026-10-03
D1508,6576211,2026-09-03
D1508,6602680,2026-10-04
D1508,6602690,2026-10-04
D1508,6634366,2026-09-04
D1508,6635156,2026-09-08
D1508,6635159,2026-09-08
D1508,6635161,2026-09-08
D1508,6635162,2026-09-08
D1508,6635163,2026-09-08
D1508,6635164,2026-09-08
D1508,6635173,2026-09-08
D1508,6635174,2026-09-08
D1508,6635175,2026-09-08
D1508,6635186,2026-09-08
D1508,6635200,2026-09-08
D1508,6635202,2026-09-08
D1508,6635204,2026-09-08
D1508,6643275,2026-10-04
D1508,6645312,2026-09-05
D1508,6645358,2026-09-05
D1508,6645723,2026-09-05
D1508,6667288,2026-09-05
D1508,6672924,2026-09-05
D1508,6685189,2026-09-08
D1508,6685190,2026-10-03
D1508,6685214,2026-09-08
D1508,6695579,2026-09-07
D1508,6710537,2026-09-08
D1508,6711277,2026-09-08
D1508,6729119,2026-09-08
D1508,6729241,2026-09-08
D1508,6734833,2026-09-08
D1508,6753125,2026-09-09
D1508,6753223,2026-09-09
D1508,6766940,2026-09-09
D1508,6774731,2026-09-09
D1508,6774939,2026-10-03
D1508,6778360,2026-10-03
D1508,6778474,2026-10-02
D1508,6779287,2026-10-02
D1508,6783448,2026-09-21
D1508,6799514,2026-09-11
D1508,6805330,2026-10-03
D1508,6826228,2026-09-11
D1508,6830539,2026-09-11
D1508,6832170,2026-09-12
D1508,6832203,2026-09-12
D1508,6832426,2026-09-12
D1508,6832429,2026-09-12
D1508,6832507,2026-09-26
D1508,6832510,2026-09-12
D1508,6832526,2026-09-12
D1508,6832569,2026-09-12
D1508,6849726,2026-09-12
D1508,6862812,2026-09-15
D1508,6862834,2026-09-15
D1508,6862835,2026-09-15
D1508,6862836,2026-09-15
D1508,6862843,2026-09-15
D1508,6862850,2026-09-15
D1508,6862856,2026-09-15
D1508,6863013,2026-09-15
D1508,6885518,2026-09-15
D1508,6897406,2026-09-15
D1508,6898577,2026-09-15
D1508,6910709,2026-09-16
D1508,6944434,2026-09-17
D1508,6946202,2026-09-17
D1508,6947194,2026-09-17
D1508,6964873,2026-10-03
D1508,6966183,2026-09-17
D1508,7042928,2026-09-20
D1508,7056607,2026-09-21
D1508,7061264,2026-09-21
D1508,7061392,2026-09-21
D1508,7061832,2026-09-21
D1508,7061907,2026-09-21
D1508,7062020,2026-09-21
D1508,7062158,2026-09-21
D1508,7062202,2026-09-21
D1508,7072268,2026-09-22
D1508,7096427,2026-09-22
D1508,7110737,2026-09-23
D1508,7111802,2026-09-23
D1508,7117412,2026-09-23
D1508,7133560,2026-09-23
D1508,7134277,2026-09-23
D1508,7135258,2026-09-23
D1508,7137908,2026-09-23
D1508,7138028,2026-09-23
D1508,7149988,2026-09-23
D1508,7386822,2026-09-25
D1508,7386984,2026-09-25
D1508,7398221,2026-10-03
D1508,7398342,2026-10-03
D1508,7398408,2026-10-03
D1508,7398498,2026-10-03
D1508,7398766,2026-10-03
D1508,7401884,2026-09-26
D1508,7403354,2026-09-26
D1508,7404263,2026-09-26
D1508,7404663,2026-09-26
D1508,7422935,2026-09-26
D1508,7430718,2026-10-03
D1508,7430744,2026-10-03
D1508,7433387,2026-09-27
D1508,7453865,2026-09-28
D1508,7456842,2026-09-28
D1508,7464090,2026-09-28
D1508,7471036,2026-10-03
D1508,7476807,2026-09-29
D1508,7479941,2026-09-29
D1508,7493685,2026-09-29
D1508,7493943,2026-09-29
D1508,7494819,2026-10-03
D1508,7494843,2026-10-03
D1508,7497256,2026-09-30
D1508,7499987,2026-09-30
D1508,7517520,2026-09-30
D1508,7517546,2026-09-30
D1508,7518615,2026-09-30
D1508,7531962,2026-09-30
D1508,7532645,2026-09-30
D1508,7533756,2026-10-03
D1508,7533818,2026-10-03
D1508,7533869,2026-10-03
D1508,7538325,2026-10-01
D1508,7538974,2026-10-01
D1508,7543672,2026-10-01
D1508,7556519,2026-10-01
D1508,7556817,2026-10-01
D1508,7561744,2026-10-01
D1508,7565527,2026-10-01
D1508,7571011,2026-10-02
D1508,7588628,2026-10-02
D1508,7601786,2026-10-03
D1508,7601808,2026-10-03
D1508,7603950,2026-10-03
D1508,7607148,2026-10-03
D1508,7607156,2026-10-03
D1508,7607189,2026-10-03
D1508,7607255,2026-10-03
D1508,7627240,2026-10-03
D1508,7631093,2026-10-03
D1508,7632588,2026-10-03
D1508,7634539,2026-10-03
D1508,7639840,2026-10-04
D1508,7639862,2026-10-04
D1508,7641227,2026-10-04
D1508,7656303,2026-10-04
D1509,206HDGL,2026-09-21
D1509,206RLCJ,2026-09-21
D1509,212JFRT,2026-09-14
D1509,212ZCTY,2026-10-02
D1509,213CWKG,2026-09-23
D1509,213FYZL,2026-09-28
D1509,213JMJJ,2026-09-22
D1509,213LGBG,2026-09-26
D1509,213LYCY,2026-09-30
D1509,213NBSM,2026-09-23
D1509,213QYSH,2026-09-25
D1509,213RJKL,2026-09-14
D1509,213RXHD,2026-09-25
D1509,213WFDY,2026-09-30
D1509,213WRLP,2026-09-15
D1509,213ZCLD,2026-09-30
D1509,214BYGH,2026-09-18
D1509,214CDZK,2026-09-25
D1509,214DGGH,2026-09-21
D1509,214DTPM,2026-09-23
D1509,214JBPZ,2026-09-24
D1509,214JJRL,2026-09-24
D1509,214KZGQ,2026-09-25
D1509,214LRSB,2026-09-29
D1509,214LYPM,2026-09-28
D1509,214LYQC,2026-09-28
D1509,214LZFV,2026-09-28
D1509,214LZGP,2026-09-28
D1509,214LZHH,2026-09-28
D1509,214MMQB,2026-09-28
D1509,214MMRJ,2026-09-29
D1509,214NFKM,2026-09-29
D1509,214QDXX,2026-09-30
D1509,214RPHN,2026-10-02
D1509,2970825,2026-09-21
D1509,3425649,2026-09-21
D1509,3874941,2026-07-21
D1509,3875059,2026-07-21
D1509,3876040,2026-07-21
D1509,3876848,2026-07-21
D1509,3878563,2026-07-21
D1509,3878868,2026-07-21
D1509,3879080,2026-07-21
D1509,3879663,2026-07-21
D1509,3879747,2026-07-17
D1509,3880359,2026-07-21
D1509,4221355,2026-09-21
D1509,4221366,2026-09-21
D1509,4345764,2026-09-21
D1509,4483438,2026-09-21
D1509,4579542,2026-08-22
D1509,4664139,2026-07-07
D1509,4664203,2026-07-07
D1509,4670550,2026-07-22
D1509,4686070,2026-09-21
D1509,4715005,2026-09-15
D1509,4960717,2026-07-22
D1509,5042807,2026-07-21
D1509,5091235,2026-07-17
D1509,5163035,2026-07-20
D1509,5163058,2026-07-20
D1509,5184489,2026-07-21
D1509,5195588,2026-09-21
D1509,5195589,2026-09-21
D1509,5195613,2026-09-21
D1509,5195624,2026-09-21
D1509,5195625,2026-09-21
D1509,5202634,2026-07-21
D1509,5202790,2026-07-21
D1509,5202965,2026-07-22
D1509,5355239,2026-09-19
D1509,5363885,2026-09-08
D1509,5364309,2026-09-08
D1509,5364364,2026-09-08
D1509,5364365,2026-09-21
D1509,5364368,2026-09-08
D1509,5364385,2026-09-21
D1509,5364398,2026-09-21
D1509,5364404,2026-09-08
D1509,5364425,2026-09-08
D1509,5364459,2026-09-21
D1509,5364464,2026-09-21
D1509,5364467,2026-09-08
D1509,5364483,2026-09-21
D1509,5364491,2026-09-21
D1509,5364505,2026-09-21
D1509,5364518,2026-09-08
D1509,5364556,2026-09-21
D1509,5364567,2026-09-21
D1509,5364580,2026-09-08
D1509,5364585,2026-09-08
D1509,5364596,2026-09-21
D1509,5364628,2026-09-21
D1509,5364706,2026-09-08
D1509,5364711,2026-09-08
D1509,5364991,2026-09-28
D1509,5365022,2026-09-08
D1509,5365114,2026-09-27
D1509,5365137,2026-09-28
D1509,5365207,2026-09-28
D1509,5365358,2026-09-08
D1509,5365388,2026-09-08
D1509,5365430,2026-09-08
D1509,5365469,2026-07-23
D1509,5365555,2026-09-05
D1509,5365620,2026-09-24
D1509,5365676,2026-09-05
D1509,5365705,2026-09-08
D1509,5365797,2026-09-27
D1509,5365820,2026-09-05
D1509,5365879,2026-09-28
D1509,5365927,2026-09-21
D1509,5365941,2026-09-08
D1509,5365942,2026-09-21
D1509,5365999,2026-09-21
D1509,5366128,2026-09-09
D1509,5366130,2026-09-21
D1509,5366277,2026-09-09
D1509,5366286,2026-09-09
D1509,5366298,2026-09-21
D1509,5366329,2026-09-21
D1509,5366352,2026-09-09
D1509,5366387,2026-09-09
D1509,5366423,2026-09-21
D1509,5366460,2026-07-23
D1509,5366480,2026-09-21
D1509,5366482,2026-09-09
D1509,5366501,2026-09-09
D1509,5366502,2026-09-21
D1509,5366518,2026-09-09
D1509,5366531,2026-09-21
D1509,5366605,2026-09-21
D1509,5366643,2026-09-21
D1509,5366649,2026-09-21
D1509,5366664,2026-07-23
D1509,5366672,2026-09-21
D1509,5366744,2026-09-21
D1509,5366750,2026-09-09
D1509,5366762,2026-09-21
D1509,5366792,2026-09-21
D1509,5366811,2026-09-21
D1509,5366824,2026-09-21
D1509,5366865,2026-09-21
D1509,5366877,2026-09-21
D1509,5366916,2026-09-09
D1509,5366922,2026-09-21
D1509,5366934,2026-09-21
D1509,5366948,2026-09-21
D1509,5366958,2026-09-21
D1509,5367014,2026-09-21
D1509,5367023,2026-09-09
D1509,5367095,2026-09-08
D1509,5367105,2026-09-08
D1509,5367106,2026-09-21
D1509,5367131,2026-09-21
D1509,5367191,2026-09-21
D1509,5367215,2026-09-21
D1509,5367239,2026-09-21
D1509,5367253,2026-09-21
D1509,5367290,2026-09-21
D1509,5367320,2026-09-21
D1509,5367325,2026-09-21
D1509,5367363,2026-09-21
D1509,5367376,2026-09-21
D1509,5367385,2026-09-21
D1509,5367402,2026-09-21
D1509,5367404,2026-09-21
D1509,5367452,2026-09-21
D1509,5367457,2026-09-21
D1509,5367463,2026-09-21
D1509,5367467,2026-09-21
D1509,5367501,2026-09-21
D1509,5367527,2026-09-30
D1509,5367590,2026-09-21
D1509,5367603,2026-08-22
D1509,5367660,2026-09-21
D1509,5367717,2026-09-08
D1509,5367733,2026-09-21
D1509,5367777,2026-09-08
D1509,5367809,2026-09-21
D1509,5367816,2026-09-21
D1509,5367860,2026-09-21
D1509,5367867,2026-09-21
D1509,5367892,2026-09-21
D1509,5367903,2026-09-21
D1509,5367938,2026-09-21
D1509,5368041,2026-09-21
D1509,5368048,2026-09-21
D1509,5368067,2026-09-21
D1509,5368077,2026-09-30
D1509,5368103,2026-09-21
D1509,5368115,2026-09-21
D1509,5368126,2026-09-21
D1509,5368148,2026-09-21
D1509,5368156,2026-09-21
D1509,5368212,2026-09-21
D1509,5368224,2026-10-01
D1509,5368228,2026-09-21
D1509,5368230,2026-09-21
D1509,5368263,2026-09-21
D1509,5368265,2026-09-21
D1509,5368291,2026-09-21
D1509,5368319,2026-09-29
D1509,5368323,2026-09-21
D1509,5368379,2026-09-21
D1509,5368392,2026-09-29
D1509,5368425,2026-09-21
D1509,5368442,2026-09-21
D1509,5368486,2026-09-21
D1509,5368508,2026-09-08
D1509,5368518,2026-09-21
D1509,5368520,2026-09-08
D1509,5368599,2026-09-21
D1509,5368602,2026-09-21
D1509,5368618,2026-09-21
D1509,5368620,2026-09-21
D1509,5368622,2026-09-21
D1509,5368632,2026-10-01
D1509,5368633,2026-09-21
D1509,5368634,2026-09-21
D1509,5368656,2026-09-21
D1509,5368683,2026-09-21
D1509,5368691,2026-09-21
D1509,5368710,2026-09-21
D1509,5368767,2026-09-21
D1509,5368785,2026-09-21
D1509,5368797,2026-09-23
D1509,5368803,2026-09-21
D1509,5368804,2026-09-21
D1509,5368836,2026-09-23
D1509,5368888,2026-09-21
D1509,5368925,2026-09-21
D1509,5368948,2026-09-21
D1509,5368980,2026-09-21
D1509,5368996,2026-09-21
D1509,5369000,2026-09-28
D1509,5369043,2026-09-21
D1509,5369112,2026-09-08
D1509,5405783,2026-09-21
D1509,5405788,2026-09-09
D1509,5405834,2026-09-21
D1509,5405838,2026-09-08
D1509,5444521,2026-08-24
D1509,5444552,2026-09-08
D1509,5481173,2026-07-27
D1509,5504803,2026-09-08
D1509,5504828,2026-09-26
D1509,5505102,2026-09-08
D1509,5505103,2026-09-09
D1509,5505117,2026-09-08
D1509,5505121,2026-09-26
D1509,5505182,2026-09-21
D1509,5505186,2026-10-01
D1509,5505198,2026-09-09
D1509,5505249,2026-09-26
D1509,5505253,2026-09-26
D1509,5526431,2026-07-29
D1509,5572476,2026-09-08
D1509,5572483,2026-09-21
D1509,5604679,2026-09-21
D1509,5604697,2026-09-21
D1509,5640685,2026-09-08
D1509,5723190,2026-09-08
D1509,5723256,2026-09-21
D1509,5739559,2026-09-18
D1509,5739616,2026-09-18
D1509,5745463,2026-09-08
D1509,5745523,2026-09-26
D1509,5745534,2026-09-05
D1509,5745536,2026-09-05
D1509,5801883,2026-09-11
D1509,5803091,2026-09-08
D1509,5836273,2026-09-08
D1509,5836304,2026-09-07
D1509,5836313,2026-09-08
D1509,5862451,2026-09-08
D1509,5887588,2026-10-02
D1509,5887610,2026-09-08
D1509,5901178,2026-08-11
D1509,5901951,2026-08-11
D1509,5938430,2026-09-08
D1509,5938433,2026-09-05
D1509,5947390,2026-09-08
D1509,5947525,2026-09-21
D1509,5947557,2026-09-21
D1509,5947586,2026-09-21
D1509,5947609,2026-10-01
D1509,5958771,2026-08-13
D1509,5976194,2026-09-23
D1509,5976265,2026-09-21
D1509,5999536,2026-08-14
D1509,6030662,2026-09-23
D1509,6030864,2026-10-02
D1509,6030886,2026-09-21
D1509,6040466,2026-09-23
D1509,6040506,2026-09-21
D1509,6062693,2026-09-21
D1509,6063439,2026-09-21
D1509,6063444,2026-09-21
D1509,6063449,2026-09-21
D1509,6092761,2026-09-21
D1509,6092800,2026-09-25
D1509,6092962,2026-09-21
D1509,6092992,2026-09-21
D1509,6092998,2026-09-21
D1509,6093031,2026-09-21
D1509,6093033,2026-09-21
D1509,6093034,2026-09-21
D1509,6125311,2026-08-20
D1509,6156520,2026-09-21
D1509,6156659,2026-09-21
D1509,6156703,2026-09-08
D1509,6178274,2026-08-21
D1509,6181164,2026-08-21
D1509,6190084,2026-09-21
D1509,6190225,2026-09-21
D1509,6190294,2026-09-21
D1509,6190302,2026-09-05
D1509,6190316,2026-09-21
D1509,6190324,2026-09-05
D1509,6190340,2026-09-21
D1509,6190376,2026-09-21
D1509,6190386,2026-09-21
D1509,6190424,2026-09-08
D1509,6190449,2026-09-21
D1509,6190468,2026-09-08
D1509,6190472,2026-09-21
D1509,6190474,2026-08-22
D1509,6190477,2026-08-22
D1509,6190479,2026-08-22
D1509,6190519,2026-09-23
D1509,6211754,2026-08-22
D1509,6211782,2026-08-22
D1509,6218734,2026-09-08
D1509,6223122,2026-08-23
D1509,6247141,2026-09-24
D1509,6247182,2026-09-08
D1509,6247189,2026-09-08
D1509,6273451,2026-09-01
D1509,6273479,2026-08-25
D1509,6273485,2026-08-25
D1509,6273521,2026-08-25
D1509,6304631,2026-08-26
D1509,6304633,2026-08-26
D1509,6304636,2026-08-26
D1509,6304639,2026-08-26
D1509,6304644,2026-08-26
D1509,6304656,2026-08-26
D1509,6304666,2026-08-26
D1509,6304667,2026-08-26
D1509,6304716,2026-08-26
D1509,6304728,2026-08-26
D1509,6304734,2026-08-26
D1509,6304739,2026-08-26
D1509,6304744,2026-08-26
D1509,6313580,2026-08-26
D1509,6326355,2026-09-26
D1509,6326362,2026-09-26
D1509,6326474,2026-09-26
D1509,6418712,2026-08-29
D1509,6446732,2026-08-31
D1509,6446733,2026-08-31
D1509,6446734,2026-09-30
D1509,6465332,2026-08-31
D1509,6480716,2026-10-03
D1509,6480727,2026-10-01
D1509,6480733,2026-10-01
D1509,6480747,2026-10-01
D1509,6513818,2026-10-02
D1509,6513830,2026-10-02
D1509,6538149,2026-10-02
D1509,6544217,2026-10-03
D1509,6544221,2026-10-03
D1509,6544222,2026-10-03
D1509,6544237,2026-10-03
D1509,6602817,2026-09-04
D1509,6602828,2026-09-08
D1509,6634279,2026-09-04
D1509,6645608,2026-09-05
D1509,6645631,2026-09-23
D1509,6645660,2026-09-05
D1509,6645691,2026-09-05
D1509,6645744,2026-09-05
D1509,6645779,2026-09-05
D1509,6672943,2026-09-05
D1509,6688713,2026-09-07
D1509,6688734,2026-09-07
D1509,6692367,2026-09-08
D1509,6692377,2026-09-08
D1509,6692447,2026-09-08
D1509,6692491,2026-09-08
D1509,6695566,2026-09-07
D1509,6695595,2026-09-07
D1509,6710809,2026-09-08
D1509,6710813,2026-09-08
D1509,6710825,2026-09-08
D1509,6710871,2026-09-08
D1509,6711048,2026-09-08
D1509,6711157,2026-09-08
D1509,6711276,2026-09-08
D1509,6711354,2026-09-08
D1509,6734764,2026-09-08
D1509,6734768,2026-09-08
D1509,6734797,2026-09-08
D1509,6753106,2026-09-09
D1509,6753193,2026-09-09
D1509,6753219,2026-09-09
D1509,6753222,2026-09-09
D1509,6767716,2026-09-09
D1509,6774672,2026-09-09
D1509,6778329,2026-10-03
D1509,6779825,2026-10-03
D1509,6783281,2026-09-10
D1509,6783285,2026-09-10
D1509,6783288,2026-09-10
D1509,6783315,2026-09-21
D1509,6783367,2026-09-10
D1509,6783403,2026-09-10
D1509,6783412,2026-09-10
D1509,6783442,2026-09-10
D1509,6783468,2026-09-10
D1509,6783490,2026-09-10
D1509,6826015,2026-09-11
D1509,6828997,2026-09-11
D1509,6832034,2026-09-12
D1509,6832131,2026-09-12
D1509,6832320,2026-09-19
D1509,6832403,2026-09-12
D1509,6832427,2026-09-12
D1509,6832515,2026-09-12
D1509,6832616,2026-09-12
D1509,6832683,2026-09-12
D1509,6832712,2026-09-12
D1509,6832769,2026-09-12
D1509,6832874,2026-09-12
D1509,6856409,2026-09-13
D1509,6862785,2026-09-15
D1509,6862957,2026-09-15
D1509,6862975,2026-09-15
D1509,6863076,2026-09-15
D1509,6895810,2026-09-15
D1509,6910782,2026-09-16
D1509,6910812,2026-09-16
D1509,6931086,2026-09-16
D1509,6936299,2026-09-16
D1509,6986423,2026-09-20
D1509,6993278,2026-09-18
D1509,6993351,2026-09-18
D1509,6993358,2026-09-18
D1509,7011119,2026-09-19
D1509,7053008,2026-09-22
D1509,7060993,2026-09-21
D1509,7060998,2026-09-21
D1509,7061008,2026-09-21
D1509,7061013,2026-09-21
D1509,7061014,2026-09-21
D1509,7061017,2026-09-21
D1509,7061023,2026-09-21
D1509,7061025,2026-09-21
D1509,7061027,2026-09-21
D1509,7061028,2026-09-21
D1509,7061029,2026-09-21
D1509,7061033,2026-09-21
D1509,7061035,2026-09-21
D1509,7061036,2026-09-21
D1509,7061039,2026-09-21
D1509,7061042,2026-09-21
D1509,7061125,2026-09-21
D1509,7061164,2026-09-21
D1509,7061198,2026-09-21
D1509,7061229,2026-09-21
D1509,7061269,2026-09-21
D1509,7061288,2026-09-21
D1509,7061322,2026-09-21
D1509,7061349,2026-09-21
D1509,7061369,2026-09-21
D1509,7061390,2026-09-21
D1509,7061406,2026-09-21
D1509,7061407,2026-09-21
D1509,7061433,2026-09-21
D1509,7061449,2026-09-21
D1509,7061461,2026-09-21
D1509,7061467,2026-09-21
D1509,7061475,2026-09-21
D1509,7061490,2026-09-21
D1509,7061551,2026-09-21
D1509,7061587,2026-09-21
D1509,7061589,2026-09-21
D1509,7061590,2026-09-21
D1509,7061595,2026-09-21
D1509,7061610,2026-09-21
D1509,7061859,2026-09-21
D1509,7061890,2026-09-21
D1509,7061917,2026-09-21
D1509,7061932,2026-09-21
D1509,7061940,2026-09-21
D1509,7061949,2026-09-21
D1509,7061987,2026-09-21
D1509,7062011,2026-09-21
D1509,7062032,2026-09-21
D1509,7062042,2026-09-21
D1509,7062057,2026-09-21
D1509,7062100,2026-09-21
D1509,7062133,2026-09-21
D1509,7062200,2026-09-21
D1509,7062207,2026-09-21
D1509,7062242,2026-09-21
D1509,7062255,2026-09-21
D1509,7062264,2026-09-21
D1509,7062268,2026-09-21
D1509,7062543,2026-09-21
D1509,7062665,2026-09-21
D1509,7074580,2026-09-22
D1509,7074581,2026-09-22
D1509,7074584,2026-09-22
D1509,7074602,2026-09-22
D1509,7074673,2026-09-22
D1509,7074684,2026-09-22
D1509,7074719,2026-09-22
D1509,7074729,2026-09-22
D1509,7074768,2026-09-22
D1509,7074777,2026-09-22
D1509,7074787,2026-09-22
D1509,7099345,2026-09-22
D1509,7103006,2026-09-22
D1509,7110529,2026-09-23
D1509,7117502,2026-09-23
D1509,7117541,2026-09-23
D1509,7117722,2026-09-23
D1509,7117782,2026-09-23
D1509,7117805,2026-09-23
D1509,7117843,2026-09-23
D1509,7134874,2026-09-23
D1509,7154046,2026-09-24
D1509,7158465,2026-09-24
D1509,7158477,2026-09-24
D1509,7158509,2026-09-24
D1509,7158516,2026-09-24
D1509,7167813,2026-09-24
D1509,7362861,2026-09-25
D1509,7362862,2026-09-25
D1509,7362866,2026-09-25
D1509,7362959,2026-09-25
D1509,7363001,2026-09-25
D1509,7363003,2026-09-25
D1509,7363047,2026-09-25
D1509,7363051,2026-09-25
D1509,7363053,2026-09-25
D1509,7363078,2026-09-25
D1509,7363083,2026-09-25
D1509,7388827,2026-09-25
D1509,7388871,2026-09-25
D1509,7388873,2026-09-25
D1509,7401778,2026-09-26
D1509,7401888,2026-09-26
D1509,7401943,2026-09-26
D1509,7403232,2026-09-26
D1509,7403449,2026-09-26
D1509,7408039,2026-09-26
D1509,7408042,2026-09-26
D1509,7408043,2026-09-26
D1509,7408048,2026-09-26
D1509,7408060,2026-09-26
D1509,7408120,2026-10-04
D1509,7408174,2026-09-26
D1509,7408215,2026-09-26
D1509,7425818,2026-09-26
D1509,7437447,2026-09-27
D1509,7437461,2026-09-27
D1509,7449538,2026-09-27
D1509,7451059,2026-09-27
D1509,7456844,2026-09-28
D1509,7456850,2026-09-28
D1509,7456855,2026-09-28
D1509,7456867,2026-09-28
D1509,7456878,2026-09-28
D1509,7456890,2026-09-28
D1509,7465059,2026-09-29
D1509,7465098,2026-09-29
D1509,7479610,2026-10-01
D1509,7479763,2026-09-29
D1509,7479766,2026-09-29
D1509,7479772,2026-09-29
D1509,7479774,2026-09-29
D1509,7479777,2026-09-29
D1509,7479825,2026-09-29
D1509,7479832,2026-09-29
D1509,7479886,2026-09-29
D1509,7479902,2026-09-29
D1509,7479990,2026-09-29
D1509,7480011,2026-09-29
D1509,7489758,2026-10-01
D1509,7490203,2026-09-30
D1509,7490204,2026-09-30
D1509,7490205,2026-09-30
D1509,7490207,2026-09-30
D1509,7490212,2026-09-30
D1509,7490215,2026-09-30
D1509,7490223,2026-09-30
D1509,7490227,2026-09-30
D1509,7490230,2026-09-30
D1509,7490234,2026-09-30
D1509,7490237,2026-09-30
D1509,7490239,2026-09-30
D1509,7490240,2026-09-30
D1509,7490242,2026-09-30
D1509,7490250,2026-09-30
D1509,7490252,2026-09-30
D1509,7490253,2026-09-30
D1509,7490256,2026-09-30
D1509,7499852,2026-09-30
D1509,7499889,2026-09-30
D1509,7499911,2026-09-30
D1509,7499922,2026-09-30
D1509,7499958,2026-09-30
D1509,7500053,2026-09-30
D1509,7500091,2026-09-30
D1509,7516659,2026-09-30
D1509,7519703,2026-09-30
D1509,7536532,2026-10-01
D1509,7543478,2026-10-01
D1509,7543497,2026-10-01
D1509,7543626,2026-10-01
D1509,7543646,2026-10-01
D1509,7543686,2026-10-01
D1509,7543698,2026-10-01
D1509,7543738,2026-10-01
D1509,7543745,2026-10-01
D1509,7543772,2026-10-01
D1509,7555569,2026-10-01
D1509,7566696,2026-10-01
D1509,7566907,2026-10-01
D1509,7576984,2026-10-02
D1509,7576987,2026-10-02
D1509,7576992,2026-10-02
D1509,7576993,2026-10-02
D1509,7577028,2026-10-02
D1509,7577198,2026-10-02
D1509,7577201,2026-10-02
D1509,7577236,2026-10-02
D1509,7577266,2026-10-02
D1509,7577268,2026-10-02
D1509,7577281,2026-10-02
D1509,7577285,2026-10-02
D1509,7577298,2026-10-02
D1509,7577326,2026-10-02
D1509,7577331,2026-10-02
D1509,7577332,2026-10-02
D1509,7586856,2026-10-04
D1509,7588627,2026-10-02
D1509,7599098,2026-10-02
D1509,7607079,2026-10-03
D1509,7607080,2026-10-03
D1509,7607226,2026-10-03
D1509,7607285,2026-10-03
D1509,7636099,2026-10-04
D1509,7641143,2026-10-04
D1509,7641170,2026-10-04
D1509,7641208,2026-10-04
D1509,7641244,2026-10-04
D1509,7641259,2026-10-04
D1509,7641289,2026-10-04
D1509,7641295,2026-10-04
D1510,1853324,2026-09-04
D1510,1853343,2026-09-02
D1510,1853368,2026-09-04
D1510,1853386,2026-09-04
D1510,1853405,2026-09-04
D1510,1853409,2026-09-04
D1510,1853421,2026-09-04
D1510,1853430,2026-09-02
D1510,1853447,2026-09-04
D1510,1853490,2026-09-02
D1510,1853546,2026-09-04
D1510,1853554,2026-07-16
D1510,1853572,2026-09-02
D1510,1853578,2026-09-02
D1510,1853703,2026-07-16
D1510,1853723,2026-09-02
D1510,1853730,2026-09-09
D1510,1853740,2026-09-04
D1510,1853741,2026-09-02
D1510,1853773,2026-09-02
D1510,1853782,2026-09-02
D1510,1853848,2026-07-08
D1510,1853864,2026-07-08
D1510,1853882,2026-09-02
D1510,1853884,2026-07-08
D1510,1853890,2026-09-02
D1510,1853895,2026-07-16
D1510,1853913,2026-07-16
D1510,1853916,2026-07-16
D1510,1853918,2026-07-08
D1510,1853919,2026-07-08
D1510,1853924,2026-07-16
D1510,1853938,2026-07-08
D1510,1853941,2026-07-16
D1510,1853943,2026-07-16
D1510,1853952,2026-07-08
D1510,1853954,2026-09-02
D1510,1853963,2026-09-02
D1510,1853965,2026-09-02
D1510,1853975,2026-07-16
D1510,1853978,2026-07-08
D1510,1853991,2026-07-16
D1510,1854003,2026-07-08
D1510,1854028,2026-09-02
D1510,1854032,2026-07-08
D1510,1854042,2026-09-02
D1510,1854045,2026-09-02
D1510,1854054,2026-07-16
D1510,1854070,2026-07-16
D1510,1854081,2026-09-02
D1510,1854082,2026-07-16
D1510,1854084,2026-09-02
D1510,1854101,2026-09-02
D1510,1854110,2026-09-02
D1510,1854126,2026-09-02
D1510,1854128,2026-09-02
D1510,1854138,2026-07-08
D1510,1854153,2026-07-16
D1510,1854155,2026-09-02
D1510,1854159,2026-07-16
D1510,1854161,2026-09-02
D1510,1854166,2026-07-16
D1510,1854168,2026-09-02
D1510,1854177,2026-09-02
D1510,1854184,2026-09-02
D1510,1854195,2026-09-02
D1510,1854197,2026-07-16
D1510,1854200,2026-07-16
D1510,1854202,2026-09-02
D1510,1854208,2026-07-16
D1510,1854216,2026-07-16
D1510,1854221,2026-09-02
D1510,1854225,2026-09-02
D1510,1854234,2026-09-09
D1510,1854240,2026-09-02
D1510,1854249,2026-07-08
D1510,1854364,2026-09-02
D1510,1857821,2026-09-02
D1510,1911091,2026-09-04
D1510,206WZWV,2026-09-28
D1510,210KCXM,2026-09-28
D1510,211QLVT,2026-10-02
D1510,211SNVT,2026-09-28
D1510,211TRFK,2026-09-25
D1510,212VQYY,2026-09-30
D1510,213MZNG,2026-09-08
D1510,213QBDL,2026-09-09
D1510,213QBFX,2026-09-09
D1510,213QHWF,2026-09-27
D1510,213QQJJ,2026-09-25
D1510,213SHRV,2026-09-26
D1510,213TNJG,2026-09-25
D1510,213VNFM,2026-09-30
D1510,213WZVG,2026-10-01
D1510,213WZVS,2026-09-15
D1510,213ZHXR,2026-10-03
D1510,213ZHYT,2026-09-30
D1510,214BGVJ,2026-10-03
D1510,214BXBP,2026-09-18
D1510,214CYLS,2026-09-29
D1510,214CYMV,2026-09-29
D1510,214DLNY,2026-09-30
D1510,214FVBR,2026-09-22
D1510,214GKMH,2026-09-28
D1510,214LQPS,2026-10-02
D1510,214MLGV,2026-10-02
D1510,214MYWF,2026-09-29
D1510,214NXBL,2026-09-29
D1510,214PGJF,2026-09-30
D1510,214PJBF,2026-09-30
D1510,214PWBW,2026-09-30
D1510,214PWNZ,2026-09-30
D1510,214QNPR,2026-10-01
D1510,214QQFM,2026-10-01
D1510,214RFJP,2026-10-01
D1510,214RZKC,2026-10-02
D1510,2346108,2026-09-02
D1510,2844143,2026-08-06
D1510,3599054,2026-07-07
D1510,3599056,2026-07-07
D1510,3630268,2026-07-07
D1510,3630269,2026-07-07
D1510,3734275,2026-10-02
D1510,3734314,2026-10-02
D1510,3876417,2026-07-22
D1510,3880202,2026-07-21
D1510,3880301,2026-07-21
D1510,3882599,2026-07-21
D1510,3927916,2026-08-06
D1510,4213813,2026-07-07
D1510,4587776,2026-09-26
D1510,4592414,2026-07-06
D1510,5006933,2026-07-15
D1510,5114186,2026-08-19
D1510,5176716,2026-08-06
D1510,5227571,2026-08-31
D1510,5355872,2026-07-23
D1510,5364189,2026-09-21
D1510,5586062,2026-07-30
D1510,5629404,2026-08-19
D1510,5629463,2026-08-19
D1510,5785106,2026-09-14
D1510,5836288,2026-09-08
D1510,5967577,2026-09-15
D1510,6284722,2026-08-26
D1510,6315976,2026-09-02
D1510,6393828,2026-09-10
D1510,6396460,2026-09-27
D1510,6428998,2026-09-28
D1510,6478640,2026-09-01
D1510,6590187,2026-09-04
D1510,6682239,2026-09-06
D1510,6697117,2026-09-07
D1510,6698311,2026-09-07
D1510,6725566,2026-10-02
D1510,6735792,2026-09-08
D1510,6735953,2026-09-08
D1510,6735963,2026-09-08
D1510,6779323,2026-10-03
D1510,6806025,2026-10-03
D1510,6806041,2026-10-03
D1510,6893843,2026-09-15
D1510,6934122,2026-09-16
D1510,6937287,2026-09-16
D1510,6993653,2026-09-18
D1510,6995173,2026-09-18
D1510,6995191,2026-09-18
D1510,6995207,2026-09-18
D1510,7011123,2026-09-19
D1510,7035442,2026-10-03
D1510,7060864,2026-09-21
D1510,7103391,2026-10-03
D1510,7104237,2026-09-22
D1510,7151423,2026-09-23
D1510,7151598,2026-09-23
D1510,7154776,2026-09-24
D1510,7348707,2026-09-25
D1510,7398847,2026-10-03
D1510,7399928,2026-09-25
D1510,7401960,2026-09-26
D1510,7403722,2026-09-26
D1510,7404463,2026-09-26
D1510,7404464,2026-09-26
D1510,7404504,2026-09-26
D1510,7404512,2026-09-26
D1510,7404529,2026-09-26
D1510,7404537,2026-09-26
D1510,7404542,2026-09-26
D1510,7404543,2026-09-26
D1510,7404595,2026-09-26
D1510,7404689,2026-09-26
D1510,7472688,2026-09-29
D1510,7491308,2026-09-29
D1510,7498887,2026-09-30
D1510,7514140,2026-10-01
D1510,7537080,2026-10-01
D1510,7565976,2026-10-01
D1510,7570014,2026-10-02
D1510,7599382,2026-10-03
D1510,7601912,2026-10-03
D1510,7602320,2026-10-03
D1510,7602457,2026-10-03
D1510,7602460,2026-10-03
D1510,7602510,2026-10-03
D1510,7602511,2026-10-03
D1510,7602517,2026-10-03
D1510,7602534,2026-10-03
D1510,7602539,2026-10-03
D1510,7602545,2026-10-03
D1510,7637082,2026-10-04
D1512,6832433,2026-09-19
D1512,6832496,2026-09-12
D1512,6986159,2026-10-04
D1512,7514938,2026-09-30
D1512,7599775,2026-10-02
D1512,7599861,2026-10-02
D1513,207MLFM,2026-09-28
D1513,209PWMP,2026-09-23
D1513,210GHNP,2026-10-02
D1513,211PBBK,2026-09-28
D1513,212GKJH,2026-10-01
D1513,212PNGN,2026-09-29
D1513,212PQBF,2026-09-25
D1513,212VTGL,2026-09-15
D1513,212ZRFZ,2026-09-23
D1513,213CCKJ,2026-09-21
D1513,213FNBZ,2026-09-29
D1513,213GKPW,2026-10-01
D1513,213JTMT,2026-10-01
D1513,213MBXJ,2026-09-23
D1513,213NQRR,2026-09-08
D1513,213PVDN,2026-10-01
D1513,213PWSQ,2026-10-02
D1513,213TDPY,2026-10-01
D1513,213VNHH,2026-09-30
D1513,213WXCY,2026-09-24
D1513,213XVCC,2026-09-29
D1513,213YRYN,2026-09-16
D1513,213ZZWR,2026-09-17
D1513,214BSWF,2026-09-21
D1513,214DDCQ,2026-09-21
D1513,214DJDV,2026-09-22
D1513,214FZTK,2026-09-23
D1513,214GBQJ,2026-09-23
D1513,214GNLX,2026-09-23
D1513,214HMYH,2026-09-23
D1513,214HQYB,2026-09-29
D1513,214HVLZ,2026-09-30
D1513,214HXWP,2026-09-24
D1513,214KHJS,2026-09-25
D1513,214LQXW,2026-09-28
D1513,214LXXC,2026-09-28
D1513,214NWNQ,2026-09-30
D1513,214QFCK,2026-10-01
D1513,214QYMM,2026-10-02
D1513,3029145,2026-09-21
D1513,3854773,2026-07-21
D1513,3855847,2026-07-22
D1513,3858907,2026-07-14
D1513,3874691,2026-07-21
D1513,3874790,2026-07-21
D1513,3874965,2026-07-21
D1513,3875056,2026-07-21
D1513,3875252,2026-07-21
D1513,3875623,2026-07-21
D1513,3876069,2026-07-15
D1513,3876169,2026-07-21
D1513,3876660,2026-07-21
D1513,3876668,2026-07-21
D1513,3876826,2026-07-21
D1513,3876870,2026-07-21
D1513,3877028,2026-07-21
D1513,3877076,2026-07-21
D1513,3877182,2026-07-21
D1513,3878292,2026-07-21
D1513,3878784,2026-07-21
D1513,3879096,2026-07-21
D1513,3879521,2026-07-21
D1513,3879552,2026-07-21
D1513,3879965,2026-07-21
D1513,3882176,2026-07-21
D1513,3882228,2026-07-21
D1513,3882295,2026-07-21
D1513,3882305,2026-07-21
D1513,3882442,2026-07-22
D1513,3882520,2026-07-21
D1513,3882815,2026-07-21
D1513,3883098,2026-07-21
D1513,3883375,2026-07-22
D1513,3883383,2026-07-22
D1513,3883837,2026-07-22
D1513,3885973,2026-07-22
D1513,3886047,2026-07-22
D1513,4049954,2026-10-03
D1513,4241816,2026-07-15
D1513,4412991,2026-10-01
D1513,4576237,2026-08-20
D1513,4590655,2026-07-06
D1513,4591744,2026-07-06
D1513,4708009,2026-10-03
D1513,4723566,2026-09-27
D1513,4786858,2026-07-14
D1513,4828657,2026-09-30
D1513,4883741,2026-07-21
D1513,4972174,2026-07-15
D1513,5042727,2026-07-21
D1513,5044000,2026-08-08
D1513,5141233,2026-07-22
D1513,5184463,2026-10-03
D1513,5184503,2026-08-01
D1513,5184658,2026-09-28
D1513,5184660,2026-08-08
D1513,5355166,2026-09-30
D1513,5364290,2026-09-08
D1513,5366315,2026-09-09
D1513,5366856,2026-09-21
D1513,5366988,2026-09-21
D1513,5368609,2026-09-21
D1513,5368882,2026-09-21
D1513,5634158,2026-09-28
D1513,5723202,2026-09-08
D1513,5739565,2026-09-18
D1513,5795808,2026-10-03
D1513,6026938,2026-09-15
D1513,6183421,2026-09-18
D1513,6222269,2026-08-23
D1513,6226329,2026-09-28
D1513,6269708,2026-08-25
D1513,6383581,2026-08-28
D1513,6504433,2026-10-01
D1513,6504561,2026-10-01
D1513,6535151,2026-10-02
D1513,6640157,2026-09-18
D1513,6662255,2026-09-05
D1513,6676073,2026-09-18
D1513,6692182,2026-09-08
D1513,6692664,2026-09-08
D1513,6693198,2026-09-08
D1513,6735355,2026-09-08
D1513,6741317,2026-09-09
D1513,6744386,2026-10-02
D1513,6744821,2026-10-02
D1513,6746617,2026-10-02
D1513,6766783,2026-09-09
D1513,6766825,2026-09-09
D1513,6778639,2026-10-02
D1513,6778678,2026-10-02
D1513,6779787,2026-10-03
D1513,6779869,2026-10-03
D1513,6783504,2026-09-10
D1513,6800047,2026-09-10
D1513,6806001,2026-09-10
D1513,6832548,2026-09-12
D1513,6847572,2026-09-12
D1513,6857068,2026-09-13
D1513,6885081,2026-09-15
D1513,6898661,2026-09-18
D1513,6908889,2026-09-28
D1513,6910631,2026-09-16
D1513,6910718,2026-09-16
D1513,6930356,2026-09-16
D1513,6932244,2026-09-16
D1513,6947235,2026-09-17
D1513,6947590,2026-09-17
D1513,6947964,2026-09-17
D1513,6948087,2026-09-17
D1513,6948172,2026-10-01
D1513,6966336,2026-09-17
D1513,6971355,2026-09-18
D1513,6971442,2026-09-18
D1513,6971490,2026-09-18
D1513,7006993,2026-09-18
D1513,7012965,2026-09-19
D1513,7013087,2026-09-19
D1513,7015753,2026-09-19
D1513,7062147,2026-09-21
D1513,7067726,2026-09-21
D1513,7067742,2026-09-21
D1513,7070437,2026-09-22
D1513,7070757,2026-09-22
D1513,7070775,2026-09-22
D1513,7072203,2026-09-22
D1513,7098224,2026-09-22
D1513,7103231,2026-09-22
D1513,7105149,2026-09-23
D1513,7107912,2026-09-23
D1513,7110259,2026-09-23
D1513,7110271,2026-09-23
D1513,7110443,2026-09-23
D1513,7110559,2026-09-23
D1513,7110617,2026-09-23
D1513,7110789,2026-09-23
D1513,7111183,2026-09-23
D1513,7132207,2026-09-23
D1513,7150173,2026-09-23
D1513,7151156,2026-09-23
D1513,7151887,2026-09-23
D1513,7154781,2026-09-24
D1513,7155127,2026-10-03
D1513,7155156,2026-09-24
D1513,7155192,2026-09-24
D1513,7155204,2026-09-26
D1513,7164010,2026-09-24
D1513,7168695,2026-09-24
D1513,7349536,2026-09-25
D1513,7349613,2026-09-25
D1513,7350064,2026-09-25
D1513,7350230,2026-09-25
D1513,7380618,2026-10-03
D1513,7380738,2026-10-04
D1513,7380792,2026-10-04
D1513,7386939,2026-09-25
D1513,7402839,2026-09-26
D1513,7402960,2026-09-26
D1513,7403110,2026-09-26
D1513,7403278,2026-09-26
D1513,7404446,2026-09-26
D1513,7404676,2026-09-26
D1513,7404779,2026-09-26
D1513,7405179,2026-09-26
D1513,7405193,2026-09-26
D1513,7406096,2026-09-26
D1513,7406106,2026-09-26
D1513,7406129,2026-09-26
D1513,7408240,2026-09-26
D1513,7429535,2026-09-26
D1513,7432800,2026-10-03
D1513,7493955,2026-09-29
D1513,7497628,2026-09-30
D1513,7497634,2026-09-30
D1513,7518385,2026-09-30
D1513,7534866,2026-09-30
D1513,7536759,2026-10-01
D1513,7536855,2026-10-01
D1513,7536928,2026-10-01
D1513,7538174,2026-10-01
D1513,7538778,2026-10-01
D1513,7538797,2026-10-01
D1513,7538816,2026-10-01
D1513,7539105,2026-10-01
D1513,7539238,2026-10-01
D1513,7539470,2026-10-01
D1513,7555904,2026-10-01
D1513,7565491,2026-10-01
D1513,7566615,2026-10-01
D1513,7566737,2026-10-01
D1513,7567894,2026-10-02
D1513,7567971,2026-10-02
D1513,7568000,2026-10-02
D1513,7569975,2026-10-02
D1513,7570167,2026-10-02
D1513,7570746,2026-10-02
D1513,7570966,2026-10-02
D1513,7570996,2026-10-02
D1513,7571232,2026-10-02
D1513,7585332,2026-10-02
D1513,7599001,2026-10-02
D1513,7602802,2026-10-03
D1513,7625633,2026-10-03
D1513,7625812,2026-10-03
D1513,7627387,2026-10-03
D1513,7627424,2026-10-03
D1513,7635635,2026-10-03
D1516,2042164,2026-07-27
D1516,211HWJR,2026-10-02
D1516,211QHBP,2026-10-01
D1516,213QQHY,2026-09-27
D1516,213QYXZ,2026-10-02
D1516,214BWMD,2026-09-18
D1516,214FBHF,2026-09-22
D1516,2188864,2026-07-22
D1516,3875133,2026-07-21
D1516,3879501,2026-07-22
D1516,3882927,2026-07-21
D1516,6827359,2026-09-11
D1516,6832305,2026-09-26
D1516,7106643,2026-09-23
D1516,7401841,2026-09-26
D1516,7423530,2026-09-26
D1516,7626419,2026-10-03
D1517,208YQJT,2026-09-24
D1517,209SZNW,2026-10-01
D1517,210VKDD,2026-10-01
D1517,210XHVG,2026-09-15
D1517,210XHVK,2026-09-15
D1517,211BMXZ,2026-09-18
D1517,211DFDT,2026-09-10
D1517,211PTYC,2026-09-29
D1517,211YDTK,2026-10-01
D1517,211YHKH,2026-09-30
D1517,212GQQY,2026-09-28
D1517,212MBNR,2026-09-28
D1517,212MBPL,2026-09-28
D1517,212RTWS,2026-10-01
D1517,213MYPP,2026-09-23
D1517,213PWML,2026-09-09
D1517,213SLCZ,2026-09-27
D1517,213VGSC,2026-09-30
D1517,213VPHD,2026-09-22
D1517,213VVSW,2026-09-30
D1517,213WLHL,2026-10-01
D1517,213WLHT,2026-10-01
D1517,213WLHX,2026-10-01
D1517,213WLJF,2026-10-01
D1517,213ZPLB,2026-09-17
D1517,213ZSTQ,2026-09-29
D1517,214BTTY,2026-09-18
D1517,214DKNS,2026-09-21
D1517,214DTVK,2026-09-23
D1517,214FTRJ,2026-09-28
D1517,214FWTB,2026-09-22
D1517,214HWBW,2026-09-24
D1517,214KMJZ,2026-09-25
D1517,214LYWF,2026-09-28
D1517,214NFJB,2026-09-29
D1517,214NGTJ,2026-10-01
D1517,214NGTN,2026-10-01
D1517,214PQRT,2026-09-30
D1517,214QVSR,2026-10-01
D1517,214RKMV,2026-10-02
D1517,214SYCL,2026-10-03
D1517,3337143,2026-07-22
D1517,3645328,2026-07-22
D1517,3785525,2026-10-02
D1517,3859083,2026-07-22
D1517,3866539,2026-07-22
D1517,3875585,2026-07-21
D1517,3879391,2026-07-21
D1517,3880407,2026-07-21
D1517,3882970,2026-07-21
D1517,3886053,2026-07-22
D1517,3945695,2026-07-07
D1517,3975982,2026-07-11
D1517,3991789,2026-07-21
D1517,4432580,2026-09-11
D1517,4606237,2026-09-07
D1517,4631394,2026-09-11
D1517,4673809,2026-07-07
D1517,4770239,2026-07-26
D1517,4817781,2026-09-20
D1517,5081536,2026-07-22
D1517,5176378,2026-10-03
D1517,5202649,2026-07-21
D1517,5202974,2026-07-22
D1517,5363724,2026-09-08
D1517,5363729,2026-09-08
D1517,5363937,2026-09-21
D1517,5363949,2026-09-21
D1517,5363982,2026-09-23
D1517,5364056,2026-08-07
D1517,5364146,2026-09-21
D1517,5364158,2026-09-21
D1517,5364160,2026-09-21
D1517,5364220,2026-09-21
D1517,5367764,2026-09-21
D1517,5368174,2026-09-29
D1517,5368799,2026-09-23
D1517,5368954,2026-09-23
D1517,5405433,2026-09-08
D1517,5707857,2026-09-03
D1517,5802968,2026-08-07
D1517,5976114,2026-09-08
D1517,6020947,2026-08-15
D1517,6030812,2026-09-21
D1517,6189118,2026-09-23
D1517,6189119,2026-08-22
D1517,6189146,2026-08-22
D1517,6213187,2026-09-20
D1517,6280195,2026-08-26
D1517,6341862,2026-08-27
D1517,6342000,2026-08-28
D1517,6352413,2026-09-21
D1517,6429057,2026-09-28
D1517,6460527,2026-08-31
D1517,6511084,2026-09-02
D1517,6513064,2026-10-02
D1517,6543920,2026-09-08
D1517,6673315,2026-10-03
D1517,6692434,2026-09-08
D1517,6737769,2026-10-03
D1517,6737782,2026-10-03
D1517,6737799,2026-10-03
D1517,6775371,2026-09-09
D1517,6775951,2026-09-09
D1517,6805544,2026-09-10
D1517,6806024,2026-10-03
D1517,6806030,2026-10-03
D1517,6806036,2026-10-03
D1517,6806042,2026-10-03
D1517,6806051,2026-10-03
D1517,6806052,2026-10-03
D1517,6806054,2026-10-03
D1517,6806055,2026-10-03
D1517,6806056,2026-09-23
D1517,6806092,2026-10-03
D1517,6829136,2026-09-11
D1517,6830752,2026-10-03
D1517,6832122,2026-09-12
D1517,6832562,2026-09-12
D1517,6832580,2026-09-12
D1517,6832582,2026-09-12
D1517,6832604,2026-09-12
D1517,6832663,2026-09-12
D1517,6832666,2026-09-12
D1517,6832738,2026-09-12
D1517,6832746,2026-09-12
D1517,6832754,2026-09-12
D1517,6862781,2026-09-15
D1517,6862972,2026-09-15
D1517,6863065,2026-09-14
D1517,6895419,2026-09-15
D1517,6899958,2026-09-15
D1517,6907933,2026-10-03
D1517,6908800,2026-09-16
D1517,6910701,2026-09-28
D1517,6910775,2026-09-28
D1517,6910841,2026-09-28
D1517,6910856,2026-09-28
D1517,6910860,2026-09-28
D1517,6910867,2026-09-28
D1517,6910893,2026-09-28
D1517,6910934,2026-09-28
D1517,6933597,2026-09-16
D1517,6936634,2026-09-16
D1517,6962698,2026-10-04
D1517,6986753,2026-10-01
D1517,6986757,2026-09-18
D1517,7010724,2026-09-19
D1517,7035384,2026-10-03
D1517,7035421,2026-10-03
D1517,7066716,2026-09-21
D1517,7067075,2026-10-03
D1517,7067076,2026-10-03
D1517,7093785,2026-09-22
D1517,7097683,2026-09-22
D1517,7117401,2026-09-23
D1517,7148782,2026-09-23
D1517,7151444,2026-10-03
D1517,7345706,2026-10-03
D1517,7345761,2026-10-03
D1517,7345831,2026-10-03
D1517,7380827,2026-09-26
D1517,7401793,2026-09-26
D1517,7401938,2026-09-26
D1517,7422544,2026-09-26
D1517,7426027,2026-09-26
D1517,7426528,2026-09-26
D1517,7451949,2026-10-03
D1517,7451952,2026-10-03
D1517,7452804,2026-09-28
D1517,7465137,2026-09-29
D1517,7515088,2026-10-01
D1517,7519176,2026-09-30
D1517,7520116,2026-09-30
D1517,7531964,2026-09-30
D1517,7534324,2026-10-01
D1517,7534634,2026-10-03
D1517,7554330,2026-10-01
D1517,7557630,2026-10-01
D1517,7557654,2026-10-01
D1517,7559241,2026-10-01
D1517,7561528,2026-10-01
D1517,7564880,2026-10-01
D1517,7565277,2026-10-03
D1517,7565278,2026-10-03
D1517,7567066,2026-10-01
D1517,7591145,2026-10-02
D1517,7626385,2026-10-03
D1517,7632311,2026-10-03
D1517,7656365,2026-10-04
E1113,209WCRG,2026-09-28
E1113,211HPTK,2026-09-23
E1113,213MYJT,2026-09-29
E1113,213RVWL,2026-09-26
E1113,213SCTJ,2026-09-11
E1113,213TLDB,2026-09-14
E1113,213TLDQ,2026-09-28
E1113,213TWKZ,2026-10-02
E1113,213TZSG,2026-10-02
E1113,213VSHN,2026-10-02
E1113,213VTFS,2026-09-15
E1113,213VVGG,2026-09-18
E1113,213ZXLF,2026-09-17
E1113,214BHBP,2026-10-01
E1113,214BXFL,2026-10-02
E1113,214DNHM,2026-09-23
E1113,214DQFX,2026-09-21
E1113,214DVGM,2026-09-23
E1113,214FTXW,2026-09-30
E1113,214FVYJ,2026-09-22
E1113,214JDXQ,2026-09-24
E1113,214KQYK,2026-09-25
E1113,214LHGB,2026-09-28
E1113,214SZGV,2026-10-04
E1113,3776728,2026-07-06
E1113,3874704,2026-07-15
E1113,3875022,2026-07-21
E1113,3875783,2026-07-21
E1113,3878531,2026-07-21
E1113,3879330,2026-07-21
E1113,3882274,2026-07-21
E1113,3882474,2026-07-21
E1113,3976491,2026-07-22
E1113,3988120,2026-09-30
E1113,3991846,2026-07-21
E1113,4146311,2026-07-19
E1113,4664121,2026-07-07
E1113,4664138,2026-07-07
E1113,4664227,2026-07-07
E1113,4734739,2026-10-04
E1113,5054009,2026-07-16
E1113,5068040,2026-09-09
E1113,5091145,2026-07-17
E1113,5184942,2026-07-26
E1113,5193251,2026-08-31
E1113,5364273,2026-09-21
E1113,5364565,2026-09-21
E1113,5365397,2026-09-30
E1113,5366051,2026-09-08
E1113,5366233,2026-09-21
E1113,5366237,2026-09-28
E1113,5366436,2026-07-23
E1113,5366484,2026-07-23
E1113,5366495,2026-09-21
E1113,5366634,2026-09-21
E1113,5366947,2026-09-21
E1113,5367249,2026-09-08
E1113,5367426,2026-09-21
E1113,5367547,2026-09-08
E1113,5367983,2026-09-21
E1113,5368147,2026-09-21
E1113,5368151,2026-09-21
E1113,5368206,2026-09-21
E1113,5368539,2026-09-08
E1113,5368807,2026-09-21
E1113,5505107,2026-09-08
E1113,5505155,2026-09-26
E1113,5505279,2026-09-08
E1113,5603817,2026-09-09
E1113,5718071,2026-08-31
E1113,5743474,2026-09-23
E1113,5743528,2026-09-23
E1113,5862449,2026-09-08
E1113,5887592,2026-09-08
E1113,5901903,2026-08-11
E1113,5907461,2026-08-11
E1113,5938467,2026-08-12
E1113,5945433,2026-09-23
E1113,5947605,2026-10-01
E1113,6049467,2026-08-17
E1113,6061617,2026-10-02
E1113,6062575,2026-09-23
E1113,6092765,2026-09-08
E1113,6154925,2026-09-23
E1113,6189213,2026-09-08
E1113,6189257,2026-09-21
E1113,6189342,2026-09-08
E1113,6190304,2026-09-08
E1113,6190313,2026-09-21
E1113,6190381,2026-09-08
E1113,6190446,2026-09-21
E1113,6211787,2026-08-22
E1113,6247106,2026-08-25
E1113,6247138,2026-08-25
E1113,6280936,2026-09-24
E1113,6359134,2026-09-09
E1113,6399991,2026-09-09
E1113,6402859,2026-09-08
E1113,6418556,2026-08-29
E1113,6431235,2026-09-08
E1113,6436284,2026-08-30
E1113,6504849,2026-10-01
E1113,6539129,2026-09-23
E1113,6539993,2026-09-03
E1113,6596625,2026-09-23
E1113,6634355,2026-09-04
E1113,6645742,2026-09-05
E1113,6645764,2026-09-08
E1113,6672905,2026-09-05
E1113,6705994,2026-09-08
E1113,6706050,2026-10-02
E1113,6706240,2026-09-08
E1113,6711091,2026-09-08
E1113,6711324,2026-09-08
E1113,6728254,2026-09-08
E1113,6747947,2026-09-09
E1113,6748224,2026-09-09
E1113,6753177,2026-09-09
E1113,6753232,2026-09-09
E1113,6774662,2026-09-09
E1113,6783330,2026-09-23
E1113,6783515,2026-09-10
E1113,6783531,2026-09-10
E1113,6799750,2026-09-10
E1113,6806368,2026-09-10
E1113,6806915,2026-09-11
E1113,6895134,2026-10-01
E1113,6897532,2026-09-15
E1113,6970768,2026-09-18
E1113,6985918,2026-10-01
E1113,7010423,2026-09-19
E1113,7061080,2026-09-21
E1113,7061403,2026-09-21
E1113,7061503,2026-09-21
E1113,7061985,2026-09-21
E1113,7062009,2026-09-21
E1113,7062162,2026-09-21
E1113,7062602,2026-09-21
E1113,7072751,2026-09-22
E1113,7073135,2026-09-22
E1113,7074656,2026-09-22
E1113,7074693,2026-09-22
E1113,7112194,2026-09-23
E1113,7112407,2026-09-23
E1113,7112437,2026-09-23
E1113,7112606,2026-09-23
E1113,7112652,2026-09-23
E1113,7112701,2026-09-25
E1113,7112722,2026-09-25
E1113,7112810,2026-09-23
E1113,7112850,2026-09-25
E1113,7112878,2026-09-23
E1113,7112968,2026-09-29
E1113,7112986,2026-09-23
E1113,7113019,2026-09-23
E1113,7113059,2026-10-02
E1113,7113357,2026-09-23
E1113,7113499,2026-09-25
E1113,7114318,2026-09-23
E1113,7114366,2026-09-25
E1113,7114441,2026-09-23
E1113,7114598,2026-09-23
E1113,7114609,2026-09-23
E1113,7114613,2026-09-23
E1113,7114700,2026-09-23
E1113,7114818,2026-09-23
E1113,7114885,2026-09-23
E1113,7114916,2026-09-23
E1113,7115184,2026-09-23
E1113,7115261,2026-09-23
E1113,7115340,2026-09-23
E1113,7115414,2026-09-23
E1113,7115854,2026-09-23
E1113,7117386,2026-09-23
E1113,7117613,2026-09-23
E1113,7117630,2026-09-23
E1113,7117640,2026-09-23
E1113,7117788,2026-09-23
E1113,7117837,2026-09-23
E1113,7126020,2026-10-01
E1113,7155440,2026-09-24
E1113,7155472,2026-09-24
E1113,7155490,2026-09-24
E1113,7155577,2026-09-24
E1113,7155716,2026-09-24
E1113,7155717,2026-09-24
E1113,7155732,2026-09-24
E1113,7351700,2026-09-25
E1113,7352341,2026-09-25
E1113,7352345,2026-09-25
E1113,7352399,2026-09-25
E1113,7352414,2026-09-25
E1113,7352440,2026-09-25
E1113,7352472,2026-09-25
E1113,7352762,2026-09-25
E1113,7352786,2026-09-25
E1113,7352824,2026-09-25
E1113,7362986,2026-09-25
E1113,7401788,2026-09-26
E1113,7401862,2026-09-26
E1113,7402901,2026-09-26
E1113,7405335,2026-09-26
E1113,7405511,2026-09-26
E1113,7405522,2026-09-26
E1113,7405568,2026-09-26
E1113,7405658,2026-09-26
E1113,7405723,2026-09-26
E1113,7405830,2026-09-26
E1113,7405848,2026-09-29
E1113,7406098,2026-09-26
E1113,7406105,2026-09-26
E1113,7406132,2026-09-26
E1113,7408219,2026-09-26
E1113,7408238,2026-09-26
E1113,7437456,2026-09-27
E1113,7449144,2026-09-27
E1113,7452298,2026-09-27
E1113,7465203,2026-09-28
E1113,7465238,2026-09-28
E1113,7472506,2026-09-28
E1113,7474693,2026-09-29
E1113,7477603,2026-09-29
E1113,7477990,2026-09-29
E1113,7478009,2026-09-29
E1113,7478122,2026-09-29
E1113,7479841,2026-09-29
E1113,7479989,2026-09-29
E1113,7480000,2026-09-29
E1113,7497753,2026-09-30
E1113,7497813,2026-09-30
E1113,7497935,2026-09-30
E1113,7497984,2026-09-30
E1113,7498015,2026-09-30
E1113,7498091,2026-09-30
E1113,7498099,2026-09-30
E1113,7498145,2026-09-30
E1113,7499946,2026-09-30
E1113,7514214,2026-10-01
E1113,7514364,2026-10-01
E1113,7539734,2026-10-01
E1113,7543682,2026-10-01
E1113,7543696,2026-10-01
E1113,7543787,2026-10-01
E1113,7553111,2026-10-01
E1113,7570689,2026-10-02
E1113,7570698,2026-10-02
E1113,7571707,2026-10-02
E1113,7572342,2026-10-02
E1113,7572592,2026-10-02
E1113,7572970,2026-10-02
E1113,7573004,2026-10-02
E1113,7573029,2026-10-02
E1113,7577184,2026-10-02
E1113,7577217,2026-10-02
E1113,7577264,2026-10-02
E1113,7600464,2026-10-02
E1113,7601223,2026-10-03
E1113,7604103,2026-10-03
E1113,7604143,2026-10-03
E1113,7604333,2026-10-03
E1113,7624379,2026-10-03
E1113,7626272,2026-10-03
E1113,7635902,2026-10-03
E1113,7637462,2026-10-04
K1816,204XMJP,2026-09-11
K1816,211BTLV,2026-09-28
K1816,211RMHS,2026-09-22
K1816,212FWFC,2026-09-28
K1816,212HQZB,2026-09-29
K1816,212TLXX,2026-10-01
K1816,213NMRY,2026-09-24
K1816,213PYHX,2026-09-30
K1816,213XLMC,2026-10-01
K1816,213ZMZX,2026-10-03
K1816,214HGTP,2026-09-28
K1816,214NLNT,2026-09-29
K1816,214QZKD,2026-10-01
K1816,214RDQS,2026-10-02
K1816,214RZFP,2026-10-02
K1816,5659740,2026-10-01
K1816,5989531,2026-09-28
K1816,6140435,2026-10-04
K1816,6424631,2026-09-09
K1816,6664642,2026-10-04
K1816,6988337,2026-09-18
K1816,7096506,2026-09-22
K1816,7133809,2026-09-26
K1816,7153367,2026-09-24
K1816,7430863,2026-10-03
K1816,7553167,2026-10-01
K1816,7557567,2026-10-01
K1816,7626362,2026-10-03
M1720,213NKYJ,2026-10-02
M1720,213PMTJ,2026-09-11
M1720,214BZNJ,2026-09-21
M1720,6730532,2026-09-08
